genome	base	coverage
scaffold_11136	1	0
scaffold_11136	2	1
scaffold_11136	3	5
scaffold_11136	4	5
scaffold_11136	5	4
scaffold_11136	6	4
scaffold_11136	7	0
scaffold_11136	8	0
scaffold_11136	9	0
scaffold_11136	10	0
scaffold_11136	11	0
scaffold_11136	12	0
scaffold_11136	13	0
scaffold_11136	14	0
scaffold_11136	15	0
scaffold_11136	16	0
scaffold_11136	17	0
scaffold_11136	18	0
scaffold_11136	19	0
scaffold_11136	20	0
scaffold_11136	21	0
scaffold_11136	22	0
scaffold_11136	23	0
scaffold_11136	24	0
scaffold_11136	25	0
scaffold_11136	26	0
scaffold_11136	27	0
scaffold_11136	28	0
scaffold_11136	29	0
scaffold_11136	30	0
scaffold_11136	31	0
scaffold_11136	32	0
scaffold_11136	33	0
scaffold_11136	34	0
scaffold_11136	35	0
scaffold_11136	36	0
scaffold_11136	37	0
scaffold_11136	38	0
scaffold_11136	39	0
scaffold_11136	40	0
scaffold_11136	41	1
scaffold_11136	42	1
scaffold_11136	43	0
scaffold_11136	44	0
scaffold_11136	45	0
scaffold_11136	46	0
scaffold_11136	47	0
scaffold_11136	48	0
scaffold_11136	49	0
scaffold_11136	50	0
scaffold_11136	51	0
scaffold_11136	52	0
scaffold_11136	53	0
scaffold_11136	54	0
scaffold_11136	55	0
scaffold_11136	56	0
scaffold_11136	57	0
scaffold_11136	58	1
scaffold_11136	59	1
scaffold_11136	60	1
scaffold_11136	61	1
scaffold_11136	62	1
scaffold_11136	63	1
scaffold_11136	64	1
scaffold_11136	65	0
scaffold_11136	66	0
scaffold_11136	67	0
scaffold_11136	68	0
scaffold_11136	69	0
scaffold_11136	70	0
scaffold_11136	71	0
scaffold_11136	72	0
scaffold_11136	73	0
scaffold_11136	74	0
scaffold_11136	75	1
scaffold_11136	76	1
scaffold_11136	77	1
scaffold_11136	78	0
scaffold_11136	79	0
scaffold_11136	80	0
scaffold_11136	81	0
scaffold_11136	82	0
scaffold_11136	83	1
scaffold_11136	84	1
scaffold_11136	85	1
scaffold_11136	86	0
scaffold_11136	87	1
scaffold_11136	88	2
scaffold_11136	89	2
scaffold_11136	90	1
scaffold_11136	91	0
scaffold_11136	92	0
scaffold_11136	93	1
scaffold_11136	94	1
scaffold_11136	95	1
scaffold_11136	96	0
scaffold_11136	97	0
scaffold_11136	98	0
scaffold_11136	99	0
scaffold_11136	100	0
scaffold_11136	101	0
scaffold_11136	102	0
scaffold_11136	103	0
scaffold_11136	104	0
scaffold_11136	105	0
scaffold_11136	106	1
scaffold_11136	107	1
scaffold_11136	108	1
scaffold_11136	109	1
scaffold_11136	110	1
scaffold_11136	111	1
scaffold_11136	112	0
scaffold_11136	113	0
scaffold_11136	114	0
scaffold_11136	115	0
scaffold_11136	116	0
scaffold_11136	117	0
scaffold_11136	118	0
scaffold_11136	119	0
scaffold_11136	120	0
scaffold_11136	121	0
scaffold_11136	122	0
scaffold_11136	123	0
scaffold_11136	124	0
scaffold_11136	125	0
scaffold_11136	126	0
scaffold_11136	127	0
scaffold_11136	128	0
scaffold_11136	129	0
scaffold_11136	130	1
scaffold_11136	131	1
scaffold_11136	132	0
scaffold_11136	133	0
scaffold_11136	134	0
scaffold_11136	135	0
scaffold_11136	136	0
scaffold_11136	137	0
scaffold_11136	138	0
scaffold_11136	139	0
scaffold_11136	140	0
scaffold_11136	141	0
scaffold_11136	142	0
scaffold_11136	143	1
scaffold_11136	144	11
scaffold_11136	145	13
scaffold_11136	146	13
scaffold_11136	147	12
scaffold_11136	148	11
scaffold_11136	149	12
scaffold_11136	150	13
scaffold_11136	151	2
scaffold_11136	152	1
scaffold_11136	153	1
scaffold_11136	154	0
scaffold_11136	155	0
scaffold_11136	156	0
scaffold_11136	157	0
scaffold_11136	158	0
scaffold_11136	159	0
scaffold_11136	160	0
scaffold_11136	161	0
scaffold_11136	162	0
scaffold_11136	163	0
scaffold_11136	164	0
scaffold_11136	165	0
scaffold_11136	166	0
scaffold_11136	167	0
scaffold_11136	168	0
scaffold_11136	169	0
scaffold_11136	170	0
scaffold_11136	171	0
scaffold_11136	172	0
scaffold_11136	173	0
scaffold_11136	174	0
scaffold_11136	175	0
scaffold_11136	176	0
scaffold_11136	177	0
scaffold_11136	178	0
scaffold_11136	179	0
scaffold_11136	180	0
scaffold_11136	181	0
scaffold_11136	182	0
scaffold_11136	183	0
scaffold_11136	184	0
scaffold_11136	185	0
scaffold_11136	186	0
scaffold_11136	187	0
scaffold_11136	188	1
scaffold_11136	189	1
scaffold_11136	190	0
scaffold_11136	191	0
scaffold_11136	192	0
scaffold_11136	193	0
scaffold_11136	194	0
scaffold_11136	195	0
scaffold_11136	196	0
scaffold_11136	197	0
scaffold_11136	198	1
scaffold_11136	199	4
scaffold_11136	200	4
scaffold_11136	201	2
scaffold_11136	202	0
scaffold_11136	203	0
scaffold_11136	204	0
scaffold_11136	205	0
scaffold_11136	206	0
scaffold_11136	207	0
scaffold_11136	208	0
scaffold_11136	209	0
scaffold_11136	210	1
scaffold_11136	211	1
scaffold_11136	212	0
scaffold_11136	213	0
scaffold_11136	214	0
scaffold_11136	215	0
scaffold_11136	216	0
scaffold_11136	217	3
scaffold_11136	218	3
scaffold_11136	219	3
scaffold_11136	220	3
scaffold_11136	221	0
scaffold_11136	222	0
scaffold_11136	223	0
scaffold_11136	224	0
scaffold_11136	225	0
scaffold_11136	226	0
scaffold_11136	227	0
scaffold_11136	228	0
scaffold_11136	229	0
scaffold_11136	230	0
scaffold_11136	231	0
scaffold_11136	232	0
scaffold_11136	233	0
scaffold_11136	234	0
scaffold_11136	235	0
scaffold_11136	236	0
scaffold_11136	237	35
scaffold_11136	238	47
scaffold_11136	239	47
scaffold_11136	240	46
scaffold_11136	241	46
scaffold_11136	242	2
scaffold_11136	243	1
scaffold_11136	244	2
scaffold_11136	245	2
scaffold_11136	246	1
scaffold_11136	247	0
scaffold_11136	248	0
scaffold_11136	249	0
scaffold_11136	250	0
scaffold_11136	251	0
scaffold_11136	252	0
scaffold_11136	253	0
scaffold_11136	254	0
scaffold_11136	255	0
scaffold_11136	256	0
scaffold_11136	257	0
scaffold_11136	258	0
scaffold_11136	259	0
scaffold_11136	260	0
scaffold_11136	261	0
scaffold_11136	262	0
scaffold_11136	263	0
scaffold_11136	264	0
scaffold_11136	265	0
scaffold_11136	266	0
scaffold_11136	267	0
scaffold_11136	268	0
scaffold_11136	269	0
scaffold_11136	270	2
scaffold_11136	271	3
scaffold_11136	272	3
scaffold_11136	273	1
scaffold_11136	274	0
scaffold_11136	275	0
scaffold_11136	276	0
scaffold_11136	277	0
scaffold_11136	278	0
scaffold_11136	279	0
scaffold_11136	280	0
scaffold_11136	281	0
scaffold_11136	282	1
scaffold_11136	283	1
scaffold_11136	284	1
scaffold_11136	285	1
scaffold_11136	286	1
scaffold_11136	287	1
scaffold_11136	288	0
scaffold_11136	289	0
scaffold_11136	290	0
scaffold_11136	291	1
scaffold_11136	292	1
scaffold_11136	293	2
scaffold_11136	294	1
scaffold_11136	295	1
scaffold_11136	296	1
scaffold_11136	297	0
scaffold_11136	298	0
scaffold_11136	299	0
scaffold_11136	300	0
scaffold_11136	301	0
scaffold_11136	302	0
scaffold_11136	303	0
scaffold_11136	304	0
scaffold_11136	305	0
scaffold_11136	306	0
scaffold_11136	307	0
scaffold_11136	308	1
scaffold_11136	309	1
scaffold_11136	310	1
scaffold_11136	311	1
scaffold_11136	312	0
scaffold_11136	313	0
scaffold_11136	314	1
scaffold_11136	315	1
scaffold_11136	316	1
scaffold_11136	317	0
scaffold_11136	318	0
scaffold_11136	319	0
scaffold_11136	320	0
scaffold_11136	321	0
scaffold_11136	322	0
scaffold_11136	323	0
scaffold_11136	324	0
scaffold_11136	325	1
scaffold_11136	326	1
scaffold_11136	327	1
scaffold_11136	328	0
scaffold_11136	329	0
scaffold_11136	330	0
scaffold_11136	331	0
scaffold_11136	332	0
scaffold_11136	333	0
scaffold_11136	334	0
scaffold_11136	335	0
scaffold_11136	336	0
scaffold_11136	337	0
scaffold_11136	338	0
scaffold_11136	339	0
scaffold_11136	340	0
scaffold_11136	341	0
scaffold_11136	342	0
scaffold_11136	343	0
scaffold_11136	344	0
scaffold_11136	345	0
scaffold_11136	346	0
scaffold_11136	347	0
scaffold_11136	348	0
scaffold_11136	349	0
scaffold_11136	350	0
scaffold_11136	351	0
scaffold_11136	352	0
scaffold_11136	353	0
scaffold_11136	354	0
scaffold_11136	355	0
scaffold_11136	356	0
scaffold_11136	357	0
scaffold_11136	358	0
scaffold_11136	359	0
scaffold_11136	360	0
scaffold_11136	361	0
scaffold_11136	362	0
scaffold_11136	363	0
scaffold_11136	364	0
scaffold_11136	365	0
scaffold_11136	366	0
scaffold_11136	367	0
scaffold_11136	368	0
scaffold_11136	369	1
scaffold_11136	370	1
scaffold_11136	371	1
scaffold_11136	372	0
scaffold_11136	373	0
scaffold_11136	374	0
scaffold_11136	375	0
scaffold_11136	376	0
scaffold_11136	377	0
scaffold_11136	378	0
scaffold_11136	379	0
scaffold_11136	380	0
scaffold_11136	381	0
scaffold_11136	382	0
scaffold_11136	383	0
scaffold_11136	384	0
scaffold_11136	385	0
scaffold_11136	386	0
scaffold_11136	387	0
scaffold_11136	388	0
scaffold_11136	389	0
scaffold_11136	390	0
scaffold_11136	391	0
scaffold_11136	392	5
scaffold_11136	393	5
scaffold_11136	394	5
scaffold_11136	395	3
scaffold_11136	396	3
scaffold_11136	397	3
scaffold_11136	398	3
scaffold_11136	399	3
scaffold_11136	400	0
scaffold_11136	401	0
scaffold_11136	402	1
scaffold_11136	403	1
scaffold_11136	404	1
scaffold_11136	405	0
scaffold_11136	406	0
scaffold_11136	407	0
scaffold_11136	408	0
scaffold_11136	409	0
scaffold_11136	410	0
scaffold_11136	411	0
scaffold_11136	412	0
scaffold_11136	413	0
scaffold_11136	414	0
scaffold_11136	415	0
scaffold_11136	416	0
scaffold_11136	417	0
scaffold_11136	418	0
scaffold_11136	419	0
scaffold_11136	420	0
scaffold_11136	421	0
scaffold_11136	422	0
scaffold_11136	423	0
scaffold_11136	424	0
scaffold_11136	425	0
scaffold_11136	426	0
scaffold_11136	427	0
scaffold_11136	428	0
scaffold_11136	429	0
scaffold_11136	430	0
scaffold_11136	431	0
scaffold_11136	432	0
scaffold_11136	433	0
scaffold_11136	434	0
scaffold_11136	435	0
scaffold_11136	436	0
scaffold_11136	437	1
scaffold_11136	438	1
scaffold_11136	439	0
scaffold_11136	440	0
scaffold_11136	441	0
scaffold_11136	442	0
scaffold_11136	443	0
scaffold_11136	444	1
scaffold_11136	445	1
scaffold_11136	446	0
scaffold_11136	447	0
scaffold_11136	448	0
scaffold_11136	449	0
scaffold_11136	450	0
scaffold_11136	451	0
scaffold_11136	452	0
scaffold_11136	453	0
scaffold_11136	454	0
scaffold_11136	455	0
scaffold_11136	456	0
scaffold_11136	457	0
scaffold_11136	458	0
scaffold_11136	459	0
scaffold_11136	460	0
scaffold_11136	461	0
scaffold_11136	462	1
scaffold_11136	463	1
scaffold_11136	464	1
scaffold_11136	465	1
scaffold_11136	466	1
scaffold_11136	467	0
scaffold_11136	468	0
scaffold_11136	469	0
scaffold_11136	470	0
scaffold_11136	471	0
scaffold_11136	472	0
scaffold_11136	473	0
scaffold_11136	474	5
scaffold_11136	475	5
scaffold_11136	476	16
scaffold_11136	477	16
scaffold_11136	478	9
scaffold_11136	479	7
scaffold_11136	480	0
scaffold_11136	481	0
scaffold_11136	482	0
scaffold_11136	483	0
scaffold_11136	484	0
scaffold_11136	485	0
scaffold_11136	486	0
scaffold_11136	487	0
scaffold_11136	488	0
scaffold_11136	489	0
scaffold_11136	490	0
scaffold_11136	491	0
scaffold_11136	492	0
scaffold_11136	493	0
scaffold_11136	494	0
scaffold_11136	495	0
scaffold_11136	496	1
scaffold_11136	497	1
scaffold_11136	498	1
scaffold_11136	499	1
scaffold_11136	500	0
scaffold_11136	501	1
scaffold_11136	502	1
scaffold_11136	503	1
scaffold_11136	504	0
scaffold_11136	505	0
scaffold_11136	506	0
scaffold_11136	507	0
scaffold_11136	508	0
scaffold_11136	509	0
scaffold_11136	510	1
scaffold_11136	511	1
scaffold_11136	512	1
scaffold_11136	513	6
scaffold_11136	514	6
scaffold_11136	515	6
scaffold_11136	516	6
scaffold_11136	517	0
scaffold_11136	518	0
scaffold_11136	519	0
scaffold_11136	520	0
scaffold_11136	521	0
scaffold_11136	522	0
scaffold_11136	523	0
scaffold_11136	524	0
scaffold_11136	525	0
scaffold_11136	526	1
scaffold_11136	527	6
scaffold_11136	528	6
scaffold_11136	529	6
scaffold_11136	530	6
scaffold_11136	531	1
scaffold_11136	532	0
scaffold_11136	533	0
scaffold_11136	534	0
scaffold_11136	535	0
scaffold_11136	536	0
scaffold_11136	537	0
scaffold_11136	538	0
scaffold_11136	539	0
scaffold_11136	540	0
scaffold_11136	541	0
scaffold_11136	542	0
scaffold_11136	543	0
scaffold_11136	544	0
scaffold_11136	545	0
scaffold_11136	546	1
scaffold_11136	547	1
scaffold_11136	548	0
scaffold_11136	549	0
scaffold_11136	550	0
scaffold_11136	551	0
scaffold_11136	552	0
scaffold_11136	553	0
scaffold_11136	554	0
scaffold_11136	555	0
scaffold_11136	556	0
scaffold_11136	557	0
scaffold_11136	558	0
scaffold_11136	559	0
scaffold_11136	560	0
scaffold_11136	561	0
scaffold_11136	562	0
scaffold_11136	563	0
scaffold_11136	564	0
scaffold_11136	565	0
scaffold_11136	566	0
scaffold_11136	567	0
scaffold_11136	568	0
scaffold_11136	569	0
scaffold_11136	570	0
scaffold_11136	571	0
scaffold_11136	572	0
scaffold_11136	573	0
scaffold_11136	574	0
scaffold_11136	575	0
scaffold_11136	576	0
scaffold_11136	577	0
scaffold_11136	578	0
scaffold_11136	579	0
scaffold_11136	580	0
scaffold_11136	581	1
scaffold_11136	582	1
scaffold_11136	583	1
scaffold_11136	584	0
scaffold_11136	585	0
scaffold_11136	586	0
scaffold_11136	587	0
scaffold_11136	588	0
scaffold_11136	589	0
scaffold_11136	590	0
scaffold_11136	591	0
scaffold_11136	592	0
scaffold_11136	593	0
scaffold_11136	594	0
scaffold_11136	595	0
scaffold_11136	596	0
scaffold_11136	597	1
scaffold_11136	598	1
scaffold_11136	599	1
scaffold_11136	600	0
scaffold_11136	601	0
scaffold_11136	602	0
scaffold_11136	603	0
scaffold_11136	604	0
scaffold_11136	605	0
scaffold_11136	606	0
scaffold_11136	607	0
scaffold_11136	608	0
scaffold_11136	609	0
scaffold_11136	610	0
scaffold_11136	611	0
scaffold_11136	612	0
scaffold_11136	613	0
scaffold_11136	614	0
scaffold_11136	615	0
scaffold_11136	616	1
scaffold_11136	617	1
scaffold_11136	618	1
scaffold_11136	619	1
scaffold_11136	620	1
scaffold_11136	621	0
scaffold_11136	622	0
scaffold_11136	623	0
scaffold_11136	624	1
scaffold_11136	625	1
scaffold_11136	626	0
scaffold_11136	627	0
scaffold_11136	628	0
scaffold_11136	629	0
scaffold_11136	630	0
scaffold_11136	631	0
scaffold_11136	632	0
scaffold_11136	633	1
scaffold_11136	634	1
scaffold_11136	635	1
scaffold_11136	636	0
scaffold_11136	637	0
scaffold_11136	638	0
scaffold_11136	639	0
scaffold_11136	640	3
scaffold_11136	641	4
scaffold_11136	642	6
scaffold_11136	643	3
scaffold_11136	644	2
scaffold_11136	645	2
scaffold_11136	646	2
scaffold_11136	647	2
scaffold_11136	648	0
scaffold_11136	649	0
scaffold_11136	650	0
scaffold_11136	651	0
scaffold_11136	652	1
scaffold_11136	653	2
scaffold_11136	654	2
scaffold_11136	655	1
scaffold_11136	656	0
scaffold_11136	657	1
scaffold_11136	658	1
scaffold_11136	659	1
scaffold_11136	660	1
scaffold_11136	661	1
scaffold_11136	662	1
scaffold_11136	663	0
scaffold_11136	664	0
scaffold_11136	665	0
scaffold_11136	666	0
scaffold_11136	667	0
scaffold_11136	668	0
scaffold_11136	669	0
scaffold_11136	670	0
scaffold_11136	671	0
scaffold_11136	672	0
scaffold_11136	673	0
scaffold_11136	674	0
scaffold_11136	675	0
scaffold_11136	676	0
scaffold_11136	677	1
scaffold_11136	678	2
scaffold_11136	679	2
scaffold_11136	680	2
scaffold_11136	681	1
scaffold_11136	682	1
scaffold_11136	683	0
scaffold_11136	684	4
scaffold_11136	685	4
scaffold_11136	686	4
scaffold_11136	687	4
scaffold_11136	688	1
scaffold_11136	689	1
scaffold_11136	690	7
scaffold_11136	691	7
scaffold_11136	692	4
scaffold_11136	693	4
scaffold_11136	694	0
scaffold_11136	695	0
scaffold_11136	696	0
scaffold_11136	697	0
scaffold_11136	698	0
scaffold_11136	699	0
scaffold_11136	700	0
scaffold_11136	701	0
scaffold_11136	702	0
scaffold_11136	703	0
scaffold_11136	704	1
scaffold_11136	705	1
scaffold_11136	706	1
scaffold_11136	707	1
scaffold_11136	708	1
scaffold_11136	709	1
scaffold_11136	710	1
scaffold_11136	711	3
scaffold_11136	712	3
scaffold_11136	713	3
scaffold_11136	714	3
scaffold_11136	715	3
scaffold_11136	716	3
scaffold_11136	717	0
scaffold_11136	718	0
scaffold_11136	719	0
scaffold_11136	720	0
scaffold_11136	721	0
scaffold_11136	722	0
scaffold_11136	723	0
scaffold_11136	724	0
scaffold_11136	725	0
scaffold_11136	726	0
scaffold_11136	727	0
scaffold_11136	728	0
scaffold_11136	729	0
scaffold_11136	730	0
scaffold_11136	731	0
scaffold_11136	732	0
scaffold_11136	733	0
scaffold_11136	734	0
scaffold_11136	735	0
scaffold_11136	736	0
scaffold_11136	737	0
scaffold_11136	738	0
scaffold_11136	739	1
scaffold_11136	740	1
scaffold_11136	741	1
scaffold_11136	742	1
scaffold_11136	743	0
scaffold_11136	744	0
scaffold_11136	745	0
scaffold_11136	746	0
scaffold_11136	747	0
scaffold_11136	748	0
scaffold_11136	749	0
scaffold_11136	750	0
scaffold_11136	751	0
scaffold_11136	752	0
scaffold_11136	753	0
scaffold_11136	754	0
scaffold_11136	755	0
scaffold_11136	756	0
scaffold_11136	757	0
scaffold_11136	758	0
scaffold_11136	759	0
scaffold_11136	760	0
scaffold_11136	761	0
scaffold_11136	762	0
scaffold_11136	763	0
scaffold_11136	764	0
scaffold_11136	765	0
scaffold_11136	766	1
scaffold_11136	767	2
scaffold_11136	768	4
scaffold_11136	769	4
scaffold_11136	770	1
scaffold_11136	771	1
scaffold_11136	772	2
scaffold_11136	773	2
scaffold_11136	774	2
scaffold_11136	775	1
scaffold_11136	776	1
scaffold_11136	777	1
scaffold_11136	778	2
scaffold_11136	779	2
scaffold_11136	780	2
scaffold_11136	781	2
scaffold_11136	782	2
scaffold_11136	783	2
scaffold_11136	784	5
scaffold_11136	785	5
scaffold_11136	786	5
scaffold_11136	787	5
scaffold_11136	788	0
scaffold_11136	789	0
scaffold_11136	790	0
scaffold_11136	791	0
scaffold_11136	792	0
scaffold_11136	793	0
scaffold_11136	794	0
scaffold_11136	795	0
scaffold_11136	796	0
scaffold_11136	797	0
scaffold_11136	798	0
scaffold_11136	799	0
scaffold_11136	800	0
scaffold_11136	801	0
scaffold_11136	802	0
scaffold_11136	803	0
scaffold_11136	804	0
scaffold_11136	805	0
scaffold_11136	806	0
scaffold_11136	807	0
scaffold_11136	808	0
scaffold_11136	809	0
scaffold_11136	810	0
scaffold_11136	811	0
scaffold_11136	812	0
scaffold_11136	813	0
scaffold_11136	814	0
scaffold_11136	815	0
scaffold_11136	816	0
scaffold_11136	817	0
scaffold_11136	818	0
scaffold_11136	819	0
scaffold_11136	820	0
scaffold_11136	821	0
scaffold_11136	822	0
scaffold_11136	823	2
scaffold_11136	824	3
scaffold_11136	825	3
scaffold_11136	826	2
scaffold_11136	827	0
scaffold_11136	828	0
scaffold_11136	829	0
scaffold_11136	830	0
scaffold_11136	831	0
scaffold_11136	832	0
scaffold_11136	833	0
scaffold_11136	834	1
scaffold_11136	835	1
scaffold_11136	836	1
scaffold_11136	837	2
scaffold_11136	838	2
scaffold_11136	839	2
scaffold_11136	840	0
scaffold_11136	841	0
scaffold_11136	842	0
scaffold_11136	843	0
scaffold_11136	844	0
scaffold_11136	845	0
scaffold_11136	846	0
scaffold_11136	847	0
scaffold_11136	848	0
scaffold_11136	849	0
scaffold_11136	850	1
scaffold_11136	851	1
scaffold_11136	852	0
scaffold_11136	853	0
scaffold_11136	854	0
scaffold_11136	855	0
scaffold_11136	856	0
scaffold_11136	857	0
scaffold_11136	858	0
scaffold_11136	859	0
scaffold_11136	860	0
scaffold_11136	861	2
scaffold_11136	862	2
scaffold_11136	863	1
scaffold_11136	864	0
scaffold_11136	865	8
scaffold_11136	866	8
scaffold_11136	867	8
scaffold_11136	868	8
scaffold_11136	869	8
scaffold_11136	870	8
scaffold_11136	871	12
scaffold_11136	872	5
scaffold_11136	873	2
scaffold_11136	874	2
scaffold_11136	875	0
scaffold_11136	876	0
scaffold_11136	877	0
scaffold_11136	878	0
scaffold_11136	879	0
scaffold_11136	880	0
scaffold_11136	881	0
scaffold_11136	882	0
scaffold_11136	883	1
scaffold_11136	884	1
scaffold_11136	885	1
scaffold_11136	886	0
scaffold_11136	887	0
scaffold_11136	888	0
scaffold_11136	889	0
scaffold_11136	890	0
scaffold_11136	891	0
scaffold_11136	892	0
scaffold_11136	893	0
scaffold_11136	894	0
scaffold_11136	895	0
scaffold_11136	896	0
scaffold_11136	897	5
scaffold_11136	898	5
scaffold_11136	899	5
scaffold_11136	900	5
scaffold_11136	901	5
scaffold_11136	902	5
scaffold_11136	903	5
scaffold_11136	904	0
scaffold_11136	905	59
scaffold_11136	906	59
scaffold_11136	907	58
scaffold_11136	908	56
scaffold_11136	909	54
scaffold_11136	910	0
scaffold_11136	911	0
scaffold_11136	912	0
scaffold_11136	913	0
scaffold_11136	914	0
scaffold_11136	915	0
scaffold_11136	916	0
scaffold_11136	917	0
scaffold_11136	918	0
scaffold_11136	919	0
scaffold_11136	920	0
scaffold_11136	921	1
scaffold_11136	922	1
scaffold_11136	923	1
scaffold_11136	924	1
scaffold_11136	925	0
scaffold_11136	926	0
scaffold_11136	927	0
scaffold_11136	928	0
scaffold_11136	929	0
scaffold_11136	930	0
scaffold_11136	931	0
scaffold_11136	932	0
scaffold_11136	933	0
scaffold_11136	934	0
scaffold_11136	935	0
scaffold_11136	936	0
scaffold_11136	937	1
scaffold_11136	938	2
scaffold_11136	939	2
scaffold_11136	940	1
scaffold_11136	941	2
scaffold_11136	942	2
scaffold_11136	943	2
scaffold_11136	944	2
scaffold_11136	945	3
scaffold_11136	946	3
scaffold_11136	947	2
scaffold_11136	948	2
scaffold_11136	949	2
scaffold_11136	950	0
scaffold_11136	951	0
scaffold_11136	952	3
scaffold_11136	953	3
scaffold_11136	954	2
scaffold_11136	955	1
scaffold_11136	956	1
scaffold_11136	957	1
scaffold_11136	958	1
scaffold_11136	959	0
scaffold_11136	960	0
scaffold_11136	961	0
scaffold_11136	962	0
scaffold_11136	963	0
scaffold_11136	964	0
scaffold_11136	965	0
scaffold_11136	966	0
scaffold_11136	967	0
scaffold_11136	968	0
scaffold_11136	969	0
scaffold_11136	970	0
scaffold_11136	971	0
scaffold_11136	972	1
scaffold_11136	973	1
scaffold_11136	974	0
scaffold_11136	975	0
scaffold_11136	976	0
scaffold_11136	977	0
scaffold_11136	978	0
scaffold_11136	979	2
scaffold_11136	980	3
scaffold_11136	981	1
scaffold_11136	982	1
scaffold_11136	983	1
scaffold_11136	984	0
scaffold_11136	985	0
scaffold_11136	986	0
scaffold_11136	987	0
scaffold_11136	988	0
scaffold_11136	989	0
scaffold_11136	990	0
scaffold_11136	991	0
scaffold_11136	992	0
scaffold_11136	993	0
scaffold_11136	994	0
scaffold_11136	995	0
scaffold_11136	996	0
scaffold_11136	997	0
scaffold_11136	998	0
scaffold_11136	999	0
scaffold_11136	1000	0
scaffold_11136	1001	0
scaffold_11136	1002	0
scaffold_11136	1003	0
scaffold_11136	1004	0
scaffold_11136	1005	0
scaffold_11136	1006	0
scaffold_11136	1007	0
scaffold_11136	1008	0
scaffold_11136	1009	1
scaffold_11136	1010	1
scaffold_11136	1011	1
scaffold_11136	1012	1
scaffold_11136	1013	0
scaffold_11136	1014	0
scaffold_11136	1015	0
scaffold_11136	1016	0
scaffold_11136	1017	0
scaffold_11136	1018	0
scaffold_11136	1019	0
scaffold_11136	1020	0
scaffold_11136	1021	0
scaffold_11136	1022	0
scaffold_11136	1023	0
scaffold_11136	1024	0
scaffold_11136	1025	0
scaffold_11136	1026	0
scaffold_11136	1027	0
scaffold_11136	1028	0
scaffold_11136	1029	0
scaffold_11136	1030	0
scaffold_11136	1031	0
scaffold_11136	1032	0
scaffold_11136	1033	0
scaffold_11136	1034	1
scaffold_11136	1035	1
scaffold_11136	1036	22
scaffold_11136	1037	34
scaffold_11136	1038	34
scaffold_11136	1039	33
scaffold_11136	1040	33
scaffold_11136	1041	2
scaffold_11136	1042	0
scaffold_11136	1043	0
scaffold_11136	1044	0
scaffold_11136	1045	0
scaffold_11136	1046	0
scaffold_11136	1047	0
scaffold_11136	1048	0
scaffold_11136	1049	0
scaffold_11136	1050	1
scaffold_11136	1051	5
scaffold_11136	1052	32
scaffold_11136	1053	33
scaffold_11136	1054	33
scaffold_11136	1055	33
scaffold_11136	1056	34
scaffold_11136	1057	35
scaffold_11136	1058	35
scaffold_11136	1059	0
scaffold_11136	1060	0
scaffold_11136	1061	0
scaffold_11136	1062	0
scaffold_11136	1063	0
scaffold_11136	1064	0
scaffold_11136	1065	0
scaffold_11136	1066	0
scaffold_11136	1067	0
scaffold_11136	1068	0
scaffold_11136	1069	0
scaffold_11136	1070	0
scaffold_11136	1071	0
scaffold_11136	1072	0
scaffold_11136	1073	0
scaffold_11136	1074	0
scaffold_11136	1075	0
scaffold_11136	1076	0
scaffold_11136	1077	0
scaffold_11136	1078	0
scaffold_11136	1079	0
scaffold_11136	1080	0
scaffold_11136	1081	0
scaffold_11136	1082	0
scaffold_11136	1083	0
scaffold_11136	1084	0
scaffold_11136	1085	0
scaffold_11136	1086	14
scaffold_11136	1087	15
scaffold_11136	1088	14
scaffold_11136	1089	13
scaffold_11136	1090	6
scaffold_11136	1091	6
scaffold_11136	1092	6
scaffold_11136	1093	6
scaffold_11136	1094	5
scaffold_11136	1095	0
scaffold_11136	1096	1
scaffold_11136	1097	4
scaffold_11136	1098	4
scaffold_11136	1099	1
scaffold_11136	1100	0
scaffold_11136	1101	0
scaffold_11136	1102	0
scaffold_11136	1103	0
scaffold_11136	1104	0
scaffold_11136	1105	0
scaffold_11136	1106	0
scaffold_11136	1107	0
scaffold_11136	1108	0
scaffold_11136	1109	0
scaffold_11136	1110	0
scaffold_11136	1111	0
scaffold_11136	1112	0
scaffold_11136	1113	0
scaffold_11136	1114	0
scaffold_11136	1115	0
scaffold_11136	1116	0
scaffold_11136	1117	0
scaffold_11136	1118	0
scaffold_11136	1119	0
scaffold_11136	1120	1
scaffold_11136	1121	1
scaffold_11136	1122	1
scaffold_11136	1123	2
scaffold_11136	1124	2
scaffold_11136	1125	2
scaffold_11136	1126	1
scaffold_11136	1127	1
scaffold_11136	1128	1
scaffold_11136	1129	1
scaffold_11136	1130	0
scaffold_11136	1131	0
scaffold_11136	1132	0
scaffold_11136	1133	0
scaffold_11136	1134	0
scaffold_11136	1135	1
scaffold_11136	1136	1
scaffold_11136	1137	1
scaffold_11136	1138	0
scaffold_11136	1139	0
scaffold_11136	1140	0
scaffold_11136	1141	0
scaffold_11136	1142	0
scaffold_11136	1143	0
scaffold_11136	1144	0
scaffold_11136	1145	0
scaffold_11136	1146	0
scaffold_11136	1147	0
scaffold_11136	1148	0
scaffold_11136	1149	0
scaffold_11136	1150	0
scaffold_11136	1151	0
scaffold_11136	1152	0
scaffold_11136	1153	0
scaffold_11136	1154	2
scaffold_11136	1155	2
scaffold_11136	1156	4
scaffold_11136	1157	3
scaffold_11136	1158	3
scaffold_11136	1159	3
scaffold_11136	1160	0
scaffold_11136	1161	0
scaffold_11136	1162	0
scaffold_11136	1163	0
scaffold_11136	1164	3
scaffold_11136	1165	3
scaffold_11136	1166	3
scaffold_11136	1167	3
scaffold_11136	1168	0
scaffold_11136	1169	0
scaffold_11136	1170	0
scaffold_11136	1171	0
scaffold_11136	1172	0
scaffold_11136	1173	1
scaffold_11136	1174	1
scaffold_11136	1175	1
scaffold_11136	1176	0
scaffold_11136	1177	0
scaffold_11136	1178	0
scaffold_11136	1179	0
scaffold_11136	1180	0
scaffold_11136	1181	0
scaffold_11136	1182	0
scaffold_11136	1183	0
scaffold_11136	1184	0
scaffold_11136	1185	0
scaffold_11136	1186	0
scaffold_11136	1187	0
scaffold_11136	1188	0
scaffold_11136	1189	0
scaffold_11136	1190	0
scaffold_11136	1191	0
scaffold_11136	1192	0
scaffold_11136	1193	0
scaffold_11136	1194	0
scaffold_11136	1195	0
scaffold_11136	1196	0
scaffold_11136	1197	0
scaffold_11136	1198	0
scaffold_11136	1199	0
scaffold_11136	1200	0
scaffold_11136	1201	0
scaffold_11136	1202	0
scaffold_11136	1203	0
scaffold_11136	1204	0
scaffold_11136	1205	0
scaffold_11136	1206	0
scaffold_11136	1207	0
scaffold_11136	1208	0
scaffold_11136	1209	1
scaffold_11136	1210	1
scaffold_11136	1211	0
scaffold_11136	1212	0
scaffold_11136	1213	0
scaffold_11136	1214	0
scaffold_11136	1215	0
scaffold_11136	1216	0
scaffold_11136	1217	0
scaffold_11136	1218	2
scaffold_11136	1219	2
scaffold_11136	1220	1
scaffold_11136	1221	1
scaffold_11136	1222	1
scaffold_11136	1223	1
scaffold_11136	1224	1
scaffold_11136	1225	1
scaffold_11136	1226	0
scaffold_11136	1227	0
scaffold_11136	1228	0
scaffold_11136	1229	0
scaffold_11136	1230	0
scaffold_11136	1231	0
scaffold_11136	1232	0
scaffold_11136	1233	0
scaffold_11136	1234	0
scaffold_11136	1235	0
scaffold_11136	1236	0
scaffold_11136	1237	0
scaffold_11136	1238	0
scaffold_11136	1239	0
scaffold_11136	1240	0
scaffold_11136	1241	0
scaffold_11136	1242	0
scaffold_11136	1243	0
scaffold_11136	1244	1
scaffold_11136	1245	1
scaffold_11136	1246	1
scaffold_11136	1247	2
scaffold_11136	1248	3
scaffold_11136	1249	3
scaffold_11136	1250	3
scaffold_11136	1251	3
scaffold_11136	1252	3
scaffold_11136	1253	3
scaffold_11136	1254	2
scaffold_11136	1255	2
scaffold_11136	1256	2
scaffold_11136	1257	2
scaffold_11136	1258	0
scaffold_11136	1259	0
scaffold_11136	1260	0
scaffold_11136	1261	0
scaffold_11136	1262	0
scaffold_11136	1263	0
scaffold_11136	1264	0
scaffold_11136	1265	0
scaffold_11136	1266	0
scaffold_11136	1267	0
scaffold_11136	1268	5
scaffold_11136	1269	15
scaffold_11136	1270	15
scaffold_11136	1271	15
scaffold_11136	1272	10
scaffold_11136	1273	10
scaffold_11136	1274	10
scaffold_11136	1275	10
scaffold_11136	1276	10
scaffold_11136	1277	10
scaffold_11136	1278	10
scaffold_11136	1279	2
scaffold_11136	1280	3
scaffold_11136	1281	3
scaffold_11136	1282	4
scaffold_11136	1283	6
scaffold_11136	1284	6
scaffold_11136	1285	6
scaffold_11136	1286	4
scaffold_11136	1287	4
scaffold_11136	1288	7
scaffold_11136	1289	7
scaffold_11136	1290	5
scaffold_11136	1291	32
scaffold_11136	1292	27
scaffold_11136	1293	27
scaffold_11136	1294	27
scaffold_11136	1295	27
scaffold_11136	1296	27
scaffold_11136	1297	44
scaffold_11136	1298	19
scaffold_11136	1299	17
scaffold_11136	1300	17
scaffold_11136	1301	20
scaffold_11136	1302	20
scaffold_11136	1303	18
scaffold_11136	1304	4
scaffold_11136	1305	1
scaffold_11136	1306	3
scaffold_11136	1307	3
scaffold_11136	1308	0
scaffold_11136	1309	0
scaffold_11136	1310	0
scaffold_11136	1311	0
scaffold_11136	1312	0
scaffold_11136	1313	0
scaffold_11136	1314	0
scaffold_11136	1315	0
scaffold_11136	1316	0
scaffold_11136	1317	0
scaffold_11136	1318	0
scaffold_11136	1319	0
scaffold_11136	1320	0
scaffold_11136	1321	0
scaffold_11136	1322	0
scaffold_11136	1323	0
scaffold_11136	1324	0
scaffold_11136	1325	0
scaffold_11136	1326	0
scaffold_11136	1327	0
scaffold_11136	1328	0
scaffold_11136	1329	0
scaffold_11136	1330	0
scaffold_11136	1331	0
scaffold_11136	1332	0
scaffold_11136	1333	0
scaffold_11136	1334	0
scaffold_11136	1335	0
scaffold_11136	1336	0
scaffold_11136	1337	0
scaffold_11136	1338	0
scaffold_11136	1339	5
scaffold_11136	1340	5
scaffold_11136	1341	5
scaffold_11136	1342	3
scaffold_11136	1343	1
scaffold_11136	1344	1
scaffold_11136	1345	1
scaffold_11136	1346	1
scaffold_11136	1347	1
scaffold_11136	1348	1
scaffold_11136	1349	0
scaffold_11136	1350	0
scaffold_11136	1351	0
scaffold_11136	1352	0
scaffold_11136	1353	0
scaffold_11136	1354	0
scaffold_11136	1355	0
scaffold_11136	1356	0
scaffold_11136	1357	0
scaffold_11136	1358	0
scaffold_11136	1359	4
scaffold_11136	1360	4
scaffold_11136	1361	13
scaffold_11136	1362	19
scaffold_11136	1363	19
scaffold_11136	1364	19
scaffold_11136	1365	19
scaffold_11136	1366	21
scaffold_11136	1367	21
scaffold_11136	1368	21
scaffold_11136	1369	1
scaffold_11136	1370	0
scaffold_11136	1371	0
scaffold_11136	1372	0
scaffold_11136	1373	2
scaffold_11136	1374	2
scaffold_11136	1375	4
scaffold_11136	1376	4
scaffold_11136	1377	3
scaffold_11136	1378	3
scaffold_11136	1379	3
scaffold_11136	1380	0
scaffold_11136	1381	0
scaffold_11136	1382	0
scaffold_11136	1383	0
scaffold_11136	1384	0
scaffold_11136	1385	0
scaffold_11136	1386	0
scaffold_11136	1387	0
scaffold_11136	1388	0
scaffold_11136	1389	0
scaffold_11136	1390	0
scaffold_11136	1391	1
scaffold_11136	1392	1
scaffold_11136	1393	0
scaffold_11136	1394	1
scaffold_11136	1395	2
scaffold_11136	1396	2
scaffold_11136	1397	2
scaffold_11136	1398	1
scaffold_11136	1399	1
scaffold_11136	1400	1
scaffold_11136	1401	0
scaffold_11136	1402	9
scaffold_11136	1403	9
scaffold_11136	1404	13
scaffold_11136	1405	12
scaffold_11136	1406	4
scaffold_11136	1407	4
scaffold_11136	1408	5
scaffold_11136	1409	5
scaffold_11136	1410	6
scaffold_11136	1411	3
scaffold_11136	1412	3
scaffold_11136	1413	3
scaffold_11136	1414	2
scaffold_11136	1415	1
scaffold_11136	1416	15
scaffold_11136	1417	15
scaffold_11136	1418	14
scaffold_11136	1419	15
scaffold_11136	1420	16
scaffold_11136	1421	16
scaffold_11136	1422	16
scaffold_11136	1423	54
scaffold_11136	1424	59
scaffold_11136	1425	60
scaffold_11136	1426	60
scaffold_11136	1427	60
scaffold_11136	1428	14
scaffold_11136	1429	14
scaffold_11136	1430	14
scaffold_11136	1431	14
scaffold_11136	1432	14
scaffold_11136	1433	14
scaffold_11136	1434	14
scaffold_11136	1435	14
scaffold_11136	1436	15
scaffold_11136	1437	16
scaffold_11136	1438	16
scaffold_11136	1439	27
scaffold_11136	1440	26
scaffold_11136	1441	26
scaffold_11136	1442	25
scaffold_11136	1443	25
scaffold_11136	1444	25
scaffold_11136	1445	25
scaffold_11136	1446	15
scaffold_11136	1447	14
scaffold_11136	1448	20
scaffold_11136	1449	20
scaffold_11136	1450	19
scaffold_11136	1451	18
scaffold_11136	1452	14
scaffold_11136	1453	14
scaffold_11136	1454	14
scaffold_11136	1455	14
scaffold_11136	1456	14
scaffold_11136	1457	14
scaffold_11136	1458	14
scaffold_11136	1459	14
scaffold_11136	1460	14
scaffold_11136	1461	14
scaffold_11136	1462	14
scaffold_11136	1463	14
scaffold_11136	1464	14
scaffold_11136	1465	14
scaffold_11136	1466	14
scaffold_11136	1467	14
scaffold_11136	1468	14
scaffold_11136	1469	14
scaffold_11136	1470	14
scaffold_11136	1471	14
scaffold_11136	1472	14
scaffold_11136	1473	14
scaffold_11136	1474	14
scaffold_11136	1475	14
scaffold_11136	1476	14
scaffold_11136	1477	14
scaffold_11136	1478	14
scaffold_11136	1479	14
scaffold_11136	1480	14
scaffold_11136	1481	14
scaffold_11136	1482	14
scaffold_11136	1483	14
scaffold_11136	1484	14
scaffold_11136	1485	14
scaffold_11136	1486	0
scaffold_11136	1487	14
scaffold_11136	1488	14
scaffold_11136	1489	14
scaffold_11136	1490	14
scaffold_11136	1491	14
scaffold_11136	1492	14
scaffold_11136	1493	14
scaffold_11136	1494	21
scaffold_11136	1495	21
scaffold_11136	1496	22
scaffold_11136	1497	23
scaffold_11136	1498	23
scaffold_11136	1499	22
scaffold_11136	1500	20
scaffold_11136	1501	15
scaffold_11136	1502	14
scaffold_11136	1503	14
scaffold_11136	1504	14
scaffold_11136	1505	14
scaffold_11136	1506	15
scaffold_11136	1507	15
scaffold_11136	1508	17
scaffold_11136	1509	29
scaffold_11136	1510	30
scaffold_11136	1511	30
scaffold_11136	1512	28
scaffold_11136	1513	28
scaffold_11136	1514	28
scaffold_11136	1515	28
scaffold_11136	1516	14
scaffold_11136	1517	14
scaffold_11136	1518	14
scaffold_11136	1519	14
scaffold_11136	1520	15
scaffold_11136	1521	15
scaffold_11136	1522	14
scaffold_11136	1523	14
scaffold_11136	1524	14
scaffold_11136	1525	14
scaffold_11136	1526	14
scaffold_11136	1527	14
scaffold_11136	1528	14
scaffold_11136	1529	14
scaffold_11136	1530	14
scaffold_11136	1531	14
scaffold_11136	1532	14
scaffold_11136	1533	14
scaffold_11136	1534	14
scaffold_11136	1535	14
scaffold_11136	1536	14
scaffold_11136	1537	17
scaffold_11136	1538	17
scaffold_11136	1539	17
scaffold_11136	1540	17
scaffold_11136	1541	18
scaffold_11136	1542	21
scaffold_11136	1543	19
scaffold_11136	1544	19
scaffold_11136	1545	18
scaffold_11136	1546	18
scaffold_11136	1547	20
scaffold_11136	1548	18
scaffold_11136	1549	18
scaffold_11136	1550	16
scaffold_11136	1551	15
scaffold_11136	1552	14
scaffold_11136	1553	14
scaffold_11136	1554	14
scaffold_11136	1555	14
scaffold_11136	1556	14
scaffold_11136	1557	14
scaffold_11136	1558	14
scaffold_11136	1559	14
scaffold_11136	1560	14
scaffold_11136	1561	14
scaffold_11136	1562	14
scaffold_11136	1563	0
scaffold_11136	1564	0
scaffold_11136	1565	0
scaffold_11136	1566	0
scaffold_11136	1567	0
scaffold_11136	1568	0
scaffold_11136	1569	0
scaffold_11136	1570	0
scaffold_11136	1571	1
scaffold_11136	1572	8
scaffold_11136	1573	8
scaffold_11136	1574	12
scaffold_11136	1575	22
scaffold_11136	1576	22
scaffold_11136	1577	22
scaffold_11136	1578	20
scaffold_11136	1579	20
scaffold_11136	1580	20
scaffold_11136	1581	20
scaffold_11136	1582	0
scaffold_11136	1583	0
scaffold_11136	1584	0
scaffold_11136	1585	1
scaffold_11136	1586	1
scaffold_11136	1587	1
scaffold_11136	1588	1
scaffold_11136	1589	1
scaffold_11136	1590	1
scaffold_11136	1591	2
scaffold_11136	1592	2
scaffold_11136	1593	1
scaffold_11136	1594	0
scaffold_11136	1595	0
scaffold_11136	1596	0
scaffold_11136	1597	0
scaffold_11136	1598	0
scaffold_11136	1599	0
scaffold_11136	1600	0
scaffold_11136	1601	0
scaffold_11136	1602	1
scaffold_11136	1603	9
scaffold_11136	1604	9
scaffold_11136	1605	9
scaffold_11136	1606	9
scaffold_11136	1607	8
scaffold_11136	1608	8
scaffold_11136	1609	0
scaffold_11136	1610	2
scaffold_11136	1611	2
scaffold_11136	1612	2
scaffold_11136	1613	0
scaffold_11136	1614	0
scaffold_11136	1615	0
scaffold_11136	1616	0
scaffold_11136	1617	0
scaffold_11136	1618	0
scaffold_11136	1619	1
scaffold_11136	1620	1
scaffold_11136	1621	0
scaffold_11136	1622	0
scaffold_11136	1623	0
scaffold_11136	1624	0
scaffold_11136	1625	0
scaffold_11136	1626	1
scaffold_11136	1627	1
scaffold_11136	1628	1
scaffold_11136	1629	1
scaffold_11136	1630	0
scaffold_11136	1631	0
scaffold_11136	1632	0
scaffold_11136	1633	0
scaffold_11136	1634	0
scaffold_11136	1635	0
scaffold_11136	1636	5
scaffold_11136	1637	5
scaffold_11136	1638	6
scaffold_11136	1639	14
scaffold_11136	1640	14
scaffold_11136	1641	11
scaffold_11136	1642	6
scaffold_11136	1643	5
scaffold_11136	1644	5
scaffold_11136	1645	5
scaffold_11136	1646	5
scaffold_11136	1647	5
scaffold_11136	1648	5
scaffold_11136	1649	0
scaffold_11136	1650	0
scaffold_11136	1651	0
scaffold_11136	1652	0
scaffold_11136	1653	0
scaffold_11136	1654	9
scaffold_11136	1655	9
scaffold_11136	1656	8
scaffold_11136	1657	7
scaffold_11136	1658	0
scaffold_11136	1659	0
scaffold_11136	1660	0
scaffold_11136	1661	0
scaffold_11136	1662	0
scaffold_11136	1663	0
scaffold_11136	1664	0
scaffold_11136	1665	0
scaffold_11136	1666	1
scaffold_11136	1667	1
scaffold_11136	1668	1
scaffold_11136	1669	0
scaffold_11136	1670	0
scaffold_11136	1671	0
scaffold_11136	1672	0
scaffold_11136	1673	0
scaffold_11136	1674	0
scaffold_11136	1675	0
scaffold_11136	1676	0
scaffold_11136	1677	0
scaffold_11136	1678	0
scaffold_11136	1679	0
scaffold_11136	1680	0
scaffold_11136	1681	0
scaffold_11136	1682	0
scaffold_11136	1683	0
scaffold_11136	1684	0
scaffold_11136	1685	0
scaffold_11136	1686	1
scaffold_11136	1687	1
scaffold_11136	1688	1
scaffold_11136	1689	5
scaffold_11136	1690	5
scaffold_11136	1691	5
scaffold_11136	1692	5
scaffold_11136	1693	5
scaffold_11136	1694	5
scaffold_11136	1695	0
scaffold_11136	1696	0
scaffold_11136	1697	0
scaffold_11136	1698	0
scaffold_11136	1699	1
scaffold_11136	1700	1
scaffold_11136	1701	1
scaffold_11136	1702	0
scaffold_11136	1703	0
scaffold_11136	1704	0
scaffold_11136	1705	0
scaffold_11136	1706	0
scaffold_11136	1707	0
scaffold_11136	1708	0
scaffold_11136	1709	0
scaffold_11136	1710	0
scaffold_11136	1711	0
scaffold_11136	1712	0
scaffold_11136	1713	0
scaffold_11136	1714	0
scaffold_11136	1715	0
scaffold_11136	1716	1
scaffold_11136	1717	1
scaffold_11136	1718	2
scaffold_11136	1719	2
scaffold_11136	1720	1
scaffold_11136	1721	1
scaffold_11136	1722	1
scaffold_11136	1723	1
scaffold_11136	1724	1
scaffold_11136	1725	0
scaffold_11136	1726	0
scaffold_11136	1727	0
scaffold_11136	1728	0
scaffold_11136	1729	0
scaffold_11136	1730	0
scaffold_11136	1731	0
scaffold_11136	1732	0
scaffold_11136	1733	0
scaffold_11136	1734	0
scaffold_11136	1735	0
scaffold_11136	1736	0
scaffold_11136	1737	0
scaffold_11136	1738	0
scaffold_11136	1739	0
scaffold_11136	1740	0
scaffold_11136	1741	0
scaffold_11136	1742	0
scaffold_11136	1743	0
scaffold_11136	1744	1
scaffold_11136	1745	1
scaffold_11136	1746	0
scaffold_11136	1747	5
scaffold_11136	1748	5
scaffold_11136	1749	5
scaffold_11136	1750	5
scaffold_11136	1751	5
scaffold_11136	1752	5
scaffold_11136	1753	6
scaffold_11136	1754	1
scaffold_11136	1755	0
scaffold_11136	1756	0
scaffold_11136	1757	0
scaffold_11136	1758	0
scaffold_11136	1759	0
scaffold_11136	1760	0
scaffold_11136	1761	0
scaffold_11136	1762	0
scaffold_11136	1763	0
scaffold_11136	1764	0
scaffold_11136	1765	0
scaffold_11136	1766	0
scaffold_11136	1767	0
scaffold_11136	1768	0
scaffold_11136	1769	0
scaffold_11136	1770	0
scaffold_11136	1771	1
scaffold_11136	1772	1
scaffold_11136	1773	0
scaffold_11136	1774	0
scaffold_11136	1775	0
scaffold_11136	1776	0
scaffold_11136	1777	0
scaffold_11136	1778	0
scaffold_11136	1779	0
scaffold_11136	1780	0
scaffold_11136	1781	0
scaffold_11136	1782	0
scaffold_11136	1783	0
scaffold_11136	1784	1
scaffold_11136	1785	1
scaffold_11136	1786	0
scaffold_11136	1787	0
scaffold_11136	1788	0
scaffold_11136	1789	0
scaffold_11136	1790	0
scaffold_11136	1791	0
scaffold_11136	1792	0
scaffold_11136	1793	0
scaffold_11136	1794	0
scaffold_11136	1795	0
scaffold_11136	1796	0
scaffold_11136	1797	8
scaffold_11136	1798	8
scaffold_11136	1799	8
scaffold_11136	1800	8
scaffold_11136	1801	1
scaffold_11136	1802	1
scaffold_11136	1803	0
scaffold_11136	1804	0
scaffold_11136	1805	0
scaffold_11136	1806	1
scaffold_11136	1807	9
scaffold_11136	1808	9
scaffold_11136	1809	9
scaffold_11136	1810	8
scaffold_11136	1811	3
scaffold_11136	1812	3
scaffold_11136	1813	0
scaffold_11136	1814	0
scaffold_11136	1815	0
scaffold_11136	1816	0
scaffold_11136	1817	0
scaffold_11136	1818	0
scaffold_11136	1819	0
scaffold_11136	1820	0
scaffold_11136	1821	0
scaffold_11136	1822	1
scaffold_11136	1823	3
scaffold_11136	1824	3
scaffold_11136	1825	1
scaffold_11136	1826	0
scaffold_11136	1827	0
scaffold_11136	1828	0
scaffold_11136	1829	0
scaffold_11136	1830	0
scaffold_11136	1831	0
scaffold_11136	1832	0
scaffold_11136	1833	0
scaffold_11136	1834	0
scaffold_11136	1835	0
scaffold_11136	1836	0
scaffold_11136	1837	1
scaffold_11136	1838	1
scaffold_11136	1839	0
scaffold_11136	1840	0
scaffold_11136	1841	1
scaffold_11136	1842	1
scaffold_11136	1843	1
scaffold_11136	1844	1
scaffold_11136	1845	1
scaffold_11136	1846	1
scaffold_11136	1847	3
scaffold_11136	1848	16
scaffold_11136	1849	31
scaffold_11136	1850	31
scaffold_11136	1851	31
scaffold_11136	1852	32
scaffold_11136	1853	31
scaffold_11136	1854	31
scaffold_11136	1855	14
scaffold_11136	1856	2
scaffold_11136	1857	0
scaffold_11136	1858	0
scaffold_11136	1859	0
scaffold_11136	1860	0
scaffold_11136	1861	0
scaffold_11136	1862	1
scaffold_11136	1863	1
scaffold_11136	1864	1
scaffold_11136	1865	1
scaffold_11136	1866	1
scaffold_11136	1867	1
scaffold_11136	1868	0
scaffold_11136	1869	0
scaffold_11136	1870	0
scaffold_11136	1871	0
scaffold_11136	1872	0
scaffold_11136	1873	4
scaffold_11136	1874	4
scaffold_11136	1875	4
scaffold_11136	1876	4
scaffold_11136	1877	0
scaffold_11136	1878	0
scaffold_11136	1879	0
scaffold_11136	1880	2
scaffold_11136	1881	2
scaffold_11136	1882	2
scaffold_11136	1883	2
scaffold_11136	1884	1
scaffold_11136	1885	1
scaffold_11136	1886	1
scaffold_11136	1887	1
scaffold_11136	1888	0
scaffold_11136	1889	0
scaffold_11136	1890	0
scaffold_11136	1891	0
scaffold_11136	1892	0
scaffold_11136	1893	0
scaffold_11136	1894	0
scaffold_11136	1895	0
scaffold_11136	1896	0
scaffold_11136	1897	0
scaffold_11136	1898	0
scaffold_11136	1899	0
scaffold_11136	1900	0
scaffold_11136	1901	0
scaffold_11136	1902	0
scaffold_11136	1903	0
scaffold_11136	1904	0
scaffold_11136	1905	0
scaffold_11136	1906	0
scaffold_11136	1907	0
scaffold_11136	1908	0
scaffold_11136	1909	0
scaffold_11136	1910	0
scaffold_11136	1911	0
scaffold_11136	1912	0
scaffold_11136	1913	0
scaffold_11136	1914	0
scaffold_11136	1915	0
scaffold_11136	1916	0
scaffold_11136	1917	0
scaffold_11136	1918	0
scaffold_11136	1919	0
scaffold_11136	1920	0
scaffold_11136	1921	0
scaffold_11136	1922	0
scaffold_11136	1923	1
scaffold_11136	1924	3
scaffold_11136	1925	3
scaffold_11136	1926	0
scaffold_11136	1927	0
scaffold_11136	1928	3
scaffold_11136	1929	3
scaffold_11136	1930	1
scaffold_11136	1931	1
scaffold_11136	1932	1
scaffold_11136	1933	1
scaffold_11136	1934	0
scaffold_11136	1935	1
scaffold_11136	1936	1
scaffold_11136	1937	1
scaffold_11136	1938	1
scaffold_11136	1939	0
scaffold_11136	1940	0
scaffold_11136	1941	0
scaffold_11136	1942	0
scaffold_11136	1943	0
scaffold_11136	1944	0
scaffold_11136	1945	0
scaffold_11136	1946	0
scaffold_11136	1947	0
scaffold_11136	1948	0
scaffold_11136	1949	0
scaffold_11136	1950	0
scaffold_11136	1951	0
scaffold_11136	1952	0
scaffold_11136	1953	0
scaffold_11136	1954	0
scaffold_11136	1955	0
scaffold_11136	1956	0
scaffold_11136	1957	0
scaffold_11136	1958	0
scaffold_11136	1959	0
scaffold_11136	1960	0
scaffold_11136	1961	0
scaffold_11136	1962	0
scaffold_11136	1963	0
scaffold_11136	1964	0
scaffold_11136	1965	0
scaffold_11136	1966	0
scaffold_11136	1967	0
scaffold_11136	1968	0
scaffold_11136	1969	0
scaffold_11136	1970	0
scaffold_11136	1971	0
scaffold_11136	1972	0
scaffold_11136	1973	0
scaffold_11136	1974	0
scaffold_11136	1975	0
scaffold_11136	1976	0
scaffold_11136	1977	1
scaffold_11136	1978	1
scaffold_11136	1979	0
scaffold_11136	1980	0
scaffold_11136	1981	1
scaffold_11136	1982	1
scaffold_11136	1983	1
scaffold_11136	1984	1
scaffold_11136	1985	0
scaffold_11136	1986	0
scaffold_11136	1987	0
scaffold_11136	1988	0
scaffold_11136	1989	0
scaffold_11136	1990	0
scaffold_11136	1991	1
scaffold_11136	1992	1
scaffold_11136	1993	1
scaffold_11136	1994	1
scaffold_11136	1995	1
scaffold_11136	1996	1
scaffold_11136	1997	1
scaffold_11136	1998	0
scaffold_11136	1999	0
scaffold_11136	2000	0
scaffold_11136	2001	0
scaffold_11136	2002	0
scaffold_11136	2003	0
scaffold_11136	2004	1
scaffold_11136	2005	1
scaffold_11136	2006	1
scaffold_11136	2007	0
scaffold_11136	2008	0
scaffold_11136	2009	0
scaffold_11136	2010	0
scaffold_11136	2011	0
scaffold_11136	2012	0
scaffold_11136	2013	0
scaffold_11136	2014	0
scaffold_11136	2015	1
scaffold_11136	2016	1
scaffold_11136	2017	3
scaffold_11136	2018	3
scaffold_11136	2019	0
scaffold_11136	2020	0
scaffold_11136	2021	0
scaffold_11136	2022	0
scaffold_11136	2023	0
scaffold_11136	2024	0
scaffold_11136	2025	0
scaffold_11136	2026	0
scaffold_11136	2027	1
scaffold_11136	2028	1
scaffold_11136	2029	1
scaffold_11136	2030	4
scaffold_11136	2031	7
scaffold_11136	2032	17
scaffold_11136	2033	17
scaffold_11136	2034	11
scaffold_11136	2035	11
scaffold_11136	2036	2
scaffold_11136	2037	2
scaffold_11136	2038	2
scaffold_11136	2039	2
scaffold_11136	2040	1
scaffold_11136	2041	1
scaffold_11136	2042	0
scaffold_11136	2043	0
scaffold_11136	2044	0
scaffold_11136	2045	2
scaffold_11136	2046	56
scaffold_11136	2047	56
scaffold_11136	2048	54
scaffold_11136	2049	54
scaffold_11136	2050	46
scaffold_11136	2051	13
scaffold_11136	2052	9
scaffold_11136	2053	1
scaffold_11136	2054	0
scaffold_11136	2055	0
scaffold_11136	2056	0
scaffold_11136	2057	0
scaffold_11136	2058	0
scaffold_11136	2059	1
scaffold_11136	2060	9
scaffold_11136	2061	9
scaffold_11136	2062	10
scaffold_11136	2063	10
scaffold_11136	2064	1
scaffold_11136	2065	1
scaffold_11136	2066	0
scaffold_11136	2067	0
scaffold_11136	2068	2
scaffold_11136	2069	2
scaffold_11136	2070	1
scaffold_11136	2071	0
scaffold_11136	2072	0
scaffold_11136	2073	0
scaffold_11136	2074	0
scaffold_11136	2075	0
scaffold_11136	2076	0
scaffold_11136	2077	0
scaffold_11136	2078	0
scaffold_11136	2079	0
scaffold_11136	2080	0
scaffold_11136	2081	0
scaffold_11136	2082	0
scaffold_11136	2083	0
scaffold_11136	2084	0
scaffold_11136	2085	0
scaffold_11136	2086	0
scaffold_11136	2087	0
scaffold_11136	2088	0
scaffold_11136	2089	0
scaffold_11136	2090	0
scaffold_11136	2091	0
scaffold_11136	2092	0
scaffold_11136	2093	0
scaffold_11136	2094	0
scaffold_11136	2095	0
scaffold_11136	2096	0
scaffold_11136	2097	0
scaffold_11136	2098	0
scaffold_11136	2099	0
scaffold_11136	2100	0
scaffold_11136	2101	0
scaffold_11136	2102	1
scaffold_11136	2103	1
scaffold_11136	2104	1
scaffold_11136	2105	1
scaffold_11136	2106	1
scaffold_11136	2107	3
scaffold_11136	2108	3
scaffold_11136	2109	2
scaffold_11136	2110	0
scaffold_11136	2111	0
scaffold_11136	2112	0
scaffold_11136	2113	0
scaffold_11136	2114	0
scaffold_11136	2115	0
scaffold_11136	2116	0
scaffold_11136	2117	60
scaffold_11136	2118	60
scaffold_11136	2119	59
scaffold_11136	2120	59
scaffold_11136	2121	52
scaffold_11136	2122	24
scaffold_11136	2123	24
scaffold_11136	2124	19
scaffold_11136	2125	0
scaffold_11136	2126	0
scaffold_11136	2127	0
scaffold_11136	2128	0
scaffold_11136	2129	0
scaffold_11136	2130	4
scaffold_11136	2131	6
scaffold_11136	2132	21
scaffold_11136	2133	21
scaffold_11136	2134	14
scaffold_11136	2135	13
scaffold_11136	2136	1
scaffold_11136	2137	0
scaffold_11136	2138	0
scaffold_11136	2139	0
scaffold_11136	2140	1
scaffold_11136	2141	1
scaffold_11136	2142	1
scaffold_11136	2143	0
scaffold_11136	2144	0
scaffold_11136	2145	0
scaffold_11136	2146	0
scaffold_11136	2147	0
scaffold_11136	2148	0
scaffold_11136	2149	0
scaffold_11136	2150	0
scaffold_11136	2151	0
scaffold_11136	2152	1
scaffold_11136	2153	1
scaffold_11136	2154	1
scaffold_11136	2155	1
scaffold_11136	2156	0
scaffold_11136	2157	1
scaffold_11136	2158	2
scaffold_11136	2159	5
scaffold_11136	2160	5
scaffold_11136	2161	5
scaffold_11136	2162	3
scaffold_11136	2163	0
scaffold_11136	2164	0
scaffold_11136	2165	0
scaffold_11136	2166	0
scaffold_11136	2167	0
scaffold_11136	2168	0
scaffold_11136	2169	0
scaffold_11136	2170	0
scaffold_11136	2171	0
scaffold_11136	2172	0
scaffold_11136	2173	0
scaffold_11136	2174	0
scaffold_11136	2175	0
scaffold_11136	2176	0
scaffold_11136	2177	0
scaffold_11136	2178	0
scaffold_11136	2179	0
scaffold_11136	2180	0
scaffold_11136	2181	1
scaffold_11136	2182	1
scaffold_11136	2183	1
scaffold_11136	2184	1
scaffold_11136	2185	0
scaffold_11136	2186	0
scaffold_11136	2187	2
scaffold_11136	2188	2
scaffold_11136	2189	2
scaffold_11136	2190	2
scaffold_11136	2191	1
scaffold_11136	2192	1
scaffold_11136	2193	0
scaffold_11136	2194	0
scaffold_11136	2195	0
scaffold_11136	2196	0
scaffold_11136	2197	0
scaffold_11136	2198	0
scaffold_11136	2199	1
scaffold_11136	2200	1
scaffold_11136	2201	1
scaffold_11136	2202	1
scaffold_11136	2203	1
scaffold_11136	2204	0
scaffold_11136	2205	1
scaffold_11136	2206	3
scaffold_11136	2207	2
scaffold_11136	2208	2
scaffold_11136	2209	0
scaffold_11136	2210	0
scaffold_11136	2211	0
scaffold_11136	2212	0
scaffold_11136	2213	2
scaffold_11136	2214	32
scaffold_11136	2215	32
scaffold_11136	2216	29
scaffold_11136	2217	28
scaffold_11136	2218	28
scaffold_11136	2219	28
scaffold_11136	2220	28
scaffold_11136	2221	0
scaffold_11136	2222	1
scaffold_11136	2223	3
scaffold_11136	2224	3
scaffold_11136	2225	1
scaffold_11136	2226	0
scaffold_11136	2227	0
scaffold_11136	2228	0
scaffold_11136	2229	0
scaffold_11136	2230	0
scaffold_11136	2231	0
scaffold_11136	2232	0
scaffold_11136	2233	0
scaffold_11136	2234	0
scaffold_11136	2235	0
scaffold_11136	2236	0
scaffold_11136	2237	0
scaffold_11136	2238	0
scaffold_11136	2239	0
scaffold_11136	2240	0
scaffold_11136	2241	0
scaffold_11136	2242	0
scaffold_11136	2243	0
scaffold_11136	2244	0
scaffold_11136	2245	0
scaffold_11136	2246	0
scaffold_11136	2247	0
scaffold_11136	2248	0
scaffold_11136	2249	0
scaffold_11136	2250	0
scaffold_11136	2251	1
scaffold_11136	2252	2
scaffold_11136	2253	1
scaffold_11136	2254	3
scaffold_11136	2255	3
scaffold_11136	2256	3
scaffold_11136	2257	1
scaffold_11136	2258	3
scaffold_11136	2259	3
scaffold_11136	2260	2
scaffold_11136	2261	2
scaffold_11136	2262	2
scaffold_11136	2263	0
scaffold_11136	2264	0
scaffold_11136	2265	0
scaffold_11136	2266	1
scaffold_11136	2267	13
scaffold_11136	2268	14
scaffold_11136	2269	36
scaffold_11136	2270	47
scaffold_11136	2271	47
scaffold_11136	2272	48
scaffold_11136	2273	48
scaffold_11136	2274	1
scaffold_11136	2275	0
scaffold_11136	2276	0
scaffold_11136	2277	0
scaffold_11136	2278	0
scaffold_11136	2279	0
scaffold_11136	2280	0
scaffold_11136	2281	0
scaffold_11136	2282	0
scaffold_11136	2283	0
scaffold_11136	2284	0
scaffold_11136	2285	0
scaffold_11136	2286	0
scaffold_11136	2287	0
scaffold_11136	2288	0
scaffold_11136	2289	0
scaffold_11136	2290	10
scaffold_11136	2291	10
scaffold_11136	2292	9
scaffold_11136	2293	12
scaffold_11136	2294	3
scaffold_11136	2295	1
scaffold_11136	2296	0
scaffold_11136	2297	0
scaffold_11136	2298	7
scaffold_11136	2299	7
scaffold_11136	2300	8
scaffold_11136	2301	8
scaffold_11136	2302	1
scaffold_11136	2303	0
scaffold_11136	2304	0
scaffold_11136	2305	0
scaffold_11136	2306	0
scaffold_11136	2307	0
scaffold_11136	2308	0
scaffold_11136	2309	0
scaffold_11136	2310	0
scaffold_11136	2311	0
scaffold_11136	2312	0
scaffold_11136	2313	0
scaffold_11136	2314	0
scaffold_11136	2315	0
scaffold_11136	2316	78
scaffold_11136	2317	78
scaffold_11136	2318	78
scaffold_11136	2319	78
scaffold_11136	2320	78
scaffold_11136	2321	78
scaffold_11136	2322	77
scaffold_11136	2323	4
scaffold_11136	2324	4
scaffold_11136	2325	1
scaffold_11136	2326	0
scaffold_11136	2327	0
scaffold_11136	2328	0
scaffold_11136	2329	4
scaffold_11136	2330	4
scaffold_11136	2331	3
scaffold_11136	2332	3
scaffold_11136	2333	3
scaffold_11136	2334	0
scaffold_11136	2335	0
scaffold_11136	2336	0
scaffold_11136	2337	0
scaffold_11136	2338	0
scaffold_11136	2339	0
scaffold_11136	2340	1
scaffold_11136	2341	1
scaffold_11136	2342	1
scaffold_11136	2343	1
scaffold_11136	2344	2
scaffold_11136	2345	1
scaffold_11136	2346	1
scaffold_11136	2347	0
scaffold_11136	2348	0
scaffold_11136	2349	0
scaffold_11136	2350	0
scaffold_11136	2351	0
scaffold_11136	2352	0
scaffold_11136	2353	0
scaffold_11136	2354	0
scaffold_11136	2355	0
scaffold_11136	2356	0
scaffold_11136	2357	0
scaffold_11136	2358	0
scaffold_11136	2359	0
scaffold_11136	2360	1
scaffold_11136	2361	22
scaffold_11136	2362	22
scaffold_11136	2363	21
scaffold_11136	2364	21
scaffold_11136	2365	21
scaffold_11136	2366	21
scaffold_11136	2367	21
scaffold_11136	2368	9
scaffold_11136	2369	2
scaffold_11136	2370	0
scaffold_11136	2371	0
scaffold_11136	2372	0
scaffold_11136	2373	3
scaffold_11136	2374	3
scaffold_11136	2375	3
scaffold_11136	2376	4
scaffold_11136	2377	1
scaffold_11136	2378	1
scaffold_11136	2379	14
scaffold_11136	2380	14
scaffold_11136	2381	14
scaffold_11136	2382	12
scaffold_11136	2383	12
scaffold_11136	2384	13
scaffold_11136	2385	13
scaffold_11136	2386	3
scaffold_11136	2387	0
scaffold_11136	2388	0
scaffold_11136	2389	0
scaffold_11136	2390	0
scaffold_11136	2391	2
scaffold_11136	2392	2
scaffold_11136	2393	2
scaffold_11136	2394	1
scaffold_11136	2395	0
scaffold_11136	2396	0
scaffold_11136	2397	1
scaffold_11136	2398	1
scaffold_11136	2399	1
scaffold_11136	2400	1
scaffold_11136	2401	1
scaffold_11136	2402	1
scaffold_11136	2403	1
scaffold_11136	2404	1
scaffold_11136	2405	0
scaffold_11136	2406	0
scaffold_11136	2407	0
scaffold_11136	2408	0
scaffold_11136	2409	0
scaffold_11136	2410	0
scaffold_11136	2411	0
scaffold_11136	2412	35
scaffold_11136	2413	35
scaffold_11136	2414	39
scaffold_11136	2415	38
scaffold_11136	2416	35
scaffold_11136	2417	33
scaffold_11136	2418	33
scaffold_11136	2419	15
scaffold_11136	2420	3
scaffold_11136	2421	0
scaffold_11136	2422	1
scaffold_11136	2423	1
scaffold_11136	2424	1
scaffold_11136	2425	1
scaffold_11136	2426	0
scaffold_11136	2427	0
scaffold_11136	2428	0
scaffold_11136	2429	0
scaffold_11136	2430	0
scaffold_11136	2431	2
scaffold_11136	2432	2
scaffold_11136	2433	0
scaffold_11136	2434	0
scaffold_11136	2435	0
scaffold_11136	2436	0
scaffold_11136	2437	0
scaffold_11136	2438	0
scaffold_11136	2439	0
scaffold_11136	2440	0
scaffold_11136	2441	0
scaffold_11136	2442	8
scaffold_11136	2443	8
scaffold_11136	2444	14
scaffold_11136	2445	14
scaffold_11136	2446	7
scaffold_11136	2447	7
scaffold_11136	2448	1
scaffold_11136	2449	1
scaffold_11136	2450	1
scaffold_11136	2451	0
scaffold_11136	2452	1
scaffold_11136	2453	1
scaffold_11136	2454	1
scaffold_11136	2455	0
scaffold_11136	2456	0
scaffold_11136	2457	0
scaffold_11136	2458	0
scaffold_11136	2459	0
scaffold_11136	2460	1
scaffold_11136	2461	1
scaffold_11136	2462	1
scaffold_11136	2463	1
scaffold_11136	2464	1
scaffold_11136	2465	1
scaffold_11136	2466	1
scaffold_11136	2467	0
scaffold_11136	2468	0
scaffold_11136	2469	0
scaffold_11136	2470	0
scaffold_11136	2471	0
scaffold_11136	2472	47
scaffold_11136	2473	52
scaffold_11136	2474	54
scaffold_11136	2475	56
scaffold_11136	2476	56
scaffold_11136	2477	5
scaffold_11136	2478	0
scaffold_11136	2479	0
scaffold_11136	2480	0
scaffold_11136	2481	0
scaffold_11136	2482	1
scaffold_11136	2483	10
scaffold_11136	2484	10
scaffold_11136	2485	10
scaffold_11136	2486	7
scaffold_11136	2487	2
scaffold_11136	2488	40
scaffold_11136	2489	40
scaffold_11136	2490	39
scaffold_11136	2491	39
scaffold_11136	2492	32
scaffold_11136	2493	9
scaffold_11136	2494	6
scaffold_11136	2495	6
scaffold_11136	2496	6
scaffold_11136	2497	6
scaffold_11136	2498	11
scaffold_11136	2499	12
scaffold_11136	2500	7
scaffold_11136	2501	6
scaffold_11136	2502	5
scaffold_11136	2503	5
scaffold_11136	2504	5
scaffold_11136	2505	0
scaffold_11136	2506	0
scaffold_11136	2507	0
scaffold_11136	2508	7
scaffold_11136	2509	47
scaffold_11136	2510	52
scaffold_11136	2511	52
scaffold_11136	2512	54
scaffold_11136	2513	54
scaffold_11136	2514	1
scaffold_11136	2515	0
scaffold_11136	2516	1
scaffold_11136	2517	1
scaffold_11136	2518	1
scaffold_11136	2519	0
scaffold_11136	2520	0
scaffold_11136	2521	0
scaffold_11136	2522	0
scaffold_11136	2523	0
scaffold_11136	2524	0
scaffold_11136	2525	0
scaffold_11136	2526	0
scaffold_11136	2527	0
scaffold_11136	2528	0
scaffold_11136	2529	2
scaffold_11136	2530	4
scaffold_11136	2531	4
scaffold_11136	2532	0
scaffold_11136	2533	0
scaffold_11136	2534	0
scaffold_11136	2535	0
scaffold_11136	2536	0
scaffold_11136	2537	0
scaffold_11136	2538	0
scaffold_11136	2539	0
scaffold_11136	2540	0
scaffold_11136	2541	0
scaffold_11136	2542	0
scaffold_11136	2543	0
scaffold_11136	2544	0
scaffold_11136	2545	0
scaffold_11136	2546	0
scaffold_11136	2547	0
scaffold_11136	2548	0
scaffold_11136	2549	7
scaffold_11136	2550	7
scaffold_11136	2551	7
scaffold_11136	2552	7
scaffold_11136	2553	0
scaffold_11136	2554	0
scaffold_11136	2555	0
scaffold_11136	2556	0
scaffold_11136	2557	0
scaffold_11136	2558	0
scaffold_11136	2559	0
scaffold_11136	2560	0
scaffold_11136	2561	0
scaffold_11136	2562	0
scaffold_11136	2563	0
scaffold_11136	2564	0
scaffold_11136	2565	0
scaffold_11136	2566	1
scaffold_11136	2567	1
scaffold_11136	2568	6
scaffold_11136	2569	5
scaffold_11136	2570	5
scaffold_11136	2571	5
scaffold_11136	2572	0
scaffold_11136	2573	0
scaffold_11136	2574	0
scaffold_11136	2575	0
scaffold_11136	2576	0
scaffold_11136	2577	0
scaffold_11136	2578	2
scaffold_11136	2579	2
scaffold_11136	2580	2
scaffold_11136	2581	2
scaffold_11136	2582	2
scaffold_11136	2583	2
scaffold_11136	2584	2
scaffold_11136	2585	3
scaffold_11136	2586	1
scaffold_11136	2587	0
scaffold_11136	2588	0
scaffold_11136	2589	0
scaffold_11136	2590	0
scaffold_11136	2591	0
scaffold_11136	2592	0
scaffold_11136	2593	0
scaffold_11136	2594	1
scaffold_11136	2595	3
scaffold_11136	2596	5
scaffold_11136	2597	5
scaffold_11136	2598	7
scaffold_11136	2599	6
scaffold_11136	2600	6
scaffold_11136	2601	4
scaffold_11136	2602	1
scaffold_11136	2603	1
scaffold_11136	2604	0
scaffold_11136	2605	0
scaffold_11136	2606	0
scaffold_11136	2607	0
scaffold_11136	2608	0
scaffold_11136	2609	0
scaffold_11136	2610	0
scaffold_11136	2611	0
scaffold_11136	2612	0
scaffold_11136	2613	0
scaffold_11136	2614	0
scaffold_11136	2615	0
scaffold_11136	2616	0
scaffold_11136	2617	0
scaffold_11136	2618	0
scaffold_11136	2619	0
scaffold_11136	2620	0
scaffold_11136	2621	0
scaffold_11136	2622	0
scaffold_11136	2623	0
scaffold_11136	2624	1
scaffold_11136	2625	1
scaffold_11136	2626	1
scaffold_11136	2627	1
scaffold_11136	2628	2
scaffold_11136	2629	3
scaffold_11136	2630	2
scaffold_11136	2631	2
scaffold_11136	2632	2
scaffold_11136	2633	2
scaffold_11136	2634	0
scaffold_11136	2635	0
scaffold_11136	2636	0
scaffold_11136	2637	0
scaffold_11136	2638	0
scaffold_11136	2639	0
scaffold_11136	2640	0
scaffold_11136	2641	0
scaffold_11136	2642	0
scaffold_11136	2643	1
scaffold_11136	2644	1
scaffold_11136	2645	1
scaffold_11136	2646	1
scaffold_11136	2647	1
scaffold_11136	2648	1
scaffold_11136	2649	0
scaffold_11136	2650	0
scaffold_11136	2651	0
scaffold_11136	2652	0
scaffold_11136	2653	0
scaffold_11136	2654	0
scaffold_11136	2655	0
scaffold_11136	2656	1
scaffold_11136	2657	1
scaffold_11136	2658	1
scaffold_11136	2659	2
scaffold_11136	2660	1
scaffold_11136	2661	1
scaffold_11136	2662	1
scaffold_11136	2663	0
scaffold_11136	2664	0
scaffold_11136	2665	0
scaffold_11136	2666	0
scaffold_11136	2667	0
scaffold_11136	2668	0
scaffold_11136	2669	0
scaffold_11136	2670	0
scaffold_11136	2671	0
scaffold_11136	2672	0
scaffold_11136	2673	0
scaffold_11136	2674	0
scaffold_11136	2675	0
scaffold_11136	2676	0
scaffold_11136	2677	38
scaffold_11136	2678	39
scaffold_11136	2679	39
scaffold_11136	2680	39
scaffold_11136	2681	29
scaffold_11136	2682	0
scaffold_11136	2683	0
scaffold_11136	2684	0
scaffold_11136	2685	0
scaffold_11136	2686	0
scaffold_11136	2687	1
scaffold_11136	2688	1
scaffold_11136	2689	1
scaffold_11136	2690	1
scaffold_11136	2691	1
scaffold_11136	2692	0
scaffold_11136	2693	0
scaffold_11136	2694	0
scaffold_11136	2695	0
scaffold_11136	2696	1
scaffold_11136	2697	1
scaffold_11136	2698	1
scaffold_11136	2699	1
scaffold_11136	2700	0
scaffold_11136	2701	0
scaffold_11136	2702	0
scaffold_11136	2703	0
scaffold_11136	2704	0
scaffold_11136	2705	0
scaffold_11136	2706	2
scaffold_11136	2707	2
scaffold_11136	2708	2
scaffold_11136	2709	2
scaffold_11136	2710	3
scaffold_11136	2711	3
scaffold_11136	2712	3
scaffold_11136	2713	0
scaffold_11136	2714	1
scaffold_11136	2715	1
scaffold_11136	2716	1
scaffold_11136	2717	2
scaffold_11136	2718	4
scaffold_11136	2719	3
scaffold_11136	2720	2
scaffold_11136	2721	6
scaffold_11136	2722	5
scaffold_11136	2723	7
scaffold_11136	2724	7
scaffold_11136	2725	0
scaffold_11136	2726	0
scaffold_11136	2727	0
scaffold_11136	2728	0
scaffold_11136	2729	0
scaffold_11136	2730	0
scaffold_11136	2731	0
scaffold_11136	2732	0
scaffold_11136	2733	0
scaffold_11136	2734	0
scaffold_11136	2735	0
scaffold_11136	2736	0
scaffold_11136	2737	0
scaffold_11136	2738	0
scaffold_11136	2739	0
scaffold_11136	2740	30
scaffold_11136	2741	40
scaffold_11136	2742	40
scaffold_11136	2743	47
scaffold_11136	2744	48
scaffold_11136	2745	64
scaffold_11136	2746	64
scaffold_11136	2747	19
scaffold_11136	2748	17
scaffold_11136	2749	17
scaffold_11136	2750	17
scaffold_11136	2751	17
scaffold_11136	2752	10
scaffold_11136	2753	0
scaffold_11136	2754	1
scaffold_11136	2755	1
scaffold_11136	2756	1
scaffold_11136	2757	5
scaffold_11136	2758	53
scaffold_11136	2759	53
scaffold_11136	2760	50
scaffold_11136	2761	48
scaffold_11136	2762	44
scaffold_11136	2763	0
scaffold_11136	2764	0
scaffold_11136	2765	0
scaffold_11136	2766	0
scaffold_11136	2767	0
scaffold_11136	2768	0
scaffold_11136	2769	0
scaffold_11136	2770	0
scaffold_11136	2771	0
scaffold_11136	2772	0
scaffold_11136	2773	0
scaffold_11136	2774	0
scaffold_11136	2775	0
scaffold_11136	2776	0
scaffold_11136	2777	4
scaffold_11136	2778	5
scaffold_11136	2779	4
scaffold_11136	2780	4
scaffold_11136	2781	1
scaffold_11136	2782	1
scaffold_11136	2783	1
scaffold_11136	2784	1
scaffold_11136	2785	1
scaffold_11136	2786	0
scaffold_11136	2787	0
scaffold_11136	2788	0
scaffold_11136	2789	0
scaffold_11136	2790	0
scaffold_11136	2791	0
scaffold_11136	2792	0
scaffold_11136	2793	0
scaffold_11136	2794	0
scaffold_11136	2795	0
scaffold_11136	2796	0
scaffold_11136	2797	1
scaffold_11136	2798	3
scaffold_11136	2799	3
scaffold_11136	2800	1
scaffold_11136	2801	1
scaffold_11136	2802	0
scaffold_11136	2803	0
scaffold_11136	2804	0
scaffold_11136	2805	0
scaffold_11136	2806	0
scaffold_11136	2807	1
scaffold_11136	2808	1
scaffold_11136	2809	2
scaffold_11136	2810	2
scaffold_11136	2811	0
scaffold_11136	2812	0
scaffold_11136	2813	0
scaffold_11136	2814	0
scaffold_11136	2815	0
scaffold_11136	2816	0
scaffold_11136	2817	0
scaffold_11136	2818	0
scaffold_11136	2819	0
scaffold_11136	2820	0
scaffold_11136	2821	0
scaffold_11136	2822	0
scaffold_11136	2823	3
scaffold_11136	2824	3
scaffold_11136	2825	1
scaffold_11136	2826	0
scaffold_11136	2827	0
scaffold_11136	2828	0
scaffold_11136	2829	1
scaffold_11136	2830	8
scaffold_11136	2831	8
scaffold_11136	2832	5
scaffold_11136	2833	3
scaffold_11136	2834	0
scaffold_11136	2835	0
scaffold_11136	2836	0
scaffold_11136	2837	0
scaffold_11136	2838	0
scaffold_11136	2839	1
scaffold_11136	2840	1
scaffold_11136	2841	0
scaffold_11136	2842	0
scaffold_11136	2843	0
scaffold_11136	2844	0
scaffold_11136	2845	0
scaffold_11136	2846	0
scaffold_11136	2847	0
scaffold_11136	2848	1
scaffold_11136	2849	1
scaffold_11136	2850	1
scaffold_11136	2851	1
scaffold_11136	2852	0
scaffold_11136	2853	0
scaffold_11136	2854	0
scaffold_11136	2855	0
scaffold_11136	2856	0
scaffold_11136	2857	0
scaffold_11136	2858	0
scaffold_11136	2859	0
scaffold_11136	2860	0
scaffold_11136	2861	0
scaffold_11136	2862	0
scaffold_11136	2863	0
scaffold_11136	2864	0
scaffold_11136	2865	0
scaffold_11136	2866	0
scaffold_11136	2867	0
scaffold_11136	2868	0
scaffold_11136	2869	0
scaffold_11136	2870	0
scaffold_11136	2871	0
scaffold_11136	2872	0
scaffold_11136	2873	0
scaffold_11136	2874	0
scaffold_11136	2875	0
scaffold_11136	2876	0
scaffold_11136	2877	1
scaffold_11136	2878	2
scaffold_11136	2879	2
scaffold_11136	2880	2
scaffold_11136	2881	3
scaffold_11136	2882	2
scaffold_11136	2883	2
scaffold_11136	2884	18
scaffold_11136	2885	16
scaffold_11136	2886	16
scaffold_11136	2887	22
scaffold_11136	2888	22
scaffold_11136	2889	25
scaffold_11136	2890	24
scaffold_11136	2891	2
scaffold_11136	2892	2
scaffold_11136	2893	3
scaffold_11136	2894	4
scaffold_11136	2895	1
scaffold_11136	2896	0
scaffold_11136	2897	0
scaffold_11136	2898	0
scaffold_11136	2899	0
scaffold_11136	2900	0
scaffold_11136	2901	0
scaffold_11136	2902	0
scaffold_11136	2903	0
scaffold_11136	2904	0
scaffold_11136	2905	0
scaffold_11136	2906	0
scaffold_11136	2907	0
scaffold_11136	2908	0
scaffold_11136	2909	0
scaffold_11136	2910	0
scaffold_11136	2911	0
scaffold_11136	2912	0
scaffold_11136	2913	0
scaffold_11136	2914	0
scaffold_11136	2915	0
scaffold_11136	2916	0
scaffold_11136	2917	0
scaffold_11136	2918	0
scaffold_11136	2919	2
scaffold_11136	2920	2
scaffold_11136	2921	2
scaffold_11136	2922	2
scaffold_11136	2923	1
scaffold_11136	2924	1
scaffold_11136	2925	0
scaffold_11136	2926	1
scaffold_11136	2927	1
scaffold_11136	2928	1
scaffold_11136	2929	1
scaffold_11136	2930	1
scaffold_11136	2931	0
scaffold_11136	2932	0
scaffold_11136	2933	0
scaffold_11136	2934	0
scaffold_11136	2935	0
scaffold_11136	2936	0
scaffold_11136	2937	0
scaffold_11136	2938	0
scaffold_11136	2939	0
scaffold_11136	2940	1
scaffold_11136	2941	1
scaffold_11136	2942	0
scaffold_11136	2943	0
scaffold_11136	2944	0
scaffold_11136	2945	0
scaffold_11136	2946	0
scaffold_11136	2947	0
scaffold_11136	2948	0
scaffold_11136	2949	0
scaffold_11136	2950	0
scaffold_11136	2951	0
scaffold_11136	2952	0
scaffold_11136	2953	0
scaffold_11136	2954	0
scaffold_11136	2955	0
scaffold_11136	2956	0
scaffold_11136	2957	0
scaffold_11136	2958	0
scaffold_11136	2959	0
scaffold_11136	2960	0
scaffold_11136	2961	1
scaffold_11136	2962	1
scaffold_11136	2963	0
scaffold_11136	2964	1
scaffold_11136	2965	1
scaffold_11136	2966	1
scaffold_11136	2967	1
scaffold_11136	2968	0
scaffold_11136	2969	0
scaffold_11136	2970	0
scaffold_11136	2971	0
scaffold_11136	2972	0
scaffold_11136	2973	0
scaffold_11136	2974	0
scaffold_11136	2975	0
scaffold_11136	2976	0
scaffold_11136	2977	0
scaffold_11136	2978	0
scaffold_11136	2979	0
scaffold_11136	2980	0
scaffold_11136	2981	0
scaffold_11136	2982	0
scaffold_11136	2983	0
scaffold_11136	2984	0
scaffold_11136	2985	0
scaffold_11136	2986	0
scaffold_11136	2987	0
scaffold_11136	2988	0
scaffold_11136	2989	0
scaffold_11136	2990	0
scaffold_11136	2991	0
scaffold_11136	2992	0
scaffold_11136	2993	0
scaffold_11136	2994	0
scaffold_11136	2995	0
scaffold_11136	2996	0
scaffold_11136	2997	0
scaffold_11136	2998	0
scaffold_11136	2999	0
scaffold_11136	3000	0
scaffold_11136	3001	0
scaffold_11136	3002	0
scaffold_11136	3003	0
scaffold_11136	3004	0
scaffold_11136	3005	0
scaffold_11136	3006	0
scaffold_11136	3007	0
scaffold_11136	3008	0
scaffold_11136	3009	0
scaffold_11136	3010	0
scaffold_11136	3011	0
scaffold_11136	3012	0
scaffold_11136	3013	0
scaffold_11136	3014	0
scaffold_11136	3015	0
scaffold_11136	3016	0
scaffold_11136	3017	0
scaffold_11136	3018	0
scaffold_11136	3019	0
scaffold_11136	3020	0
scaffold_11136	3021	0
scaffold_11136	3022	0
scaffold_11136	3023	0
scaffold_11136	3024	0
scaffold_11136	3025	0
scaffold_11136	3026	0
scaffold_11136	3027	0
scaffold_11136	3028	0
scaffold_11136	3029	0
scaffold_11136	3030	0
scaffold_11136	3031	0
scaffold_11136	3032	1
scaffold_11136	3033	1
scaffold_11136	3034	1
scaffold_11136	3035	0
scaffold_11136	3036	0
scaffold_11136	3037	0
scaffold_11136	3038	0
scaffold_11136	3039	0
scaffold_11136	3040	0
scaffold_11136	3041	0
scaffold_11136	3042	0
scaffold_11136	3043	0
scaffold_11136	3044	0
scaffold_11136	3045	0
scaffold_11136	3046	0
scaffold_11136	3047	0
scaffold_11136	3048	0
scaffold_11136	3049	0
scaffold_11136	3050	0
scaffold_11136	3051	0
scaffold_11136	3052	0
scaffold_11136	3053	0
scaffold_11136	3054	0
scaffold_11136	3055	0
scaffold_11136	3056	0
scaffold_11136	3057	0
scaffold_11136	3058	0
scaffold_11136	3059	0
scaffold_11136	3060	0
scaffold_11136	3061	0
scaffold_11136	3062	0
scaffold_11136	3063	0
scaffold_11136	3064	0
scaffold_11136	3065	0
scaffold_11136	3066	0
scaffold_11136	3067	0
scaffold_11136	3068	0
scaffold_11136	3069	0
scaffold_11136	3070	0
scaffold_11136	3071	0
scaffold_11136	3072	0
scaffold_11136	3073	0
scaffold_11136	3074	0
scaffold_11136	3075	0
scaffold_11136	3076	0
scaffold_11136	3077	0
scaffold_11136	3078	0
scaffold_11136	3079	0
scaffold_11136	3080	0
scaffold_11136	3081	0
scaffold_11136	3082	0
scaffold_11136	3083	0
scaffold_11136	3084	0
scaffold_11136	3085	0
scaffold_11136	3086	0
scaffold_11136	3087	0
scaffold_11136	3088	0
scaffold_11136	3089	0
scaffold_11136	3090	0
scaffold_11136	3091	0
scaffold_11136	3092	0
scaffold_11136	3093	0
scaffold_11136	3094	0
scaffold_11136	3095	0
scaffold_11136	3096	0
scaffold_11136	3097	1
scaffold_11136	3098	1
scaffold_11136	3099	1
scaffold_11136	3100	2
scaffold_11136	3101	2
scaffold_11136	3102	1
scaffold_11136	3103	1
scaffold_11136	3104	1
scaffold_11136	3105	1
scaffold_11136	3106	11
scaffold_11136	3107	10
scaffold_11136	3108	9
scaffold_11136	3109	7
scaffold_11136	3110	0
scaffold_11136	3111	0
scaffold_11136	3112	0
scaffold_11136	3113	0
scaffold_11136	3114	0
scaffold_11136	3115	0
scaffold_11136	3116	0
scaffold_11136	3117	0
scaffold_11136	3118	0
scaffold_11136	3119	0
scaffold_11136	3120	3
scaffold_11136	3121	14
scaffold_11136	3122	70
scaffold_11136	3123	103
scaffold_11136	3124	110
scaffold_11136	3125	110
scaffold_11136	3126	109
scaffold_11136	3127	109
scaffold_11136	3128	4
scaffold_11136	3129	0
scaffold_11136	3130	0
scaffold_11136	3131	0
scaffold_11136	3132	0
scaffold_11136	3133	0
scaffold_11136	3134	0
scaffold_11136	3135	0
scaffold_11136	3136	0
scaffold_11136	3137	0
scaffold_11136	3138	0
scaffold_11136	3139	0
scaffold_11136	3140	0
scaffold_11136	3141	0
scaffold_11136	3142	0
scaffold_11136	3143	0
scaffold_11136	3144	3
scaffold_11136	3145	3
scaffold_11136	3146	4
scaffold_11136	3147	4
scaffold_11136	3148	4
scaffold_11136	3149	4
scaffold_11136	3150	0
scaffold_11136	3151	0
scaffold_11136	3152	0
scaffold_11136	3153	0
scaffold_11136	3154	0
scaffold_11136	3155	0
scaffold_11136	3156	0
scaffold_11136	3157	0
scaffold_11136	3158	0
scaffold_11136	3159	0
scaffold_11136	3160	0
scaffold_11136	3161	0
scaffold_11136	3162	0
scaffold_11136	3163	0
scaffold_11136	3164	0
scaffold_11136	3165	0
scaffold_11136	3166	0
scaffold_11136	3167	0
scaffold_11136	3168	0
scaffold_11136	3169	0
scaffold_11136	3170	0
scaffold_11136	3171	0
scaffold_11136	3172	0
scaffold_11136	3173	0
scaffold_11136	3174	6
scaffold_11136	3175	6
scaffold_11136	3176	6
scaffold_11136	3177	6
scaffold_11136	3178	4
scaffold_11136	3179	4
scaffold_11136	3180	0
scaffold_11136	3181	0
scaffold_11136	3182	0
scaffold_11136	3183	0
scaffold_11136	3184	0
scaffold_11136	3185	0
scaffold_11136	3186	0
scaffold_11136	3187	0
scaffold_11136	3188	0
scaffold_11136	3189	0
scaffold_11136	3190	0
scaffold_11136	3191	0
scaffold_11136	3192	0
scaffold_11136	3193	0
scaffold_11136	3194	0
scaffold_11136	3195	17
scaffold_11136	3196	17
scaffold_11136	3197	17
scaffold_11136	3198	18
scaffold_11136	3199	20
scaffold_11136	3200	20
scaffold_11136	3201	18
scaffold_11136	3202	4
scaffold_11136	3203	1
scaffold_11136	3204	1
scaffold_11136	3205	0
scaffold_11136	3206	6
scaffold_11136	3207	6
scaffold_11136	3208	7
scaffold_11136	3209	8
scaffold_11136	3210	8
scaffold_11136	3211	6
scaffold_11136	3212	2
scaffold_11136	3213	2
scaffold_11136	3214	2
scaffold_11136	3215	2
scaffold_11136	3216	2
scaffold_11136	3217	2
scaffold_11136	3218	0
scaffold_11136	3219	0
scaffold_11136	3220	2
scaffold_11136	3221	2
scaffold_11136	3222	2
scaffold_11136	3223	2
scaffold_11136	3224	37
scaffold_11136	3225	37
scaffold_11136	3226	41
scaffold_11136	3227	41
scaffold_11136	3228	37
scaffold_11136	3229	38
scaffold_11136	3230	38
scaffold_11136	3231	10
scaffold_11136	3232	8
scaffold_11136	3233	0
scaffold_11136	3234	0
scaffold_11136	3235	0
scaffold_11136	3236	0
scaffold_11136	3237	0
scaffold_11136	3238	0
scaffold_11136	3239	0
scaffold_11136	3240	0
scaffold_11136	3241	0
scaffold_11136	3242	3
scaffold_11136	3243	3
scaffold_11136	3244	3
scaffold_11136	3245	3
scaffold_11136	3246	3
scaffold_11136	3247	3
scaffold_11136	3248	3
scaffold_11136	3249	3
scaffold_11136	3250	0
scaffold_11136	3251	0
scaffold_11136	3252	0
scaffold_11136	3253	0
scaffold_11136	3254	0
scaffold_11136	3255	0
scaffold_11136	3256	0
scaffold_11136	3257	0
scaffold_11136	3258	0
scaffold_11136	3259	0
scaffold_11136	3260	0
scaffold_11136	3261	0
scaffold_11136	3262	0
scaffold_11136	3263	0
scaffold_11136	3264	0
scaffold_11136	3265	22
scaffold_11136	3266	28
scaffold_11136	3267	28
scaffold_11136	3268	28
scaffold_11136	3269	28
scaffold_11136	3270	0
scaffold_11136	3271	2
scaffold_11136	3272	2
scaffold_11136	3273	13
scaffold_11136	3274	13
scaffold_11136	3275	13
scaffold_11136	3276	13
scaffold_11136	3277	8
scaffold_11136	3278	8
scaffold_11136	3279	0
scaffold_11136	3280	0
scaffold_11136	3281	0
scaffold_11136	3282	0
scaffold_11136	3283	0
scaffold_11136	3284	0
scaffold_11136	3285	0
scaffold_11136	3286	0
scaffold_11136	3287	0
scaffold_11136	3288	0
scaffold_11136	3289	0
scaffold_11136	3290	0
scaffold_11136	3291	0
scaffold_11136	3292	0
scaffold_11136	3293	0
scaffold_11136	3294	0
scaffold_11136	3295	0
scaffold_11136	3296	0
scaffold_11136	3297	0
scaffold_11136	3298	0
scaffold_11136	3299	0
scaffold_11136	3300	0
scaffold_11136	3301	0
scaffold_11136	3302	0
scaffold_11136	3303	0
scaffold_11136	3304	0
scaffold_11136	3305	2
scaffold_11136	3306	2
scaffold_11136	3307	1
scaffold_11136	3308	0
scaffold_11136	3309	0
scaffold_11136	3310	0
scaffold_11136	3311	0
scaffold_11136	3312	0
scaffold_11136	3313	0
scaffold_11136	3314	0
scaffold_11136	3315	0
scaffold_11136	3316	0
scaffold_11136	3317	0
scaffold_11136	3318	0
scaffold_11136	3319	2
scaffold_11136	3320	2
scaffold_11136	3321	2
scaffold_11136	3322	0
scaffold_11136	3323	1
scaffold_11136	3324	1
scaffold_11136	3325	1
scaffold_11136	3326	0
scaffold_11136	3327	1
scaffold_11136	3328	1
scaffold_11136	3329	1
scaffold_11136	3330	5
scaffold_11136	3331	4
scaffold_11136	3332	4
scaffold_11136	3333	4
scaffold_11136	3334	0
scaffold_11136	3335	0
scaffold_11136	3336	0
scaffold_11136	3337	0
scaffold_11136	3338	0
scaffold_11136	3339	1
scaffold_11136	3340	1
scaffold_11136	3341	1
scaffold_11136	3342	0
scaffold_11136	3343	0
scaffold_11136	3344	0
scaffold_11136	3345	0
scaffold_11136	3346	0
scaffold_11136	3347	0
scaffold_11136	3348	0
scaffold_11136	3349	0
scaffold_11136	3350	0
scaffold_11136	3351	0
scaffold_11136	3352	0
scaffold_11136	3353	0
scaffold_11136	3354	0
scaffold_11136	3355	0
scaffold_11136	3356	0
scaffold_11136	3357	0
scaffold_11136	3358	0
scaffold_11136	3359	0
scaffold_11136	3360	0
scaffold_11136	3361	2
scaffold_11136	3362	2
scaffold_11136	3363	2
scaffold_11136	3364	2
scaffold_11136	3365	2
scaffold_11136	3366	2
scaffold_11136	3367	0
scaffold_11136	3368	0
scaffold_11136	3369	0
scaffold_11136	3370	0
scaffold_11136	3371	0
scaffold_11136	3372	0
scaffold_11136	3373	0
scaffold_11136	3374	0
scaffold_11136	3375	0
scaffold_11136	3376	0
scaffold_11136	3377	0
scaffold_11136	3378	0
scaffold_11136	3379	0
scaffold_11136	3380	0
scaffold_11136	3381	0
scaffold_11136	3382	0
scaffold_11136	3383	1
scaffold_11136	3384	2
scaffold_11136	3385	8
scaffold_11136	3386	8
scaffold_11136	3387	6
scaffold_11136	3388	5
scaffold_11136	3389	0
scaffold_11136	3390	0
scaffold_11136	3391	3
scaffold_11136	3392	3
scaffold_11136	3393	3
scaffold_11136	3394	3
scaffold_11136	3395	2
scaffold_11136	3396	2
scaffold_11136	3397	2
scaffold_11136	3398	1
scaffold_11136	3399	1
scaffold_11136	3400	1
scaffold_11136	3401	1
scaffold_11136	3402	0
scaffold_11136	3403	0
scaffold_11136	3404	0
scaffold_11136	3405	0
scaffold_11136	3406	0
scaffold_11136	3407	0
scaffold_11136	3408	0
scaffold_11136	3409	0
scaffold_11136	3410	0
scaffold_11136	3411	0
scaffold_11136	3412	0
scaffold_11136	3413	0
scaffold_11136	3414	0
scaffold_11136	3415	0
scaffold_11136	3416	0
scaffold_11136	3417	0
scaffold_11136	3418	0
scaffold_11136	3419	0
scaffold_11136	3420	0
scaffold_11136	3421	0
scaffold_11136	3422	0
scaffold_11136	3423	1
scaffold_11136	3424	1
scaffold_11136	3425	38
scaffold_11136	3426	41
scaffold_11136	3427	43
scaffold_11136	3428	44
scaffold_11136	3429	44
scaffold_11136	3430	4
scaffold_11136	3431	0
scaffold_11136	3432	0
scaffold_11136	3433	0
scaffold_11136	3434	0
scaffold_11136	3435	0
scaffold_11136	3436	0
scaffold_11136	3437	0
scaffold_11136	3438	0
scaffold_11136	3439	0
scaffold_11136	3440	0
scaffold_11136	3441	0
scaffold_11136	3442	0
scaffold_11136	3443	0
scaffold_11136	3444	0
scaffold_11136	3445	0
scaffold_11136	3446	0
scaffold_11136	3447	3
scaffold_11136	3448	3
scaffold_11136	3449	1
scaffold_11136	3450	0
scaffold_11136	3451	0
scaffold_11136	3452	0
scaffold_11136	3453	0
scaffold_11136	3454	0
scaffold_11136	3455	0
scaffold_11136	3456	0
scaffold_11136	3457	0
scaffold_11136	3458	0
scaffold_11136	3459	1
scaffold_11136	3460	1
scaffold_11136	3461	1
scaffold_11136	3462	1
scaffold_11136	3463	1
scaffold_11136	3464	1
scaffold_11136	3465	0
scaffold_11136	3466	0
scaffold_11136	3467	0
scaffold_11136	3468	0
scaffold_11136	3469	0
scaffold_11136	3470	0
scaffold_11136	3471	0
scaffold_11136	3472	0
scaffold_11136	3473	0
scaffold_11136	3474	0
scaffold_11136	3475	0
scaffold_11136	3476	0
scaffold_11136	3477	0
scaffold_11136	3478	0
scaffold_11136	3479	0
scaffold_11136	3480	0
scaffold_11136	3481	0
scaffold_11136	3482	0
scaffold_11136	3483	0
scaffold_11136	3484	0
scaffold_11136	3485	1
scaffold_11136	3486	1
scaffold_11136	3487	1
scaffold_11136	3488	1
scaffold_11136	3489	0
scaffold_11136	3490	0
scaffold_11136	3491	0
scaffold_11136	3492	0
scaffold_11136	3493	0
scaffold_11136	3494	0
scaffold_11136	3495	0
scaffold_11136	3496	0
scaffold_11136	3497	0
scaffold_11136	3498	0
scaffold_11136	3499	1
scaffold_11136	3500	1
scaffold_11136	3501	2
scaffold_11136	3502	2
scaffold_11136	3503	1
scaffold_11136	3504	1
scaffold_11136	3505	0
scaffold_11136	3506	0
scaffold_11136	3507	0
scaffold_11136	3508	0
scaffold_11136	3509	0
scaffold_11136	3510	0
scaffold_11136	3511	0
scaffold_11136	3512	1
scaffold_11136	3513	2
scaffold_11136	3514	3
scaffold_11136	3515	3
scaffold_11136	3516	1
scaffold_11136	3517	0
scaffold_11136	3518	0
scaffold_11136	3519	0
scaffold_11136	3520	0
scaffold_11136	3521	0
scaffold_11136	3522	0
scaffold_11136	3523	1
scaffold_11136	3524	12
scaffold_11136	3525	14
scaffold_11136	3526	20
scaffold_11136	3527	20
scaffold_11136	3528	17
scaffold_11136	3529	14
scaffold_11136	3530	0
scaffold_11136	3531	0
scaffold_11136	3532	0
scaffold_11136	3533	0
scaffold_11136	3534	0
scaffold_11136	3535	0
scaffold_11136	3536	0
scaffold_11136	3537	0
scaffold_11136	3538	0
scaffold_11136	3539	0
scaffold_11136	3540	0
scaffold_11136	3541	0
scaffold_11136	3542	0
scaffold_11136	3543	0
scaffold_11136	3544	2
scaffold_11136	3545	2
scaffold_11136	3546	3
scaffold_11136	3547	1
scaffold_11136	3548	1
scaffold_11136	3549	0
scaffold_11136	3550	0
scaffold_11136	3551	0
scaffold_11136	3552	0
scaffold_11136	3553	0
scaffold_11136	3554	0
scaffold_11136	3555	0
scaffold_11136	3556	0
scaffold_11136	3557	1
scaffold_11136	3558	1
scaffold_11136	3559	6
scaffold_11136	3560	5
scaffold_11136	3561	7
scaffold_11136	3562	20
scaffold_11136	3563	77
scaffold_11136	3564	111
scaffold_11136	3565	128
scaffold_11136	3566	128
scaffold_11136	3567	126
scaffold_11136	3568	126
scaffold_11136	3569	3
scaffold_11136	3570	3
scaffold_11136	3571	3
scaffold_11136	3572	3
scaffold_11136	3573	0
scaffold_11136	3574	1
scaffold_11136	3575	1
scaffold_11136	3576	1
scaffold_11136	3577	11
scaffold_11136	3578	10
scaffold_11136	3579	8
scaffold_11136	3580	7
scaffold_11136	3581	0
scaffold_11136	3582	0
scaffold_11136	3583	0
scaffold_11136	3584	0
scaffold_11136	3585	0
scaffold_11136	3586	0
scaffold_11136	3587	0
scaffold_11136	3588	4
scaffold_11136	3589	5
scaffold_11136	3590	5
scaffold_11136	3591	5
scaffold_11136	3592	0
scaffold_11136	3593	0
scaffold_11136	3594	0
scaffold_11136	3595	0
scaffold_11136	3596	0
scaffold_11136	3597	5
scaffold_11136	3598	5
scaffold_11136	3599	5
scaffold_11136	3600	5
scaffold_11136	3601	1
scaffold_11136	3602	0
scaffold_11136	3603	0
scaffold_11136	3604	0
scaffold_11136	3605	0
scaffold_11136	3606	0
scaffold_11136	3607	0
scaffold_11136	3608	0
scaffold_11136	3609	0
scaffold_11136	3610	5
scaffold_11136	3611	5
scaffold_11136	3612	4
scaffold_11136	3613	4
scaffold_11136	3614	1
scaffold_11136	3615	1
scaffold_11136	3616	1
scaffold_11136	3617	0
scaffold_11136	3618	0
scaffold_11136	3619	0
scaffold_11136	3620	0
scaffold_11136	3621	0
scaffold_11136	3622	0
scaffold_11136	3623	0
scaffold_11136	3624	0
scaffold_11136	3625	1
scaffold_11136	3626	1
scaffold_11136	3627	1
scaffold_11136	3628	1
scaffold_11136	3629	1
scaffold_11136	3630	1
scaffold_11136	3631	1
scaffold_11136	3632	1
scaffold_11136	3633	0
scaffold_11136	3634	0
scaffold_11136	3635	0
scaffold_11136	3636	0
scaffold_11136	3637	0
scaffold_11136	3638	0
scaffold_11136	3639	0
scaffold_11136	3640	2
scaffold_11136	3641	2
scaffold_11136	3642	0
scaffold_11136	3643	0
scaffold_11136	3644	0
scaffold_11136	3645	0
scaffold_11136	3646	0
scaffold_11136	3647	0
scaffold_11136	3648	1
scaffold_11136	3649	1
scaffold_11136	3650	1
scaffold_11136	3651	0
scaffold_11136	3652	1
scaffold_11136	3653	1
scaffold_11136	3654	1
scaffold_11136	3655	0
scaffold_11136	3656	1
scaffold_11136	3657	1
scaffold_11136	3658	0
scaffold_11136	3659	0
scaffold_11136	3660	0
scaffold_11136	3661	0
scaffold_11136	3662	0
scaffold_11136	3663	0
scaffold_11136	3664	0
scaffold_11136	3665	0
scaffold_11136	3666	0
scaffold_11136	3667	1
scaffold_11136	3668	2
scaffold_11136	3669	2
scaffold_11136	3670	1
scaffold_11136	3671	1
scaffold_11136	3672	1
scaffold_11136	3673	2
scaffold_11136	3674	5
scaffold_11136	3675	4
scaffold_11136	3676	3
scaffold_11136	3677	3
scaffold_11136	3678	3
scaffold_11136	3679	3
scaffold_11136	3680	3
scaffold_11136	3681	0
scaffold_11136	3682	4
scaffold_11136	3683	91
scaffold_11136	3684	91
scaffold_11136	3685	91
scaffold_11136	3686	90
scaffold_11136	3687	84
scaffold_11136	3688	32
scaffold_11136	3689	23
scaffold_11136	3690	10
scaffold_11136	3691	2
scaffold_11136	3692	3
scaffold_11136	3693	1
scaffold_11136	3694	6
scaffold_11136	3695	6
scaffold_11136	3696	6
scaffold_11136	3697	6
scaffold_11136	3698	1
scaffold_11136	3699	0
scaffold_11136	3700	0
scaffold_11136	3701	1
scaffold_11136	3702	1
scaffold_11136	3703	1
scaffold_11136	3704	1
scaffold_11136	3705	0
scaffold_11136	3706	0
scaffold_11136	3707	0
scaffold_11136	3708	0
scaffold_11136	3709	0
scaffold_11136	3710	0
scaffold_11136	3711	0
scaffold_11136	3712	0
scaffold_11136	3713	0
scaffold_11136	3714	0
scaffold_11136	3715	1
scaffold_11136	3716	1
scaffold_11136	3717	2
scaffold_11136	3718	2
scaffold_11136	3719	1
scaffold_11136	3720	1
scaffold_11136	3721	0
scaffold_11136	3722	0
scaffold_11136	3723	0
scaffold_11136	3724	0
scaffold_11136	3725	0
scaffold_11136	3726	0
scaffold_11136	3727	2
scaffold_11136	3728	2
scaffold_11136	3729	1
scaffold_11136	3730	0
scaffold_11136	3731	0
scaffold_11136	3732	0
scaffold_11136	3733	0
scaffold_11136	3734	0
scaffold_11136	3735	0
scaffold_11136	3736	0
scaffold_11136	3737	0
scaffold_11136	3738	0
scaffold_11136	3739	0
scaffold_11136	3740	0
scaffold_11136	3741	0
scaffold_11136	3742	3
scaffold_11136	3743	3
scaffold_11136	3744	7
scaffold_11136	3745	7
scaffold_11136	3746	6
scaffold_11136	3747	6
scaffold_11136	3748	6
scaffold_11136	3749	5
scaffold_11136	3750	4
scaffold_11136	3751	0
scaffold_11136	3752	0
scaffold_11136	3753	0
scaffold_11136	3754	0
scaffold_11136	3755	4
scaffold_11136	3756	4
scaffold_11136	3757	4
scaffold_11136	3758	3
scaffold_11136	3759	0
scaffold_11136	3760	0
scaffold_11136	3761	0
scaffold_11136	3762	0
scaffold_11136	3763	0
scaffold_11136	3764	0
scaffold_11136	3765	0
scaffold_11136	3766	0
scaffold_11136	3767	0
scaffold_11136	3768	0
scaffold_11136	3769	0
scaffold_11136	3770	0
scaffold_11136	3771	0
scaffold_11136	3772	0
scaffold_11136	3773	1
scaffold_11136	3774	1
scaffold_11136	3775	1
scaffold_11136	3776	1
scaffold_11136	3777	1
scaffold_11136	3778	1
scaffold_11136	3779	1
scaffold_11136	3780	0
scaffold_11136	3781	1
scaffold_11136	3782	1
scaffold_11136	3783	0
scaffold_11136	3784	0
scaffold_11136	3785	0
scaffold_11136	3786	0
scaffold_11136	3787	1
scaffold_11136	3788	2
scaffold_11136	3789	4
scaffold_11136	3790	4
scaffold_11136	3791	3
scaffold_11136	3792	1
scaffold_11136	3793	1
scaffold_11136	3794	0
scaffold_11136	3795	0
scaffold_11136	3796	0
scaffold_11136	3797	0
scaffold_11136	3798	0
scaffold_11136	3799	0
scaffold_11136	3800	3
scaffold_11136	3801	5
scaffold_11136	3802	3
scaffold_11136	3803	2
scaffold_11136	3804	2
scaffold_11136	3805	0
scaffold_11136	3806	0
scaffold_11136	3807	0
scaffold_11136	3808	0
scaffold_11136	3809	0
scaffold_11136	3810	0
scaffold_11136	3811	0
scaffold_11136	3812	0
scaffold_11136	3813	0
scaffold_11136	3814	0
scaffold_11136	3815	1
scaffold_11136	3816	1
scaffold_11136	3817	1
scaffold_11136	3818	1
scaffold_11136	3819	1
scaffold_11136	3820	1
scaffold_11136	3821	0
scaffold_11136	3822	7
scaffold_11136	3823	9
scaffold_11136	3824	12
scaffold_11136	3825	28
scaffold_11136	3826	91
scaffold_11136	3827	108
scaffold_11136	3828	145
scaffold_11136	3829	197
scaffold_11136	3830	389
scaffold_11136	3831	5973
scaffold_11136	3832	6153
scaffold_11136	3833	6332
scaffold_11136	3834	6447
scaffold_11136	3835	6493
scaffold_11136	3836	6551
scaffold_11136	3837	6559
scaffold_11136	3838	6566
scaffold_11136	3839	6860
scaffold_11136	3840	6939
scaffold_11136	3841	7048
scaffold_11136	3842	7077
scaffold_11136	3843	7121
scaffold_11136	3844	7337
scaffold_11136	3845	7443
scaffold_11136	3846	7469
scaffold_11136	3847	7477
scaffold_11136	3848	7499
scaffold_11136	3849	7618
scaffold_11136	3850	7626
scaffold_11136	3851	7709
scaffold_11136	3852	7776
scaffold_11136	3853	7848
scaffold_11136	3854	7940
scaffold_11136	3855	7985
scaffold_11136	3856	8124
scaffold_11136	3857	8147
scaffold_11136	3858	8155
scaffold_11136	3859	8165
scaffold_11136	3860	8318
scaffold_11136	3861	8344
scaffold_11136	3862	8491
scaffold_11136	3863	8604
scaffold_11136	3864	8664
scaffold_11136	3865	8995
scaffold_11136	3866	9395
scaffold_11136	3867	9482
scaffold_11136	3868	9507
scaffold_11136	3869	9978
scaffold_11136	3870	10087
scaffold_11136	3871	10186
scaffold_11136	3872	10198
scaffold_11136	3873	10270
scaffold_11136	3874	10376
scaffold_11136	3875	10500
scaffold_11136	3876	10647
scaffold_11136	3877	10969
scaffold_11136	3878	11077
scaffold_11136	3879	11256
scaffold_11136	3880	11296
scaffold_11136	3881	11404
scaffold_11136	3882	11454
scaffold_11136	3883	11477
scaffold_11136	3884	11761
scaffold_11136	3885	11896
scaffold_11136	3886	11944
scaffold_11136	3887	11968
scaffold_11136	3888	12159
scaffold_11136	3889	12210
scaffold_11136	3890	12211
scaffold_11136	3891	12237
scaffold_11136	3892	12287
scaffold_11136	3893	12303
scaffold_11136	3894	12310
scaffold_11136	3895	12294
scaffold_11136	3896	12279
scaffold_11136	3897	12303
scaffold_11136	3898	12311
scaffold_11136	3899	12266
scaffold_11136	3900	8535
scaffold_11136	3901	8569
scaffold_11136	3902	8552
scaffold_11136	3903	8401
scaffold_11136	3904	8423
scaffold_11136	3905	8554
scaffold_11136	3906	8799
scaffold_11136	3907	8859
scaffold_11136	3908	8874
scaffold_11136	3909	8947
scaffold_11136	3910	8987
scaffold_11136	3911	8994
scaffold_11136	3912	9343
scaffold_11136	3913	9586
scaffold_11136	3914	9603
scaffold_11136	3915	9602
scaffold_11136	3916	9689
scaffold_11136	3917	9742
scaffold_11136	3918	9756
scaffold_11136	3919	9728
scaffold_11136	3920	9770
scaffold_11136	3921	9682
scaffold_11136	3922	9730
scaffold_11136	3923	10151
scaffold_11136	3924	10194
scaffold_11136	3925	10148
scaffold_11136	3926	10293
scaffold_11136	3927	10333
scaffold_11136	3928	10449
scaffold_11136	3929	10451
scaffold_11136	3930	10430
scaffold_11136	3931	10433
scaffold_11136	3932	10307
scaffold_11136	3933	10349
scaffold_11136	3934	10474
scaffold_11136	3935	10614
scaffold_11136	3936	10643
scaffold_11136	3937	10726
scaffold_11136	3938	10762
scaffold_11136	3939	10789
scaffold_11136	3940	10759
scaffold_11136	3941	10554
scaffold_11136	3942	10268
scaffold_11136	3943	10243
scaffold_11136	3944	10253
scaffold_11136	3945	10224
scaffold_11136	3946	11939
scaffold_11136	3947	12098
scaffold_11136	3948	12186
scaffold_11136	3949	12501
scaffold_11136	3950	12542
scaffold_11136	3951	12541
scaffold_11136	3952	12478
scaffold_11136	3953	12332
scaffold_11136	3954	12331
scaffold_11136	3955	12321
scaffold_11136	3956	12341
scaffold_11136	3957	12265
scaffold_11136	3958	12193
scaffold_11136	3959	12101
scaffold_11136	3960	11993
scaffold_11136	3961	12050
scaffold_11136	3962	12237
scaffold_11136	3963	12240
scaffold_11136	3964	12292
scaffold_11136	3965	12308
scaffold_11136	3966	12307
scaffold_11136	3967	12278
scaffold_11136	3968	12326
scaffold_11136	3969	12313
scaffold_11136	3970	12341
scaffold_11136	3971	12321
scaffold_11136	3972	12390
scaffold_11136	3973	12380
scaffold_11136	3974	12317
scaffold_11136	3975	12235
scaffold_11136	3976	10322
scaffold_11136	3977	10194
scaffold_11136	3978	10184
scaffold_11136	3979	10110
scaffold_11136	3980	9884
scaffold_11136	3981	9780
scaffold_11136	3982	9619
scaffold_11136	3983	9691
scaffold_11136	3984	9687
scaffold_11136	3985	9570
scaffold_11136	3986	9600
scaffold_11136	3987	9172
scaffold_11136	3988	8926
scaffold_11136	3989	8928
scaffold_11136	3990	8753
scaffold_11136	3991	8665
scaffold_11136	3992	8523
scaffold_11136	3993	8485
scaffold_11136	3994	8486
scaffold_11136	3995	8391
scaffold_11136	3996	8303
scaffold_11136	3997	8279
scaffold_11136	3998	8310
scaffold_11136	3999	7828
scaffold_11136	4000	7764
scaffold_11136	4001	7718
scaffold_11136	4002	7514
scaffold_11136	4003	7431
scaffold_11136	4004	7307
scaffold_11136	4005	7251
scaffold_11136	4006	7301
scaffold_11136	4007	7254
scaffold_11136	4008	7246
scaffold_11136	4009	7266
scaffold_11136	4010	7070
scaffold_11136	4011	6830
scaffold_11136	4012	6760
scaffold_11136	4013	6616
scaffold_11136	4014	6520
scaffold_11136	4015	6412
scaffold_11136	4016	6284
scaffold_11136	4017	6204
scaffold_11136	4018	6202
scaffold_11136	4019	6246
scaffold_11136	4020	6119
scaffold_11136	4021	5675
scaffold_11136	4022	3320
scaffold_11136	4023	3189
scaffold_11136	4024	3102
scaffold_11136	4025	3031
scaffold_11136	4026	2948
scaffold_11136	4027	2949
scaffold_11136	4028	2901
scaffold_11136	4029	2860
scaffold_11136	4030	2789
scaffold_11136	4031	2774
scaffold_11136	4032	2772
scaffold_11136	4033	2761
scaffold_11136	4034	2726
scaffold_11136	4035	2687
scaffold_11136	4036	2656
scaffold_11136	4037	2630
scaffold_11136	4038	2386
scaffold_11136	4039	2273
scaffold_11136	4040	2220
scaffold_11136	4041	2207
scaffold_11136	4042	2194
scaffold_11136	4043	2081
scaffold_11136	4044	2069
scaffold_11136	4045	2048
scaffold_11136	4046	2011
scaffold_11136	4047	2026
scaffold_11136	4048	1878
scaffold_11136	4049	1860
scaffold_11136	4050	1843
scaffold_11136	4051	1830
scaffold_11136	4052	1785
scaffold_11136	4053	1751
scaffold_11136	4054	1753
scaffold_11136	4055	1746
scaffold_11136	4056	1709
scaffold_11136	4057	1693
scaffold_11136	4058	1639
scaffold_11136	4059	1623
scaffold_11136	4060	1627
scaffold_11136	4061	1599
scaffold_11136	4062	1426
scaffold_11136	4063	1437
scaffold_11136	4064	1442
scaffold_11136	4065	1400
scaffold_11136	4066	1400
scaffold_11136	4067	1402
scaffold_11136	4068	1429
scaffold_11136	4069	1429
scaffold_11136	4070	1427
scaffold_11136	4071	1419
scaffold_11136	4072	1429
scaffold_11136	4073	1409
scaffold_11136	4074	1392
scaffold_11136	4075	1388
scaffold_11136	4076	1374
scaffold_11136	4077	1353
scaffold_11136	4078	1347
scaffold_11136	4079	1324
scaffold_11136	4080	1300
scaffold_11136	4081	1256
scaffold_11136	4082	1235
scaffold_11136	4083	1245
scaffold_11136	4084	1225
scaffold_11136	4085	1207
scaffold_11136	4086	1200
scaffold_11136	4087	1184
scaffold_11136	4088	1186
scaffold_11136	4089	1163
scaffold_11136	4090	1169
scaffold_11136	4091	1220
scaffold_11136	4092	1255
scaffold_11136	4093	1487
scaffold_11136	4094	1475
scaffold_11136	4095	1474
scaffold_11136	4096	1486
scaffold_11136	4097	1417
scaffold_11136	4098	1442
scaffold_11136	4099	1430
scaffold_11136	4100	1334
scaffold_11136	4101	1351
scaffold_11136	4102	1298
scaffold_11136	4103	1318
scaffold_11136	4104	1468
scaffold_11136	4105	1450
scaffold_11136	4106	1447
scaffold_11136	4107	1429
scaffold_11136	4108	1398
scaffold_11136	4109	1388
scaffold_11136	4110	1378
scaffold_11136	4111	1377
scaffold_11136	4112	1372
scaffold_11136	4113	1349
scaffold_11136	4114	1343
scaffold_11136	4115	1340
scaffold_11136	4116	1328
scaffold_11136	4117	1312
scaffold_11136	4118	1309
scaffold_11136	4119	1306
scaffold_11136	4120	1295
scaffold_11136	4121	1294
scaffold_11136	4122	1280
scaffold_11136	4123	1242
scaffold_11136	4124	1240
scaffold_11136	4125	1236
scaffold_11136	4126	1225
scaffold_11136	4127	1196
scaffold_11136	4128	1194
scaffold_11136	4129	1188
scaffold_11136	4130	1176
scaffold_11136	4131	1174
scaffold_11136	4132	1164
scaffold_11136	4133	1153
scaffold_11136	4134	1150
scaffold_11136	4135	1143
scaffold_11136	4136	1120
scaffold_11136	4137	1107
scaffold_11136	4138	1098
scaffold_11136	4139	1080
scaffold_11136	4140	1054
scaffold_11136	4141	1051
scaffold_11136	4142	1048
scaffold_11136	4143	1037
scaffold_11136	4144	964
scaffold_11136	4145	958
scaffold_11136	4146	941
scaffold_11136	4147	900
scaffold_11136	4148	878
scaffold_11136	4149	860
scaffold_11136	4150	858
scaffold_11136	4151	842
scaffold_11136	4152	837
scaffold_11136	4153	830
scaffold_11136	4154	826
scaffold_11136	4155	810
scaffold_11136	4156	797
scaffold_11136	4157	795
scaffold_11136	4158	780
scaffold_11136	4159	759
scaffold_11136	4160	735
scaffold_11136	4161	722
scaffold_11136	4162	713
scaffold_11136	4163	700
scaffold_11136	4164	661
scaffold_11136	4165	630
scaffold_11136	4166	594
scaffold_11136	4167	590
scaffold_11136	4168	385
scaffold_11136	4169	317
scaffold_11136	4170	86