sequence	group	GRAVY index	Net charge at pH 7
TRINITY_DN102902_c0_g1_i1.p4 TRINITY_DN102902_c0_g1~~TRINITY_DN102902_c0_g1_i1.p4  ORF type:3prime_partial len:16 (-),score=3.25 TRINITY_DN102902_c0_g1_i1:2-46(-)	Our AMPs	-0.053333333	3.495359683
TRINITY_DN1090249_c1_g1_i1.p3 TRINITY_DN1090249_c1_g1~~TRINITY_DN1090249_c1_g1_i1.p3  ORF type:5prime_partial len:13 (+),score=1.79 TRINITY_DN1090249_c1_g1_i1:1-39(+)	Our AMPs	0.158333333	-0.236976164
TRINITY_DN1091132_c10_g1_i1.p3 TRINITY_DN1091132_c10_g1~~TRINITY_DN1091132_c10_g1_i1.p3  ORF type:complete len:31 (-),score=6.23 TRINITY_DN1091132_c10_g1_i1:132-224(-)	Our AMPs	-0.183333333	5.664575533
TRINITY_DN120464_c0_g1_i1.p6 TRINITY_DN120464_c0_g1~~TRINITY_DN120464_c0_g1_i1.p6  ORF type:5prime_partial len:10 (+),score=2.44 TRINITY_DN120464_c0_g1_i1:3-32(+)	Our AMPs	-1.322222222	1.759915073
TRINITY_DN125192_c2_g1_i1.p8 TRINITY_DN125192_c2_g1~~TRINITY_DN125192_c2_g1_i1.p8  ORF type:complete len:10 (-),score=1.63 TRINITY_DN125192_c2_g1_i1:310-339(-)	Our AMPs	0.277777778	1.499345687
TRINITY_DN127733_c0_g2_i2.p2 TRINITY_DN127733_c0_g2~~TRINITY_DN127733_c0_g2_i2.p2  ORF type:5prime_partial len:54 (+),score=5.42 TRINITY_DN127733_c0_g2_i2:3-164(+)	Our AMPs	-0.420754717	-1.108761138
TRINITY_DN129538_c3_g1_i1.p10 TRINITY_DN129538_c3_g1~~TRINITY_DN129538_c3_g1_i1.p10  ORF type:complete len:12 (-),score=3.91 TRINITY_DN129538_c3_g1_i1:483-518(-)	Our AMPs	0.245454545	0.501167148
TRINITY_DN130289_c0_g1_i1.p1 TRINITY_DN130289_c0_g1~~TRINITY_DN130289_c0_g1_i1.p1  ORF type:complete len:76 (+),score=14.05 TRINITY_DN130289_c0_g1_i1:29-229(+)	Our AMPs	0.122727273	0.510159671
TRINITY_DN131100_c0_g1_i5.p3 TRINITY_DN131100_c0_g1~~TRINITY_DN131100_c0_g1_i5.p3  ORF type:5prime_partial len:25 (+),score=1.00 TRINITY_DN131100_c0_g1_i5:1-75(+)	Our AMPs	0.125	-2.073087718
TRINITY_DN131149_c0_g2_i1.p2 TRINITY_DN131149_c0_g2~~TRINITY_DN131149_c0_g2_i1.p2  ORF type:5prime_partial len:36 (-),score=3.88 TRINITY_DN131149_c0_g2_i1:461-568(-)	Our AMPs	0.048571429	3.8442688
TRINITY_DN131424_c0_g1_i4.p5 TRINITY_DN131424_c0_g1~~TRINITY_DN131424_c0_g1_i4.p5  ORF type:5prime_partial len:7 (+),score=1.04 TRINITY_DN131424_c0_g1_i4:1-21(+)	Our AMPs	-0.15	0.957529867
TRINITY_DN131740_c0_g1_i1.p1 TRINITY_DN131740_c0_g1~~TRINITY_DN131740_c0_g1_i1.p1  ORF type:complete len:82 (+),score=8.49 TRINITY_DN131740_c0_g1_i1:94-339(+)	Our AMPs	-0.75308642	11.47684418
TRINITY_DN133076_c0_g4_i1.p5 TRINITY_DN133076_c0_g4~~TRINITY_DN133076_c0_g4_i1.p5  ORF type:complete len:27 (+),score=4.93 TRINITY_DN133076_c0_g4_i1:151-231(+)	Our AMPs	-0.823076923	-0.322262954
TRINITY_DN133276_c1_g1_i1.p5 TRINITY_DN133276_c1_g1~~TRINITY_DN133276_c1_g1_i1.p5  ORF type:complete len:49 (+),score=4.93 TRINITY_DN133276_c1_g1_i1:319-465(+)	Our AMPs	-1.379166667	12.49081308
TRINITY_DN133479_c0_g1_i1.p5 TRINITY_DN133479_c0_g1~~TRINITY_DN133479_c0_g1_i1.p5  ORF type:5prime_partial len:16 (+),score=2.52 TRINITY_DN133479_c0_g1_i1:2-49(+)	Our AMPs	1.52	0.758103612
TRINITY_DN133942_c0_g1_i2.p6 TRINITY_DN133942_c0_g1~~TRINITY_DN133942_c0_g1_i2.p6  ORF type:complete len:8 (+),score=3.83 TRINITY_DN133942_c0_g1_i2:151-174(+)	Our AMPs	-2.9	1.498478445
TRINITY_DN134023_c3_g2_i2.p3 TRINITY_DN134023_c3_g2~~TRINITY_DN134023_c3_g2_i2.p3  ORF type:complete len:47 (+),score=2.86 TRINITY_DN134023_c3_g2_i2:191-331(+)	Our AMPs	-0.52173913	6.66241099
TRINITY_DN134571_c44_g1_i3.p7 TRINITY_DN134571_c44_g1~~TRINITY_DN134571_c44_g1_i3.p7  ORF type:complete len:12 (+),score=1.33 TRINITY_DN134571_c44_g1_i3:212-247(+)	Our AMPs	0.145454545	-0.499645312
TRINITY_DN134643_c0_g1_i1.p1 TRINITY_DN134643_c0_g1~~TRINITY_DN134643_c0_g1_i1.p1  ORF type:5prime_partial len:69 (-),score=11.24 TRINITY_DN134643_c0_g1_i1:55-261(-)	Our AMPs	1.104411765	6.843063258
TRINITY_DN135543_c0_g2_i1.p1 TRINITY_DN135543_c0_g2~~TRINITY_DN135543_c0_g2_i1.p1  ORF type:5prime_partial len:57 (-),score=9.58 TRINITY_DN135543_c0_g2_i1:124-294(-)	Our AMPs	-1.471428571	2.774106122
TRINITY_DN135554_c0_g1_i3.p9 TRINITY_DN135554_c0_g1~~TRINITY_DN135554_c0_g1_i3.p9  ORF type:5prime_partial len:6 (-),score=0.85 TRINITY_DN135554_c0_g1_i3:230-247(-)	Our AMPs	1	-0.241896388
TRINITY_DN135950_c1_g1_i1.p9 TRINITY_DN135950_c1_g1~~TRINITY_DN135950_c1_g1_i1.p9  ORF type:5prime_partial len:13 (-),score=3.05 TRINITY_DN135950_c1_g1_i1:323-361(-)	Our AMPs	-1.625	4.455151454
TRINITY_DN136118_c0_g1_i1.p1 TRINITY_DN136118_c0_g1~~TRINITY_DN136118_c0_g1_i1.p1  ORF type:complete len:45 (+),score=5.71 TRINITY_DN136118_c0_g1_i1:78-212(+)	Our AMPs	-0.925	6.486352913
TRINITY_DN136156_c0_g2_i2.p9 TRINITY_DN136156_c0_g2~~TRINITY_DN136156_c0_g2_i2.p9  ORF type:5prime_partial len:11 (-),score=3.83 TRINITY_DN136156_c0_g2_i2:400-432(-)	Our AMPs	-2.54	2.758916072
TRINITY_DN136312_c3_g1_i18.p3 TRINITY_DN136312_c3_g1~~TRINITY_DN136312_c3_g1_i18.p3  ORF type:5prime_partial len:36 (-),score=8.97 TRINITY_DN136312_c3_g1_i18:215-322(-)	Our AMPs	0.454285714	0.830264284
TRINITY_DN136668_c3_g2_i2.p10 TRINITY_DN136668_c3_g2~~TRINITY_DN136668_c3_g2_i2.p10  ORF type:complete len:11 (-),score=1.27 TRINITY_DN136668_c3_g2_i2:99-131(-)	Our AMPs	2.05	-0.510545304
TRINITY_DN136903_c2_g1_i6.p1 TRINITY_DN136903_c2_g1~~TRINITY_DN136903_c2_g1_i6.p1  ORF type:5prime_partial len:80 (+),score=5.72 TRINITY_DN136903_c2_g1_i6:1-240(+)	Our AMPs	0.04556962	-2.251265186
TRINITY_DN136922_c1_g3_i3.p6 TRINITY_DN136922_c1_g3~~TRINITY_DN136922_c1_g3_i3.p6  ORF type:3prime_partial len:11 (-),score=2.28 TRINITY_DN136922_c1_g3_i3:3-32(-)	Our AMPs	-1.57	1.499345687
TRINITY_DN137096_c2_g1_i1.p3 TRINITY_DN137096_c2_g1~~TRINITY_DN137096_c2_g1_i1.p3  ORF type:5prime_partial len:36 (+),score=12.81 TRINITY_DN137096_c2_g1_i1:3-110(+)	Our AMPs	-0.868571429	0.85840287
TRINITY_DN137096_c3_g3_i1.p7 TRINITY_DN137096_c3_g3~~TRINITY_DN137096_c3_g3_i1.p7  ORF type:5prime_partial len:16 (-),score=1.62 TRINITY_DN137096_c3_g3_i1:222-269(-)	Our AMPs	-0.14	-2.163050621
TRINITY_DN137133_c9_g1_i1.p11 TRINITY_DN137133_c9_g1~~TRINITY_DN137133_c9_g1_i1.p11  ORF type:3prime_partial len:13 (+),score=2.55 TRINITY_DN137133_c9_g1_i1:608-643(+)	Our AMPs	1.075	-0.499645312
TRINITY_DN137258_c5_g1_i6.p11 TRINITY_DN137258_c5_g1~~TRINITY_DN137258_c5_g1_i6.p11  ORF type:complete len:8 (-),score=2.92 TRINITY_DN137258_c5_g1_i6:329-352(-)	Our AMPs	2.157142857	-1.498524552
TRINITY_DN137350_c1_g1_i5.p2 TRINITY_DN137350_c1_g1~~TRINITY_DN137350_c1_g1_i5.p2  ORF type:5prime_partial len:48 (-),score=2.48 TRINITY_DN137350_c1_g1_i5:175-318(-)	Our AMPs	-0.263829787	4.820881256
TRINITY_DN137631_c5_g1_i2.p3 TRINITY_DN137631_c5_g1~~TRINITY_DN137631_c5_g1_i2.p3  ORF type:5prime_partial len:33 (-),score=6.01 TRINITY_DN137631_c5_g1_i2:338-436(-)	Our AMPs	0.2625	5.952524862
TRINITY_DN138200_c2_g1_i1.p2 TRINITY_DN138200_c2_g1~~TRINITY_DN138200_c2_g1_i1.p2  ORF type:complete len:73 (+),score=2.95 TRINITY_DN138200_c2_g1_i1:454-672(+)	Our AMPs	-0.413888889	6.471451157
TRINITY_DN138312_c4_g6_i3.p2 TRINITY_DN138312_c4_g6~~TRINITY_DN138312_c4_g6_i3.p2  ORF type:5prime_partial len:67 (+),score=10.08 TRINITY_DN138312_c4_g6_i3:2-202(+)	Our AMPs	-0.583333333	-8.082324756
TRINITY_DN138543_c2_g6_i1.p4 TRINITY_DN138543_c2_g6~~TRINITY_DN138543_c2_g6_i1.p4  ORF type:5prime_partial len:15 (-),score=4.00 TRINITY_DN138543_c2_g6_i1:231-275(-)	Our AMPs	0.585714286	-0.238086925
TRINITY_DN138543_c2_g6_i2.p5 TRINITY_DN138543_c2_g6~~TRINITY_DN138543_c2_g6_i2.p5  ORF type:5prime_partial len:10 (-),score=0.19 TRINITY_DN138543_c2_g6_i2:221-250(-)	Our AMPs	1.011111111	-1.203004651
TRINITY_DN138674_c4_g1_i1.p5 TRINITY_DN138674_c4_g1~~TRINITY_DN138674_c4_g1_i1.p5  ORF type:5prime_partial len:25 (+),score=6.63 TRINITY_DN138674_c4_g1_i1:2-76(+)	Our AMPs	-1.220833333	2.761716534
TRINITY_DN138681_c7_g1_i1.p3 TRINITY_DN138681_c7_g1~~TRINITY_DN138681_c7_g1_i1.p3  ORF type:5prime_partial len:34 (+),score=4.99 TRINITY_DN138681_c7_g1_i1:3-104(+)	Our AMPs	-0.751515152	6.748965083
TRINITY_DN139116_c3_g1_i4.p2 TRINITY_DN139116_c3_g1~~TRINITY_DN139116_c3_g1_i4.p2  ORF type:3prime_partial len:97 (+),score=23.40 TRINITY_DN139116_c3_g1_i4:129-416(+)	Our AMPs	-0.0125	-4.511612649
TRINITY_DN139333_c4_g6_i1.p1 TRINITY_DN139333_c4_g6~~TRINITY_DN139333_c4_g6_i1.p1  ORF type:complete len:98 (-),score=31.47 TRINITY_DN139333_c4_g6_i1:345-638(-)	Our AMPs	-0.563917526	1.022301247
TRINITY_DN139720_c6_g2_i1.p4 TRINITY_DN139720_c6_g2~~TRINITY_DN139720_c6_g2_i1.p4  ORF type:5prime_partial len:11 (-),score=2.10 TRINITY_DN139720_c6_g2_i1:199-231(-)	Our AMPs	0.13	2.757104611
TRINITY_DN140335_c3_g1_i1.p5 TRINITY_DN140335_c3_g1~~TRINITY_DN140335_c3_g1_i1.p5  ORF type:complete len:7 (-),score=0.65 TRINITY_DN140335_c3_g1_i1:153-173(-)	Our AMPs	1.183333333	-0.499645312
TRINITY_DN140448_c4_g7_i2.p7 TRINITY_DN140448_c4_g7~~TRINITY_DN140448_c4_g7_i2.p7  ORF type:5prime_partial len:34 (-),score=6.07 TRINITY_DN140448_c4_g7_i2:626-727(-)	Our AMPs	-1.357575758	7.393116808
TRINITY_DN140586_c3_g1_i1.p1 TRINITY_DN140586_c3_g1~~TRINITY_DN140586_c3_g1_i1.p1  ORF type:5prime_partial len:75 (+),score=1.26 TRINITY_DN140586_c3_g1_i1:2-226(+)	Our AMPs	0.505405405	-3.245577654
TRINITY_DN140874_c2_g1_i5.p1 TRINITY_DN140874_c2_g1~~TRINITY_DN140874_c2_g1_i5.p1  ORF type:5prime_partial len:85 (-),score=12.50 TRINITY_DN140874_c2_g1_i5:76-330(-)	Our AMPs	0.51547619	1.600342238
TRINITY_DN140874_c2_g1_i6.p1 TRINITY_DN140874_c2_g1~~TRINITY_DN140874_c2_g1_i6.p1  ORF type:5prime_partial len:72 (-),score=14.06 TRINITY_DN140874_c2_g1_i6:77-292(-)	Our AMPs	0.645070423	1.897076869
TRINITY_DN140952_c1_g1_i1.p3 TRINITY_DN140952_c1_g1~~TRINITY_DN140952_c1_g1_i1.p3  ORF type:5prime_partial len:18 (-),score=2.08 TRINITY_DN140952_c1_g1_i1:189-242(-)	Our AMPs	-1.317647059	0.840430541
TRINITY_DN141022_c2_g2_i1.p1 TRINITY_DN141022_c2_g2~~TRINITY_DN141022_c2_g2_i1.p1  ORF type:5prime_partial len:72 (+),score=4.66 TRINITY_DN141022_c2_g2_i1:3-218(+)	Our AMPs	0.029577465	6.71821833
TRINITY_DN141075_c3_g1_i1.p9 TRINITY_DN141075_c3_g1~~TRINITY_DN141075_c3_g1_i1.p9  ORF type:5prime_partial len:14 (-),score=5.74 TRINITY_DN141075_c3_g1_i1:778-819(-)	Our AMPs	-1.7	3.457961916
TRINITY_DN141075_c3_g1_i2.p4 TRINITY_DN141075_c3_g1~~TRINITY_DN141075_c3_g1_i2.p4  ORF type:5prime_partial len:14 (-),score=5.74 TRINITY_DN141075_c3_g1_i2:332-373(-)	Our AMPs	-1.7	3.457961916
TRINITY_DN141378_c0_g1_i1.p7 TRINITY_DN141378_c0_g1~~TRINITY_DN141378_c0_g1_i1.p7  ORF type:5prime_partial len:11 (-),score=2.04 TRINITY_DN141378_c0_g1_i1:321-353(-)	Our AMPs	-2.93	0.763714536
TRINITY_DN141713_c1_g2_i1.p1 TRINITY_DN141713_c1_g2~~TRINITY_DN141713_c1_g2_i1.p1  ORF type:complete len:77 (+),score=1.92 TRINITY_DN141713_c1_g2_i1:320-550(+)	Our AMPs	-0.694736842	7.478675041
TRINITY_DN141713_c1_g2_i3.p1 TRINITY_DN141713_c1_g2~~TRINITY_DN141713_c1_g2_i3.p1  ORF type:complete len:77 (+),score=1.92 TRINITY_DN141713_c1_g2_i3:332-562(+)	Our AMPs	-0.694736842	7.478675041
TRINITY_DN141948_c0_g1_i1.p8 TRINITY_DN141948_c0_g1~~TRINITY_DN141948_c0_g1_i1.p8  ORF type:complete len:5 (-),score=1.49 TRINITY_DN141948_c0_g1_i1:70-84(-)	Our AMPs	1.45	-0.499645312
TRINITY_DN142033_c3_g2_i1.p10 TRINITY_DN142033_c3_g2~~TRINITY_DN142033_c3_g2_i1.p10  ORF type:complete len:22 (+),score=6.10 TRINITY_DN142033_c3_g2_i1:371-436(+)	Our AMPs	1.014285714	3.478534706
TRINITY_DN142033_c4_g1_i1.p4 TRINITY_DN142033_c4_g1~~TRINITY_DN142033_c4_g1_i1.p4  ORF type:5prime_partial len:52 (-),score=6.39 TRINITY_DN142033_c4_g1_i1:560-715(-)	Our AMPs	-0.474509804	4.932176653
TRINITY_DN142115_c6_g1_i3.p7 TRINITY_DN142115_c6_g1~~TRINITY_DN142115_c6_g1_i3.p7  ORF type:complete len:10 (-),score=2.44 TRINITY_DN142115_c6_g1_i3:402-431(-)	Our AMPs	-0.444444444	-0.499523553
TRINITY_DN142174_c7_g1_i1.p1 TRINITY_DN142174_c7_g1~~TRINITY_DN142174_c7_g1_i1.p1  ORF type:5prime_partial len:28 (+),score=2.47 TRINITY_DN142174_c7_g1_i1:1-84(+)	Our AMPs	-1.762962963	2.762126595
TRINITY_DN142178_c2_g1_i3.p4 TRINITY_DN142178_c2_g1~~TRINITY_DN142178_c2_g1_i3.p4  ORF type:5prime_partial len:23 (-),score=1.92 TRINITY_DN142178_c2_g1_i3:119-187(-)	Our AMPs	-0.531818182	-0.237975165
TRINITY_DN142309_c15_g5_i3.p3 TRINITY_DN142309_c15_g5~~TRINITY_DN142309_c15_g5_i3.p3  ORF type:5prime_partial len:43 (-),score=4.85 TRINITY_DN142309_c15_g5_i3:291-419(-)	Our AMPs	-0.942857143	-5.150586252
TRINITY_DN142340_c0_g1_i1.p6 TRINITY_DN142340_c0_g1~~TRINITY_DN142340_c0_g1_i1.p6  ORF type:complete len:9 (-),score=5.54 TRINITY_DN142340_c0_g1_i1:180-206(-)	Our AMPs	-2.2	-4.485854887
TRINITY_DN142388_c1_g1_i2.p11 TRINITY_DN142388_c1_g1~~TRINITY_DN142388_c1_g1_i2.p11  ORF type:5prime_partial len:11 (-),score=3.11 TRINITY_DN142388_c1_g1_i2:430-462(-)	Our AMPs	-1.9	0.837630079
TRINITY_DN142402_c3_g5_i2.p9 TRINITY_DN142402_c3_g5~~TRINITY_DN142402_c3_g5_i2.p9  ORF type:5prime_partial len:6 (-),score=2.40 TRINITY_DN142402_c3_g5_i2:231-248(-)	Our AMPs	-2.04	-2.235967163
TRINITY_DN142511_c2_g2_i11.p5 TRINITY_DN142511_c2_g2~~TRINITY_DN142511_c2_g2_i11.p5  ORF type:5prime_partial len:18 (-),score=1.89 TRINITY_DN142511_c2_g2_i11:376-429(-)	Our AMPs	-1.494117647	-0.159702966
TRINITY_DN142526_c5_g1_i7.p5 TRINITY_DN142526_c5_g1~~TRINITY_DN142526_c5_g1_i7.p5  ORF type:5prime_partial len:13 (+),score=2.25 TRINITY_DN142526_c5_g1_i7:2-40(+)	Our AMPs	0.4	1.75610561
TRINITY_DN142562_c4_g9_i3.p6 TRINITY_DN142562_c4_g9~~TRINITY_DN142562_c4_g9_i3.p6  ORF type:complete len:12 (-),score=2.05 TRINITY_DN142562_c4_g9_i3:146-181(-)	Our AMPs	0.054545455	1.489444697
TRINITY_DN142590_c2_g1_i1.p3 TRINITY_DN142590_c2_g1~~TRINITY_DN142590_c2_g1_i1.p3  ORF type:complete len:51 (-),score=1.03 TRINITY_DN142590_c2_g1_i1:53-205(-)	Our AMPs	0.49	-1.270883263
TRINITY_DN142739_c1_g1_i1.p6 TRINITY_DN142739_c1_g1~~TRINITY_DN142739_c1_g1_i1.p6  ORF type:complete len:9 (+),score=3.49 TRINITY_DN142739_c1_g1_i1:116-142(+)	Our AMPs	-1.25	-0.497712092
TRINITY_DN142823_c1_g1_i2.p2 TRINITY_DN142823_c1_g1~~TRINITY_DN142823_c1_g1_i2.p2  ORF type:complete len:64 (+),score=3.46 TRINITY_DN142823_c1_g1_i2:98-289(+)	Our AMPs	-0.323809524	1.926037556
TRINITY_DN142862_c0_g1_i1.p1 TRINITY_DN142862_c0_g1~~TRINITY_DN142862_c0_g1_i1.p1  ORF type:5prime_partial len:42 (+),score=3.57 TRINITY_DN142862_c0_g1_i1:1-126(+)	Our AMPs	-1.048780488	2.765916059
TRINITY_DN142922_c7_g5_i2.p1 TRINITY_DN142922_c7_g5~~TRINITY_DN142922_c7_g5_i2.p1  ORF type:5prime_partial len:77 (+),score=21.64 TRINITY_DN142922_c7_g5_i2:2-232(+)	Our AMPs	0.456578947	-3.195137014
TRINITY_DN142969_c1_g1_i4.p2 TRINITY_DN142969_c1_g1~~TRINITY_DN142969_c1_g1_i4.p2  ORF type:5prime_partial len:38 (+),score=4.81 TRINITY_DN142969_c1_g1_i4:3-116(+)	Our AMPs	-0.983783784	1.46429856
TRINITY_DN143018_c39_g5_i1.p16 TRINITY_DN143018_c39_g5~~TRINITY_DN143018_c39_g5_i1.p16  ORF type:complete len:10 (-),score=2.70 TRINITY_DN143018_c39_g5_i1:483-512(-)	Our AMPs	-1.444444444	0.499477446
TRINITY_DN143018_c39_g5_i2.p17 TRINITY_DN143018_c39_g5~~TRINITY_DN143018_c39_g5_i2.p17  ORF type:complete len:6 (-),score=3.58 TRINITY_DN143018_c39_g5_i2:126-143(-)	Our AMPs	-1.36	-0.497833851
TRINITY_DN143018_c44_g10_i2.p3 TRINITY_DN143018_c44_g10~~TRINITY_DN143018_c44_g10_i2.p3  ORF type:complete len:23 (-),score=6.98 TRINITY_DN143018_c44_g10_i2:152-220(-)	Our AMPs	1.259090909	0.500466448
TRINITY_DN143020_c3_g1_i1.p2 TRINITY_DN143020_c3_g1~~TRINITY_DN143020_c3_g1_i1.p2  ORF type:5prime_partial len:43 (+),score=9.10 TRINITY_DN143020_c3_g1_i1:1-129(+)	Our AMPs	0.15	3.761127594
TRINITY_DN143036_c3_g1_i1.p7 TRINITY_DN143036_c3_g1~~TRINITY_DN143036_c3_g1_i1.p7  ORF type:5prime_partial len:14 (-),score=1.98 TRINITY_DN143036_c3_g1_i1:289-330(-)	Our AMPs	-1.430769231	0.936373212
TRINITY_DN143096_c2_g1_i1.p6 TRINITY_DN143096_c2_g1~~TRINITY_DN143096_c2_g1_i1.p6  ORF type:5prime_partial len:14 (+),score=1.69 TRINITY_DN143096_c2_g1_i1:3-44(+)	Our AMPs	-1.553846154	5.753098607
TRINITY_DN143156_c8_g1_i3.p1 TRINITY_DN143156_c8_g1~~TRINITY_DN143156_c8_g1_i3.p1  ORF type:5prime_partial len:92 (-),score=35.89 TRINITY_DN143156_c8_g1_i3:117-392(-)	Our AMPs	-0.036263736	-2.536078999
TRINITY_DN143169_c2_g1_i6.p4 TRINITY_DN143169_c2_g1~~TRINITY_DN143169_c2_g1_i6.p4  ORF type:3prime_partial len:23 (-),score=3.24 TRINITY_DN143169_c2_g1_i6:3-68(-)	Our AMPs	-0.654545455	0.674804824
TRINITY_DN143457_c1_g1_i1.p2 TRINITY_DN143457_c1_g1~~TRINITY_DN143457_c1_g1_i1.p2  ORF type:5prime_partial len:47 (-),score=1.40 TRINITY_DN143457_c1_g1_i1:224-364(-)	Our AMPs	0.37826087	-2.46704695
TRINITY_DN143487_c2_g1_i3.p7 TRINITY_DN143487_c2_g1~~TRINITY_DN143487_c2_g1_i3.p7  ORF type:complete len:10 (+),score=4.34 TRINITY_DN143487_c2_g1_i3:237-266(+)	Our AMPs	-1.733333333	1.501157148
TRINITY_DN143683_c0_g1_i8.p5 TRINITY_DN143683_c0_g1~~TRINITY_DN143683_c0_g1_i8.p5  ORF type:5prime_partial len:35 (-),score=3.33 TRINITY_DN143683_c0_g1_i8:232-336(-)	Our AMPs	-1.697058824	1.767737519
TRINITY_DN143683_c0_g2_i1.p14 TRINITY_DN143683_c0_g2~~TRINITY_DN143683_c0_g2_i1.p14  ORF type:complete len:7 (+),score=1.46 TRINITY_DN143683_c0_g2_i1:275-295(+)	Our AMPs	-0.016666667	0.499355687
TRINITY_DN143974_c9_g2_i1.p5 TRINITY_DN143974_c9_g2~~TRINITY_DN143974_c9_g2_i1.p5  ORF type:5prime_partial len:16 (+),score=2.13 TRINITY_DN143974_c9_g2_i1:2-49(+)	Our AMPs	-1.133333333	3.759895073
TRINITY_DN143985_c1_g7_i1.p5 TRINITY_DN143985_c1_g7~~TRINITY_DN143985_c1_g7_i1.p5  ORF type:5prime_partial len:21 (-),score=4.75 TRINITY_DN143985_c1_g7_i1:514-576(-)	Our AMPs	-1.475	2.761828294
TRINITY_DN144001_c5_g1_i7.p10 TRINITY_DN144001_c5_g1~~TRINITY_DN144001_c5_g1_i7.p10  ORF type:complete len:10 (+),score=4.57 TRINITY_DN144001_c5_g1_i7:273-302(+)	Our AMPs	-1.722222222	1.501157148
TRINITY_DN144025_c2_g1_i1.p16 TRINITY_DN144025_c2_g1~~TRINITY_DN144025_c2_g1_i1.p16  ORF type:5prime_partial len:7 (-),score=2.21 TRINITY_DN144025_c2_g1_i1:417-437(-)	Our AMPs	-2.35	1.458148457
TRINITY_DN144044_c6_g1_i2.p2 TRINITY_DN144044_c6_g1~~TRINITY_DN144044_c6_g1_i2.p2  ORF type:5prime_partial len:44 (+),score=7.21 TRINITY_DN144044_c6_g1_i2:3-134(+)	Our AMPs	-1.520930233	5.93552295
TRINITY_DN144044_c6_g1_i4.p1 TRINITY_DN144044_c6_g1~~TRINITY_DN144044_c6_g1_i4.p1  ORF type:5prime_partial len:44 (+),score=7.07 TRINITY_DN144044_c6_g1_i4:3-134(+)	Our AMPs	-1.551162791	6.848338762
TRINITY_DN144063_c5_g2_i1.p7 TRINITY_DN144063_c5_g2~~TRINITY_DN144063_c5_g2_i1.p7  ORF type:5prime_partial len:25 (-),score=4.97 TRINITY_DN144063_c5_g2_i1:723-797(-)	Our AMPs	-1.891666667	0.765647757
TRINITY_DN144187_c0_g1_i10.p9 TRINITY_DN144187_c0_g1~~TRINITY_DN144187_c0_g1_i10.p9  ORF type:5prime_partial len:8 (-),score=2.31 TRINITY_DN144187_c0_g1_i10:127-150(-)	Our AMPs	-3.357142857	0.760036833
TRINITY_DN144196_c3_g1_i2.p5 TRINITY_DN144196_c3_g1~~TRINITY_DN144196_c3_g1_i2.p5  ORF type:5prime_partial len:15 (+),score=3.15 TRINITY_DN144196_c3_g1_i2:3-47(+)	Our AMPs	-2.357142857	3.764965812
TRINITY_DN144196_c3_g1_i4.p6 TRINITY_DN144196_c3_g1~~TRINITY_DN144196_c3_g1_i4.p6  ORF type:5prime_partial len:15 (+),score=3.15 TRINITY_DN144196_c3_g1_i4:3-47(+)	Our AMPs	-2.357142857	3.764965812
TRINITY_DN144291_c5_g7_i1.p3 TRINITY_DN144291_c5_g7~~TRINITY_DN144291_c5_g7_i1.p3  ORF type:5prime_partial len:21 (-),score=3.87 TRINITY_DN144291_c5_g7_i1:125-187(-)	Our AMPs	-0.965	-1.157471444
TRINITY_DN144384_c5_g1_i3.p1 TRINITY_DN144384_c5_g1~~TRINITY_DN144384_c5_g1_i3.p1  ORF type:complete len:51 (+),score=2.02 TRINITY_DN144384_c5_g1_i3:79-231(+)	Our AMPs	0.144	0.851329941
TRINITY_DN144415_c2_g1_i4.p3 TRINITY_DN144415_c2_g1~~TRINITY_DN144415_c2_g1_i4.p3  ORF type:5prime_partial len:30 (+),score=6.70 TRINITY_DN144415_c2_g1_i4:1-90(+)	Our AMPs	-0.713793103	-0.233942182
TRINITY_DN144424_c2_g1_i2.p9 TRINITY_DN144424_c2_g1~~TRINITY_DN144424_c2_g1_i2.p9  ORF type:5prime_partial len:8 (+),score=2.93 TRINITY_DN144424_c2_g1_i2:2-25(+)	Our AMPs	1.814285714	-0.249799376
TRINITY_DN144465_c6_g1_i3.p4 TRINITY_DN144465_c6_g1~~TRINITY_DN144465_c6_g1_i3.p4  ORF type:5prime_partial len:28 (+),score=11.76 TRINITY_DN144465_c6_g1_i3:1-84(+)	Our AMPs	-0.340740741	4.847881722
TRINITY_DN144474_c1_g1_i1.p8 TRINITY_DN144474_c1_g1~~TRINITY_DN144474_c1_g1_i1.p8  ORF type:complete len:11 (-),score=1.73 TRINITY_DN144474_c1_g1_i1:108-140(-)	Our AMPs	1.49	0.499355687
TRINITY_DN144483_c7_g1_i1.p5 TRINITY_DN144483_c7_g1~~TRINITY_DN144483_c7_g1_i1.p5  ORF type:3prime_partial len:22 (-),score=2.86 TRINITY_DN144483_c7_g1_i1:3-65(-)	Our AMPs	0.628571429	-0.327294938
TRINITY_DN144518_c0_g1_i3.p10 TRINITY_DN144518_c0_g1~~TRINITY_DN144518_c0_g1_i3.p10  ORF type:complete len:10 (+),score=4.57 TRINITY_DN144518_c0_g1_i3:185-214(+)	Our AMPs	-1.722222222	1.501157148
TRINITY_DN144555_c1_g1_i8.p3 TRINITY_DN144555_c1_g1~~TRINITY_DN144555_c1_g1_i8.p3  ORF type:5prime_partial len:19 (+),score=2.72 TRINITY_DN144555_c1_g1_i8:2-58(+)	Our AMPs	-1.055555556	0.851877726
TRINITY_DN144558_c2_g1_i2.p7 TRINITY_DN144558_c2_g1~~TRINITY_DN144558_c2_g1_i2.p7  ORF type:5prime_partial len:16 (+),score=6.37 TRINITY_DN144558_c2_g1_i2:3-50(+)	Our AMPs	-0.42	-1.262090387
TRINITY_DN144559_c1_g1_i11.p8 TRINITY_DN144559_c1_g1~~TRINITY_DN144559_c1_g1_i11.p8  ORF type:complete len:10 (+),score=4.57 TRINITY_DN144559_c1_g1_i11:223-252(+)	Our AMPs	-1.722222222	1.501157148
TRINITY_DN144610_c1_g1_i1.p4 TRINITY_DN144610_c1_g1~~TRINITY_DN144610_c1_g1_i1.p4  ORF type:5prime_partial len:15 (+),score=2.52 TRINITY_DN144610_c1_g1_i1:3-47(+)	Our AMPs	-1.392857143	-1.23136524
TRINITY_DN144624_c4_g1_i1.p5 TRINITY_DN144624_c4_g1~~TRINITY_DN144624_c4_g1_i1.p5  ORF type:3prime_partial len:8 (+),score=0.87 TRINITY_DN144624_c4_g1_i1:216-236(+)	Our AMPs	0.557142857	1.499345687
TRINITY_DN144633_c0_g1_i1.p3 TRINITY_DN144633_c0_g1~~TRINITY_DN144633_c0_g1_i1.p3  ORF type:5prime_partial len:42 (+),score=4.16 TRINITY_DN144633_c0_g1_i1:1-126(+)	Our AMPs	-0.890243902	1.76872652
TRINITY_DN144643_c3_g1_i1.p3 TRINITY_DN144643_c3_g1~~TRINITY_DN144643_c3_g1_i1.p3  ORF type:5prime_partial len:22 (+),score=2.32 TRINITY_DN144643_c3_g1_i1:1-66(+)	Our AMPs	-0.857142857	4.751255359
TRINITY_DN144653_c7_g8_i1.p24 TRINITY_DN144653_c7_g8~~TRINITY_DN144653_c7_g8_i1.p24  ORF type:complete len:9 (-),score=5.54 TRINITY_DN144653_c7_g8_i1:201-227(-)	Our AMPs	-2.2	-4.485854887
TRINITY_DN144672_c0_g1_i1.p5 TRINITY_DN144672_c0_g1~~TRINITY_DN144672_c0_g1_i1.p5  ORF type:5prime_partial len:14 (-),score=2.93 TRINITY_DN144672_c0_g1_i1:189-230(-)	Our AMPs	-0.684615385	-0.238096925
TRINITY_DN144673_c2_g1_i6.p4 TRINITY_DN144673_c2_g1~~TRINITY_DN144673_c2_g1_i6.p4  ORF type:5prime_partial len:18 (-),score=4.55 TRINITY_DN144673_c2_g1_i6:192-245(-)	Our AMPs	-0.370588235	-0.238974166
TRINITY_DN144690_c1_g2_i6.p2 TRINITY_DN144690_c1_g2~~TRINITY_DN144690_c1_g2_i6.p2  ORF type:5prime_partial len:40 (+),score=3.46 TRINITY_DN144690_c1_g2_i6:2-121(+)	Our AMPs	-0.28974359	5.837970732
TRINITY_DN144690_c1_g2_i9.p10 TRINITY_DN144690_c1_g2~~TRINITY_DN144690_c1_g2_i9.p10  ORF type:complete len:10 (+),score=4.57 TRINITY_DN144690_c1_g2_i9:185-214(+)	Our AMPs	-1.722222222	1.501157148
TRINITY_DN144720_c1_g1_i6.p3 TRINITY_DN144720_c1_g1~~TRINITY_DN144720_c1_g1_i6.p3  ORF type:5prime_partial len:21 (-),score=2.56 TRINITY_DN144720_c1_g1_i6:123-185(-)	Our AMPs	-0.005	-0.228938422
TRINITY_DN144747_c1_g1_i4.p3 TRINITY_DN144747_c1_g1~~TRINITY_DN144747_c1_g1_i4.p3  ORF type:5prime_partial len:27 (-),score=6.48 TRINITY_DN144747_c1_g1_i4:170-250(-)	Our AMPs	-1.719230769	3.759139592
TRINITY_DN144754_c1_g1_i1.p8 TRINITY_DN144754_c1_g1~~TRINITY_DN144754_c1_g1_i1.p8  ORF type:complete len:11 (+),score=2.58 TRINITY_DN144754_c1_g1_i1:65-97(+)	Our AMPs	0.34	-1.496713091
TRINITY_DN144771_c2_g7_i2.p1 TRINITY_DN144771_c2_g7~~TRINITY_DN144771_c2_g7_i2.p1  ORF type:complete len:71 (-),score=4.28 TRINITY_DN144771_c2_g7_i2:95-307(-)	Our AMPs	-0.56	2.603091325
TRINITY_DN144811_c2_g1_i1.p6 TRINITY_DN144811_c2_g1~~TRINITY_DN144811_c2_g1_i1.p6  ORF type:5prime_partial len:23 (-),score=4.92 TRINITY_DN144811_c2_g1_i1:292-360(-)	Our AMPs	-0.75	0.763013836
TRINITY_DN144811_c2_g1_i2.p6 TRINITY_DN144811_c2_g1~~TRINITY_DN144811_c2_g1_i2.p6  ORF type:5prime_partial len:23 (-),score=4.92 TRINITY_DN144811_c2_g1_i2:375-443(-)	Our AMPs	-0.75	0.763013836
TRINITY_DN144823_c1_g2_i1.p4 TRINITY_DN144823_c1_g2~~TRINITY_DN144823_c1_g2_i1.p4  ORF type:complete len:15 (+),score=3.39 TRINITY_DN144823_c1_g2_i1:190-234(+)	Our AMPs	-0.742857143	1.586519875
TRINITY_DN144825_c5_g1_i5.p7 TRINITY_DN144825_c5_g1~~TRINITY_DN144825_c5_g1_i5.p7  ORF type:5prime_partial len:12 (+),score=2.06 TRINITY_DN144825_c5_g1_i5:1-36(+)	Our AMPs	2.281818182	-1.273102138
TRINITY_DN144878_c1_g1_i1.p9 TRINITY_DN144878_c1_g1~~TRINITY_DN144878_c1_g1_i1.p9  ORF type:5prime_partial len:10 (+),score=3.66 TRINITY_DN144878_c1_g1_i1:1-30(+)	Our AMPs	-2.088888889	2.758916072
TRINITY_DN144897_c3_g1_i5.p10 TRINITY_DN144897_c3_g1~~TRINITY_DN144897_c3_g1_i5.p10  ORF type:complete len:10 (+),score=4.57 TRINITY_DN144897_c3_g1_i5:244-273(+)	Our AMPs	-1.722222222	1.501157148
TRINITY_DN144937_c0_g1_i11.p13 TRINITY_DN144937_c0_g1~~TRINITY_DN144937_c0_g1_i11.p13  ORF type:complete len:6 (+),score=2.64 TRINITY_DN144937_c0_g1_i11:380-397(+)	Our AMPs	-1.64	1.498356686
TRINITY_DN144971_c2_g1_i1.p2 TRINITY_DN144971_c2_g1~~TRINITY_DN144971_c2_g1_i1.p2  ORF type:5prime_partial len:25 (-),score=0.92 TRINITY_DN144971_c2_g1_i1:114-188(-)	Our AMPs	-0.154166667	0.757216371
TRINITY_DN144974_c2_g2_i18.p1 TRINITY_DN144974_c2_g2~~TRINITY_DN144974_c2_g2_i18.p1  ORF type:5prime_partial len:32 (-),score=7.22 TRINITY_DN144974_c2_g2_i18:113-208(-)	Our AMPs	-0.477419355	-2.139942773
TRINITY_DN145016_c4_g1_i1.p12 TRINITY_DN145016_c4_g1~~TRINITY_DN145016_c4_g1_i1.p12  ORF type:complete len:6 (+),score=2.64 TRINITY_DN145016_c4_g1_i1:280-297(+)	Our AMPs	-1.64	1.498356686
TRINITY_DN145016_c4_g1_i5.p11 TRINITY_DN145016_c4_g1~~TRINITY_DN145016_c4_g1_i5.p11  ORF type:complete len:6 (+),score=2.64 TRINITY_DN145016_c4_g1_i5:258-275(+)	Our AMPs	-1.64	1.498356686
TRINITY_DN145050_c1_g1_i3.p3 TRINITY_DN145050_c1_g1~~TRINITY_DN145050_c1_g1_i3.p3  ORF type:5prime_partial len:30 (+),score=4.65 TRINITY_DN145050_c1_g1_i3:3-92(+)	Our AMPs	-0.482758621	0.79890857
TRINITY_DN145055_c3_g1_i3.p7 TRINITY_DN145055_c3_g1~~TRINITY_DN145055_c3_g1_i3.p7  ORF type:complete len:6 (+),score=2.09 TRINITY_DN145055_c3_g1_i3:1-18(+)	Our AMPs	0.02	-0.499523553
TRINITY_DN145062_c3_g1_i3.p10 TRINITY_DN145062_c3_g1~~TRINITY_DN145062_c3_g1_i3.p10  ORF type:5prime_partial len:6 (-),score=2.09 TRINITY_DN145062_c3_g1_i3:164-181(-)	Our AMPs	-3.74	1.833830616
TRINITY_DN145141_c0_g1_i13.p2 TRINITY_DN145141_c0_g1~~TRINITY_DN145141_c0_g1_i13.p2  ORF type:5prime_partial len:41 (+),score=4.11 TRINITY_DN145141_c0_g1_i13:2-124(+)	Our AMPs	-0.98	0.767046819
TRINITY_DN145209_c1_g1_i7.p9 TRINITY_DN145209_c1_g1~~TRINITY_DN145209_c1_g1_i7.p9  ORF type:complete len:6 (-),score=2.64 TRINITY_DN145209_c1_g1_i7:3-20(-)	Our AMPs	-1.64	1.498356686
TRINITY_DN145228_c1_g1_i7.p6 TRINITY_DN145228_c1_g1~~TRINITY_DN145228_c1_g1_i7.p6  ORF type:complete len:9 (+),score=1.71 TRINITY_DN145228_c1_g1_i7:85-111(+)	Our AMPs	1.875	-0.499645312
TRINITY_DN145245_c6_g1_i2.p2 TRINITY_DN145245_c6_g1~~TRINITY_DN145245_c6_g1_i2.p2  ORF type:5prime_partial len:30 (-),score=3.99 TRINITY_DN145245_c6_g1_i2:542-631(-)	Our AMPs	-0.010344828	1.758448892
TRINITY_DN145245_c6_g1_i5.p2 TRINITY_DN145245_c6_g1~~TRINITY_DN145245_c6_g1_i5.p2  ORF type:5prime_partial len:30 (-),score=3.99 TRINITY_DN145245_c6_g1_i5:530-619(-)	Our AMPs	-0.010344828	1.758448892
TRINITY_DN145252_c3_g1_i1.p1 TRINITY_DN145252_c3_g1~~TRINITY_DN145252_c3_g1_i1.p1  ORF type:5prime_partial len:74 (+),score=5.14 TRINITY_DN145252_c3_g1_i1:1-222(+)	Our AMPs	-0.482191781	-1.995433937
TRINITY_DN145261_c61_g1_i4.p3 TRINITY_DN145261_c61_g1~~TRINITY_DN145261_c61_g1_i4.p3  ORF type:3prime_partial len:23 (-),score=2.36 TRINITY_DN145261_c61_g1_i4:2-67(-)	Our AMPs	1.327272727	0.498356686
TRINITY_DN145264_c2_g1_i1.p4 TRINITY_DN145264_c2_g1~~TRINITY_DN145264_c2_g1_i1.p4  ORF type:5prime_partial len:23 (-),score=0.89 TRINITY_DN145264_c2_g1_i1:169-237(-)	Our AMPs	1.722727273	-0.602802407
TRINITY_DN145272_c4_g1_i1.p12 TRINITY_DN145272_c4_g1~~TRINITY_DN145272_c4_g1_i1.p12  ORF type:3prime_partial len:6 (-),score=1.24 TRINITY_DN145272_c4_g1_i1:3-17(-)	Our AMPs	1.78	0.499355687
TRINITY_DN145291_c1_g1_i10.p4 TRINITY_DN145291_c1_g1~~TRINITY_DN145291_c1_g1_i10.p4  ORF type:5prime_partial len:11 (+),score=0.58 TRINITY_DN145291_c1_g1_i10:2-34(+)	Our AMPs	-1.34	1.761893075
TRINITY_DN145291_c1_g1_i13.p4 TRINITY_DN145291_c1_g1~~TRINITY_DN145291_c1_g1_i13.p4  ORF type:5prime_partial len:8 (+),score=0.99 TRINITY_DN145291_c1_g1_i13:2-25(+)	Our AMPs	-2.357142857	2.759082613
TRINITY_DN145291_c1_g1_i22.p5 TRINITY_DN145291_c1_g1~~TRINITY_DN145291_c1_g1_i22.p5  ORF type:5prime_partial len:9 (+),score=0.19 TRINITY_DN145291_c1_g1_i22:1-27(+)	Our AMPs	-0.025	-0.602802407
TRINITY_DN145292_c1_g1_i1.p9 TRINITY_DN145292_c1_g1~~TRINITY_DN145292_c1_g1_i1.p9  ORF type:complete len:6 (+),score=0.75 TRINITY_DN145292_c1_g1_i1:118-135(+)	Our AMPs	0.22	-0.497833851
TRINITY_DN145297_c11_g1_i1.p3 TRINITY_DN145297_c11_g1~~TRINITY_DN145297_c11_g1_i1.p3  ORF type:5prime_partial len:23 (-),score=1.62 TRINITY_DN145297_c11_g1_i1:211-279(-)	Our AMPs	-0.436363636	0.887650699
TRINITY_DN145300_c5_g1_i3.p9 TRINITY_DN145300_c5_g1~~TRINITY_DN145300_c5_g1_i3.p9  ORF type:complete len:10 (-),score=4.58 TRINITY_DN145300_c5_g1_i3:91-120(-)	Our AMPs	-2.033333333	1.501157148
TRINITY_DN145304_c3_g1_i2.p5 TRINITY_DN145304_c3_g1~~TRINITY_DN145304_c3_g1_i2.p5  ORF type:5prime_partial len:19 (-),score=8.49 TRINITY_DN145304_c3_g1_i2:158-214(-)	Our AMPs	-1.3	2.849879724
TRINITY_DN145360_c4_g1_i1.p12 TRINITY_DN145360_c4_g1~~TRINITY_DN145360_c4_g1_i1.p12  ORF type:complete len:6 (-),score=1.35 TRINITY_DN145360_c4_g1_i1:201-218(-)	Our AMPs	-2.06	0.586529875
TRINITY_DN145367_c3_g1_i1.p12 TRINITY_DN145367_c3_g1~~TRINITY_DN145367_c3_g1_i1.p12  ORF type:5prime_partial len:9 (-),score=2.40 TRINITY_DN145367_c3_g1_i1:604-630(-)	Our AMPs	-2.3875	1.398010053
TRINITY_DN145373_c0_g1_i2.p5 TRINITY_DN145373_c0_g1~~TRINITY_DN145373_c0_g1_i2.p5  ORF type:5prime_partial len:18 (-),score=3.77 TRINITY_DN145373_c0_g1_i2:227-280(-)	Our AMPs	-1.635294118	2.480619298
TRINITY_DN145389_c1_g1_i12.p8 TRINITY_DN145389_c1_g1~~TRINITY_DN145389_c1_g1_i12.p8  ORF type:complete len:13 (+),score=4.01 TRINITY_DN145389_c1_g1_i12:168-206(+)	Our AMPs	0.466666667	1.506394427
TRINITY_DN145391_c5_g1_i6.p8 TRINITY_DN145391_c5_g1~~TRINITY_DN145391_c5_g1_i6.p8  ORF type:complete len:10 (+),score=5.54 TRINITY_DN145391_c5_g1_i6:136-165(+)	Our AMPs	-2.577777778	0.50396761
TRINITY_DN145391_c5_g1_i9.p5 TRINITY_DN145391_c5_g1~~TRINITY_DN145391_c5_g1_i9.p5  ORF type:complete len:10 (+),score=5.54 TRINITY_DN145391_c5_g1_i9:62-91(+)	Our AMPs	-2.577777778	0.50396761
TRINITY_DN145401_c1_g1_i2.p7 TRINITY_DN145401_c1_g1~~TRINITY_DN145401_c1_g1_i2.p7  ORF type:complete len:10 (+),score=4.57 TRINITY_DN145401_c1_g1_i2:138-167(+)	Our AMPs	-1.722222222	1.501157148
TRINITY_DN145422_c2_g1_i12.p2 TRINITY_DN145422_c2_g1~~TRINITY_DN145422_c2_g1_i12.p2  ORF type:5prime_partial len:33 (+),score=4.75 TRINITY_DN145422_c2_g1_i12:3-101(+)	Our AMPs	-0.7125	-0.439917928
TRINITY_DN145435_c1_g1_i3.p6 TRINITY_DN145435_c1_g1~~TRINITY_DN145435_c1_g1_i3.p6  ORF type:complete len:9 (-),score=2.64 TRINITY_DN145435_c1_g1_i3:147-173(-)	Our AMPs	0.0125	-0.506243641
TRINITY_DN145457_c2_g1_i4.p3 TRINITY_DN145457_c2_g1~~TRINITY_DN145457_c2_g1_i4.p3  ORF type:5prime_partial len:14 (-),score=3.55 TRINITY_DN145457_c2_g1_i4:149-190(-)	Our AMPs	-1.807692308	4.76215535
TRINITY_DN145458_c4_g1_i1.p8 TRINITY_DN145458_c4_g1~~TRINITY_DN145458_c4_g1_i1.p8  ORF type:complete len:13 (+),score=4.01 TRINITY_DN145458_c4_g1_i1:76-114(+)	Our AMPs	0.466666667	1.506394427
TRINITY_DN145467_c1_g1_i7.p6 TRINITY_DN145467_c1_g1~~TRINITY_DN145467_c1_g1_i7.p6  ORF type:5prime_partial len:8 (-),score=3.15 TRINITY_DN145467_c1_g1_i7:89-112(-)	Our AMPs	-1.928571429	0.761903075
TRINITY_DN145477_c0_g1_i4.p4 TRINITY_DN145477_c0_g1~~TRINITY_DN145477_c0_g1_i4.p4  ORF type:5prime_partial len:16 (+),score=2.83 TRINITY_DN145477_c0_g1_i4:1-48(+)	Our AMPs	0.02	-1.262090387
TRINITY_DN145502_c1_g1_i5.p5 TRINITY_DN145502_c1_g1~~TRINITY_DN145502_c1_g1_i5.p5  ORF type:5prime_partial len:23 (+),score=2.34 TRINITY_DN145502_c1_g1_i5:3-71(+)	Our AMPs	-0.563636364	0.763013836
TRINITY_DN145548_c0_g2_i1.p9 TRINITY_DN145548_c0_g2~~TRINITY_DN145548_c0_g2_i1.p9  ORF type:3prime_partial len:6 (-),score=0.35 TRINITY_DN145548_c0_g2_i1:3-17(-)	Our AMPs	-0.82	-1.49534365
TRINITY_DN145548_c1_g1_i5.p4 TRINITY_DN145548_c1_g1~~TRINITY_DN145548_c1_g1_i5.p4  ORF type:complete len:16 (+),score=1.30 TRINITY_DN145548_c1_g1_i5:58-105(+)	Our AMPs	0.333333333	1.506384427
TRINITY_DN145551_c2_g2_i1.p12 TRINITY_DN145551_c2_g2~~TRINITY_DN145551_c2_g2_i1.p12  ORF type:complete len:6 (-),score=2.64 TRINITY_DN145551_c2_g2_i1:2-19(-)	Our AMPs	-1.64	1.498356686
TRINITY_DN145575_c0_g1_i3.p4 TRINITY_DN145575_c0_g1~~TRINITY_DN145575_c0_g1_i3.p4  ORF type:complete len:19 (-),score=5.34 TRINITY_DN145575_c0_g1_i3:88-117(-)	Our AMPs	-1.677777778	0.502156149
TRINITY_DN145595_c1_g1_i27.p4 TRINITY_DN145595_c1_g1~~TRINITY_DN145595_c1_g1_i27.p4  ORF type:complete len:10 (+),score=4.57 TRINITY_DN145595_c1_g1_i27:2-31(+)	Our AMPs	-1.722222222	1.501157148
TRINITY_DN145601_c1_g1_i10.p9 TRINITY_DN145601_c1_g1~~TRINITY_DN145601_c1_g1_i10.p9  ORF type:complete len:10 (+),score=3.33 TRINITY_DN145601_c1_g1_i10:194-223(+)	Our AMPs	-0.788888889	0.502156149
TRINITY_DN145645_c0_g1_i14.p9 TRINITY_DN145645_c0_g1~~TRINITY_DN145645_c0_g1_i14.p9  ORF type:3prime_partial len:5 (+),score=1.98 TRINITY_DN145645_c0_g1_i14:206-217(+)	Our AMPs	1.675	-1.49683485
TRINITY_DN145645_c0_g1_i6.p10 TRINITY_DN145645_c0_g1~~TRINITY_DN145645_c0_g1_i6.p10  ORF type:5prime_partial len:5 (+),score=1.01 TRINITY_DN145645_c0_g1_i6:2-16(+)	Our AMPs	0.325	0.759102613
TRINITY_DN145655_c4_g1_i2.p3 TRINITY_DN145655_c4_g1~~TRINITY_DN145655_c4_g1_i2.p3  ORF type:complete len:27 (+),score=5.73 TRINITY_DN145655_c4_g1_i2:408-488(+)	Our AMPs	-0.042307692	3.584457092
TRINITY_DN145717_c0_g1_i3.p4 TRINITY_DN145717_c0_g1~~TRINITY_DN145717_c0_g1_i3.p4  ORF type:complete len:22 (+),score=5.49 TRINITY_DN145717_c0_g1_i3:57-122(+)	Our AMPs	-0.966666667	1.481466927
TRINITY_DN145741_c0_g1_i2.p5 TRINITY_DN145741_c0_g1~~TRINITY_DN145741_c0_g1_i2.p5  ORF type:5prime_partial len:24 (-),score=5.88 TRINITY_DN145741_c0_g1_i2:256-327(-)	Our AMPs	-0.886956522	1.762014835
TRINITY_DN145774_c5_g2_i5.p9 TRINITY_DN145774_c5_g2~~TRINITY_DN145774_c5_g2_i5.p9  ORF type:5prime_partial len:14 (+),score=2.38 TRINITY_DN145774_c5_g2_i5:2-43(+)	Our AMPs	-0.430769231	-3.148671215
TRINITY_DN145839_c0_g1_i20.p2 TRINITY_DN145839_c0_g1~~TRINITY_DN145839_c0_g1_i20.p2  ORF type:5prime_partial len:44 (-),score=5.17 TRINITY_DN145839_c0_g1_i20:103-234(-)	Our AMPs	-0.658139535	1.028382843
TRINITY_DN145854_c3_g1_i2.p7 TRINITY_DN145854_c3_g1~~TRINITY_DN145854_c3_g1_i2.p7  ORF type:5prime_partial len:11 (-),score=3.11 TRINITY_DN145854_c3_g1_i2:192-224(-)	Our AMPs	-1.9	0.837630079
TRINITY_DN145983_c5_g3_i1.p9 TRINITY_DN145983_c5_g3~~TRINITY_DN145983_c5_g3_i1.p9  ORF type:5prime_partial len:18 (+),score=2.36 TRINITY_DN145983_c5_g3_i1:2-55(+)	Our AMPs	-1.5	4.755218369
TRINITY_DN151468_c5_g1_i1.p8 TRINITY_DN151468_c5_g1~~TRINITY_DN151468_c5_g1_i1.p8  ORF type:complete len:13 (-),score=4.01 TRINITY_DN151468_c5_g1_i1:45-83(-)	Our AMPs	0.466666667	1.506394427
TRINITY_DN32023_c2_g1_i2.p1 TRINITY_DN32023_c2_g1~~TRINITY_DN32023_c2_g1_i2.p1  ORF type:5prime_partial len:78 (-),score=6.75 TRINITY_DN32023_c2_g1_i2:78-311(-)	Our AMPs	-0.601298701	5.752046422
TRINITY_DN383657_c1_g2_i1.p7 TRINITY_DN383657_c1_g2~~TRINITY_DN383657_c1_g2_i1.p7  ORF type:complete len:10 (-),score=4.57 TRINITY_DN383657_c1_g2_i1:89-118(-)	Our AMPs	-1.722222222	1.501157148
TRINITY_DN385865_c1_g1_i1.p3 TRINITY_DN385865_c1_g1~~TRINITY_DN385865_c1_g1_i1.p3  ORF type:5prime_partial len:26 (-),score=5.01 TRINITY_DN385865_c1_g1_i1:127-204(-)	Our AMPs	-0.792	0.763135596
TRINITY_DN391824_c1_g1_i1.p3 TRINITY_DN391824_c1_g1~~TRINITY_DN391824_c1_g1_i1.p3  ORF type:5prime_partial len:19 (-),score=2.51 TRINITY_DN391824_c1_g1_i1:162-218(-)	Our AMPs	-0.388888889	0.847509322
TRINITY_DN60060_c0_g9_i1.p12 TRINITY_DN60060_c0_g9~~TRINITY_DN60060_c0_g9_i1.p12  ORF type:5prime_partial len:11 (-),score=2.03 TRINITY_DN60060_c0_g9_i1:457-489(-)	Our AMPs	-2.92	3.794679046
TRINITY_DN612198_c2_g1_i1.p1 TRINITY_DN612198_c2_g1~~TRINITY_DN612198_c2_g1_i1.p1  ORF type:5prime_partial len:42 (+),score=4.21 TRINITY_DN612198_c2_g1_i1:1-126(+)	Our AMPs	-1.541463415	3.938045111
TRINITY_DN612741_c0_g1_i1.p9 TRINITY_DN612741_c0_g1~~TRINITY_DN612741_c0_g1_i1.p9  ORF type:5prime_partial len:8 (-),score=1.82 TRINITY_DN612741_c0_g1_i1:251-274(-)	Our AMPs	-0.3	0.759102613
TRINITY_DN615414_c0_g1_i1.p9 TRINITY_DN615414_c0_g1~~TRINITY_DN615414_c0_g1_i1.p9  ORF type:3prime_partial len:7 (+),score=0.50 TRINITY_DN615414_c0_g1_i1:368-385(+)	Our AMPs	0.35	1.499345687
TRINITY_DN7230_c1_g2_i2.p9 TRINITY_DN7230_c1_g2~~TRINITY_DN7230_c1_g2_i2.p9  ORF type:complete len:9 (-),score=4.32 TRINITY_DN7230_c1_g2_i2:232-258(-)	Our AMPs	-1.0625	0.502978608
TRINITY_DN851511_c0_g1_i1.p12 TRINITY_DN851511_c0_g1~~TRINITY_DN851511_c0_g1_i1.p12  ORF type:complete len:8 (+),score=0.38 TRINITY_DN851511_c0_g1_i1:98-121(+)	Our AMPs	1.328571429	-0.499645312
TRINITY_DN85531_c0_g1_i1.p5 TRINITY_DN85531_c0_g1~~TRINITY_DN85531_c0_g1_i1.p5  ORF type:5prime_partial len:7 (-),score=0.59 TRINITY_DN85531_c0_g1_i1:209-229(-)	Our AMPs	-0.55	-2.234277462
TRINITY_DN85643_c0_g1_i1.p5 TRINITY_DN85643_c0_g1~~TRINITY_DN85643_c0_g1_i1.p5  ORF type:5prime_partial len:26 (-),score=0.28 TRINITY_DN85643_c0_g1_i1:170-247(-)	Our AMPs	-2.068	5.760809293
TRINITY_DN92149_c2_g3_i1.p6 TRINITY_DN92149_c2_g3~~TRINITY_DN92149_c2_g3_i1.p6  ORF type:3prime_partial len:13 (+),score=4.50 TRINITY_DN92149_c2_g3_i1:142-177(+)	Our AMPs	0.158333333	-1.50492438
00028|Tricyclic peptide RP 71955 (a class 1 lasso peptide, 2S=S; lactam; XXJ; UCSB1a; bacteriocins; Gram-positive bacteria, prokaryotes, ZZHb)	APD3 microbial AMPs	1.157142857	-1.279380586
00035|Plantaricin A (PlnA, bacteriocin/pheromone, Gram-positive bacteria, prokaryotes; Other truncated forms: PlnA 23-mer;  PlnA 22-mer)	APD3 microbial AMPs	-0.423076923	5.753108607
00145|Carnobacteriocin B2 (Cbn B2, class 2a bacteriocin, Gram-positive bacteria, prokaryotes; 1S=S, UCSS1a, JJsn)	APD3 microbial AMPs	-0.277083333	3.712970868
00199|Leucocin A (LeuA, leucocin A-UAL187, leucocin A-QU15, leucocin BTa11a, and leucocin B-KM432Bz, class 2a bacteriocin, Gram-positive bacteria, prokaryotes)	APD3 microbial AMPs	-0.391891892	1.913452469
00204|Nisin Z  (lantibiotic,  type 1, class 1 bacteriocin, Gram-positive bacteria, prokaryotes; XXT5; XXW3; UCSS1b; Variants: Nisin ZP)	APD3 microbial AMPs	0.405882353	2.794773849
00205|Nisin A  (NisaplinTM, ChrisinTM, food additive E234; lantibiotic,  type 1, class 1 bacteriocin, Gram-positive bacteria, prokaryotes; XXT5; XXW3; UCSS1b; ZZS; BBW; BBMm; JJsn; Variants: nisin AP)	APD3 microbial AMPs	0.414705882	2.881948037
00206|Subtilin (lantibiotic, class 1 bacteriocin,Gram-positive bacteria, prokaryotes; XXT5; XXW3;  UCSS1b; BBW)	APD3 microbial AMPs	0.190625	1.710410123
00207|Pep5  (Lantibiotic,  type 1, class 1 bacteriocin, Gram-positive bacteria, prokaryotes; XXT3;  UCSS1b; XXW3)	APD3 microbial AMPs	-0.355882353	7.362479618
00480|Microcin J25 (MccJ25, formerly microcin 25, Mcc25; Gly-rich;  lactam; a class 2 lasso peptide; class 1 microcins, bacteriocins, Gram-negative bacteria, prokaryotes; XXJ; UCSB1a; BBpol; revisited)	APD3 microbial AMPs	0.4	-1.151911738
00499|Gramicidin A (gA, Trp-rich; Val-rich; Leu-rich; Gram-positive bacteria, prokaryotes; nonribosomally synthesized peptide antibiotic; UCLL2; ZZHb; ZZS; XXD5; BBMm)	APD3 microbial AMPs	2.106666667	-0.26601161
00529|Ericin S (lantibiotic,  type 1, class 1 bacteriocin, Gram-positive bacteria, prokaryotes; XXT5;  UCSS1b; XXW2)	APD3 microbial AMPs	0.321875	0.798583312
00530|Ericin A  (Lantibiotic,  type 1, class 1 bacteriocin, Gram-positive bacteria, prokaryotes; XXT5;  UCSS1b; XXW1)	APD3 microbial AMPs	0.731034483	1.681486436
00590|Siamycin II (BMY-29303,  lactam;  a class 1 lasso peptide, 2S=S; XXJ; UCSB1a; bacteriocins, Gram-positive bacteria, prokaryotes; ZZHb)	APD3 microbial AMPs	1.171428571	-1.279380586
00594|Lactococcin 972 (Lcn972, homodimer; bacteriocin, Gram-positive bacteria, prokaryotes; BBW)	APD3 microbial AMPs	-0.981818182	4.180434586
00631|Mundticin ATO6 (class 2a bacteriocin, Gram-positive bacteria, prokaryotes)	APD3 microbial AMPs	-0.253488372	3.734427388
00632|Piscicolin 126 / Piscicocin Via (PiscV1a, Pisc126, PisA, class 2a bacteriocin, Gram-positive bacteria, prokaryotes)	APD3 microbial AMPs	-0.313636364	2.735426389
00633|Sakacin P/ Sakacin 674 (SakP, pediocin-like class 2a bacteriocin, Gram-positive bacteria, prokaryotes)	APD3 microbial AMPs	-0.574418605	1.910773766
00634|Pediocin PA-1/ AcH (PedPA1, Pediocin CP2; class 2a bacteriocin, Gram-positive bacteria, prokaryotes; 2S=S, UCSS1a; Products: fermented ALTA 2341®; freeze-dried culture CHOOZIT™ FLAV 43)	APD3 microbial AMPs	-0.493181818	2.977146974
00635|Mesentericin Y105 (MesY105, class 2a bacteriocin, Gram-positive bacteria, prokaryotes)	APD3 microbial AMPs	-0.410810811	1.913452469
00636|Carnobacteriocin BM1 (Cbn BM1, PiscV1b, class 2a bacteriocin, Gram-positive bacteria, prokaryotes)	APD3 microbial AMPs	-0.076744186	1.862873714
00637|Curvacin A / sakacin A (CurA, SakA, class 2a bacteriocin, Gram-positive bacteria, prokaryotes)	APD3 microbial AMPs	-0.185365854	2.774867066
00673|Streptin 1 (lantibiotic,  type 1, class 1 bacteriocin, Gram-positive bacteria, prokaryotes; XXT;  UCSS1b; streptin 2)	APD3 microbial AMPs	0.4	2.701278417
00674|Planosporicin (Lantibiotic 97518; type 1, class 1 bacteriocin, Gram-positive bacteria, prokaryotes; XXT5; XXW2;  UCSS1b; revisited)	APD3 microbial AMPs	0.1625	-1.199418686
00726|Acidocin LCHV (bacteriocin, bacteria, prokaryotes; UCLL1a)	APD3 microbial AMPs	0.727272727	-0.239898386
00766|Gassericin A (GaaA; XXC, UCBB1a; reutericin 6, class 2c circular bacteriocin, Gram-positive bacteria, prokaryotes; revisited)	APD3 microbial AMPs	0.996551724	-0.152490678
00767|Circularin A (CirA; XXC, UCBB1a; class 2c circular bacteriocin, Gram-positive bacteria, prokaryotes)	APD3 microbial AMPs	1.007246377	3.729982386
00768|Closticin 574 (class 2c circular bacteriocin, Gram-positive bacteria, prokaryotes; XXC; UCBB1b; ?1S=S)	APD3 microbial AMPs	0.38902439	5.026153913
00807|Enterocin E-760 (bacteriocin, Gram-positive bacteria, prokaryotes)	APD3 microbial AMPs	-0.177419355	2.819990212
00841|Enterocin A (EntA, bacteriocin N15; class 2a bacteriocin, i.e. pediocin-like peptide, Gram-positive bacteria, prokaryotes)	APD3 microbial AMPs	-0.029787234	3.438895575
00842|Divercin V41 (DvnV41, class 2a bacteriocin, pediocin-like peptide, Gram-positive bacteria, prokaryotes. DvnRV41 is the recombinant form)	APD3 microbial AMPs	-0.118604651	2.352720388
00843|Divergicin M35 (class 2a bacteriocin, pediocin-like peptide, Gram-positive bacteria, prokaryotes)	APD3 microbial AMPs	-0.188372093	2.352842148
00844|Coagulin (class 2a bacteriocin, pediocin-like peptide, Gram-positive bacteria, prokaryotes)	APD3 microbial AMPs	-0.429545455	2.977146974
00845|Listeriocin 743A (class 2a bacteriocin, pediocin-like peptide, Gram-positive bacteria, prokaryotes)	APD3 microbial AMPs	-0.548837209	3.822600577
00846|Mundticin KS (enterocin CRL35, mundticin QU2, class 2a bacteriocin, pediocin-like peptide, Gram-positive bacteria, prokaryotes)	APD3 microbial AMPs	-0.253488372	3.734427388
00847|Sakacin 5X (Sak5X, class 2a bacteriocin, pediocin-like peptide, Gram-positive bacteria, prokaryotes)	APD3 microbial AMPs	-0.151162791	2.735426389
00848|Leucocin C (class 2a bacteriocin, pediocin-like peptide, Gram-positive bacteria, prokaryotes)	APD3 microbial AMPs	-0.606976744	1.910773766
00849|Lactococcin MMFII (class 2a bacteriocin, pediocin-like peptide, Gram-positive bacteria, prokaryotes)	APD3 microbial AMPs	-0.535135135	-0.532562758
00850|Sakacin G (SakG, class 2a bacteriocin, pediocin-like peptide, Gram-positive bacteria, prokaryotes)	APD3 microbial AMPs	-0.297297297	0.979023216
00851|Plantaricin 423 (class 2a bacteriocin, pediocin-like peptide, Gram-positive bacteria, prokaryotes)	APD3 microbial AMPs	-0.278378378	2.977025214
00852|Plantaricin C19 (class 2a bacteriocin, pediocin-like peptide, Gram-positive bacteria, prokaryotes)	APD3 microbial AMPs	-0.421621622	4.888842024
00853|Enterocin P (EntP, class 2a bacteriocin, pediocin-like peptide, Gram-positive bacteria, prokaryotes)	APD3 microbial AMPs	-0.15	0.864861716
00854|Bacteriocin 31 (Bac 31, Bac31, class 2a bacteriocin, pediocin-like peptide, Gram-positive bacteria, prokaryotes)	APD3 microbial AMPs	-0.690697674	3.860165012
00865|lactococcin B (LcnB, bacteriocin, Gram-positive bacteria, prokaryotes)	APD3 microbial AMPs	-0.459574468	1.534469633
00923|Carnobacteriocin B1 (Cbn B1, XXO, class 2a bacteriocin, Gram-positive bacteria, prokaryotes)	APD3 microbial AMPs	-0.076744186	1.862873714
00927|Butyrivibriocin AR10 (BviA; XXC; UCBB1a; class 2c bacteriocin, Gram-positive bacteria, prokaryotes)	APD3 microbial AMPs	1.001724138	-2.237843405
00928|Subtilosin A (SboA; XXC; sactipeptide; class 2c bacteriocin, 3S=CA; UCBB1c; Gram-positive bacteria, prokaryotes; ZZS)	APD3 microbial AMPs	0.691428571	-2.265548373
00929|Enterocin AS-48 (AS48, class 2c bacteriocin, Gram-positive bacteria, prokaryotes; XXC; UCBB1a; BBBh2o; Natural variants: enterocin 4, bacteriocin 21, bacteriocin-21, Bac-21; enterococcin EFS2)	APD3 microbial AMPs	0.548571429	5.502585527
00930|Plantaricin ASM1 (PASM1, Plantaricin A1; Plantaricin A-1; bacteriocin; Gram-positive bacteria, prokaryotes)	APD3 microbial AMPs	-0.241860465	-0.032632257
00931|Uberolysin (UblA; XXC, class 2c circular bacteriocin; UCBB1a; Gram-positive bacteria, prokaryotes)	APD3 microbial AMPs	0.937142857	2.75646089
00932|Acidocin B (XXC, class 2c circular bacteriocin; UCBB1a; Gram-positive bacteria, prokaryotes)	APD3 microbial AMPs	1.036206897	-0.152490678
00995|Carnocin UI49 (lantibiotic, class 1 bacteriocins; Gram-positive bacteria, prokaryotes;  UCSS1b; BWQ)	APD3 microbial AMPs	-1.4	-0.237097924
00996|Lichenin (bacteriocin; Gram-positive bacteria, prokaryotes)	APD3 microbial AMPs	0.825	-2.158693965
00997|Nisin Q (lantibiotic,  type 1, class 1 bacteriocins; Gram-positive bacteria, prokaryotes; XXT;  UCSS1b; XXW3)	APD3 microbial AMPs	0.523529412	2.794773849
00998|Lactococcin Z (LcnZ, class 2d bacteriocins, Gram-positive bacteria, prokaryotes)	APD3 microbial AMPs	-0.477777778	1.87705477
01000|Variacin (lantibiotic, type 2, class 1 bacteriocins; Gram-positive bacteria, prokaryotes;  UCSS1b; XXT)	APD3 microbial AMPs	0.452	-1.092442518
01001|Mutacin II (lantibiotic, mutacin H-29B, J-T8, type 2, class 1 bacteriocins; Gram-positive bacteria, prokaryotes;  UCSS1b; XXT3)	APD3 microbial AMPs	-0.359259259	0.819364293
01002| Mutacin 1140 (Mutacin III; MU1140-S; lantibiotic, class 1 bacteriocins; Gram-positive bacteria, prokaryotes; XXT; UCSS1b; BBW)	APD3 microbial AMPs	-0.128571429	1.718489652
01003|Mutacin, or Mutacin B-Ny266 (lantibiotic, class 1 bacteriocins; Gram-positive bacteria, prokaryotes; UCSS1b; XXT)	APD3 microbial AMPs	-0.013636364	1.717500651
01004|Thuricin S (Thuricin-S, class 2d bacteriocins; Gram-positive bacteria, prokaryotes, BWQ)	APD3 microbial AMPs	1.122222222	-2.245868153
01131|Aureocin A53 (AucA, class 2 bacteriocin; Gram-positive bacteria, prokaryotes; XXI; BBMm)	APD3 microbial AMPs	-0.084313725	7.492988599
01137|Siamycin I (MS-271; BMY 29304;  lactam; a class 1 lasso peptide, 2S=S; XXJ; UCSB1a; bacteriocins, Gram-positive bacteria, prokaryotes, ZZHb)	APD3 microbial AMPs	1.142857143	-1.279380586
01138|NP-06 (FR901724, siamycin, XXJ; 2S=S,  lactam; UCSB1a; bacteriocin; Gram-positive bacteria, prokaryotes, ZZHb)	APD3 microbial AMPs	1.157142857	-1.279380586
01151|Lactococcin G-a (LcnG; chain a, two-chain class 2b bacteriocin, UCLL2; Gram-positive bacteria, prokaryotes. For chain b, see info; BBrcp)	APD3 microbial AMPs	-0.743589744	3.845613081
01152|Lactococcin Q (two-chain class 2b bacteriocins; Gram-positive bacteria, prokaryotes, chain a. For chain b, see Info; UCLL2)	APD3 microbial AMPs	-0.692307692	4.543548164
01154|LCI (bacteriocin; Gram-positive bacteria, prokaryotes; LCI22-47)	APD3 microbial AMPs	-0.35106383	2.792047323
01155|Enterocin 1071 (Ent1071A, two-chain class 2b bacteriocin, UCLL2; Gram-positive bacteria, prokaryotes; chain B is Enterocin 1071B or Ent1071B, see info; BBrcp))	APD3 microbial AMPs	-0.461538462	2.921228324
01156|Plantaricin S (PlnS; chain a, two-chain class 2b bacteriocins; UCLL2; Gram-positive bacteria, prokaryotes)	APD3 microbial AMPs	0.523076923	1.843279798
01165|AFP1 (BBS, UCSS1a; 1S=S, bacteriocin; Gram-positive bacteria, prokaryotes; JJsn)	APD3 microbial AMPs	-0.403448276	-3.241745677
01167|Plantaricin NC8 (PLNC8, two-chain class 2b bacteriocin, UCLL2, Gram-positive bacteria, prokaryotes; More AMPs? Plantaricin J51)	APD3 microbial AMPs	-0.653571429	4.840272796
01168|Carnocyclin A (CclA; a class 2c circular bacteriocins;  Lactic acid bacteria; Gram-positive bacteria, prokaryotes; UCBB1a; XXC)	APD3 microbial AMPs	1.058333333	3.75691807
01169|Lactacin F (LafX, two-chain class 2b bacteriocins; Gram-positive bacteria, prokaryotes. For LafA, see Info; UCLL2)	APD3 microbial AMPs	0.197916667	1.824588579
01170|Brochocin C (BrcC, chain BrcA = NKR-5-3A, two-chain class 2b bacteriocins; Gram-positive bacteria, prokaryotes. For BrcB, see Info; UCLL2)	APD3 microbial AMPs	0.777966102	0.82571934
01171|Thermophilin 13 (chain a ThmA, two-chain class 2b bacteriocins; Gram-positive bacteria, prokaryotes. For chain B ThmB, see Info; UCLL2)	APD3 microbial AMPs	0.533870968	0.824720339
01172|ABP-118 (chain a: Abp118alpha, two-chain class 2b bacteriocins; Gram-positive bacteria, prokaryotes. For chain b: Abp118beta, see Info; UCLL2)	APD3 microbial AMPs	0.88	1.739290633
01173|Salivaricin P (chain a: Sln1; two-chain class 2b bacteriocins; Gram-positive bacteria, prokaryotes. For chain b: Sln2, see Info; UCLL2)	APD3 microbial AMPs	0.88	1.739290633
01174|Mutacin IV (chain a: NlmA, two-chain class 2b bacteriocins; Gram-positive bacteria, prokaryotes. For chain b:NLmB, see Info; UCLL2)	APD3 microbial AMPs	0.911363636	0.828276282
01175|Lactocin 705 (chain a: Lac705alpha; two-chain class 2b bacteriocins; Gram-positive bacteria, prokaryotes. For chain b: Lac705beta, see Info; UCLL2)	APD3 microbial AMPs	-0.415151515	3.928567745
01176|Cytolysin (CylLS, a two-chain lantibiotic, type 2, class 1 bacteriocins; Gram-positive bacteria, prokaryotes; XXW5; XXT5;  Chain B: CylLL; UCSS2b; JJsn)	APD3 microbial AMPs	1.214285714	0.377395613
01177|Plantaricin EF (PlnEF; chain a: PlnE,  two-chain class 2b bacteriocins; Gram-positive bacteria, prokaryotes. Chain b: PlnF; UCLL2)	APD3 microbial AMPs	0.086666667	3.845369561
01178|Plantaricin JK (PlnJK; chain a: PlnJ; VIHNN; two-chain class 2b bacteriocins; Gram-positive bacteria, prokaryotes. Chain b: PlnK; UCLL2)	APD3 microbial AMPs	-0.932	3.760995835
01179|Enterocin SE-K4 (class 2a bacteriocins; Gram-positive bacteria, prokaryotes)	APD3 microbial AMPs	-0.41627907	4.739317612
01180|Acidocin J1132 (two-chain class 2b bacteriocins; Gram-positive bacteria, prokaryotes; UCLL2)	APD3 microbial AMPs	-0.043478261	1.836365811
01181|Curvaticin L442 (class 2a bacteriocins; Gram-positive bacteria, prokaryotes)	APD3 microbial AMPs	-0.36	0.860371553
01182|Bacteriocin 32 (Bac 32, class 2a bacteriocins; Gram-positive bacteria, prokaryotes)	APD3 microbial AMPs	-0.417142857	10.73698707
01183|Bacteriocin 43 (Bac 43,  bacteriocins; Gram-positive bacteria, prokaryotes)	APD3 microbial AMPs	-0.745454545	2.862975474
01184|Bacteriocin T8 (Bac T8, class 2a bacteriocins; Gram-positive bacteria, prokaryotes)	APD3 microbial AMPs	-0.745454545	2.862975474
01185|Enterocin B (EntB, bacteriocins;  Gram-positive bacteria, prokaryotes)	APD3 microbial AMPs	-0.375471698	3.900305583
01186|Acidocin A (class 2 bacteriocins;  Gram-positive bacteria, prokaryotes)	APD3 microbial AMPs	-0.298275862	9.904759761
01187|Enterocin Q (EntQ, XXF; class 2d bacteriocins; Gram-positive bacteria, prokaryotes)	APD3 microbial AMPs	-0.358823529	3.478181623
01188|Enterocin EJ97 (EntEJ97, class 2d bacteriocins; leaderless, i.e. no signal peptide, Gram-positive bacteria, prokaryotes; BBrcp)	APD3 microbial AMPs	-0.588636364	5.494966601
01189|Enterocin RJ-11 (EntRJ-11, class 2d bacteriocins; leaderless, i.e. no signal sequence, Gram-positive bacteria, prokaryotes)	APD3 microbial AMPs	0.063636364	6.791662043
01190|Enterocin L50 (old name: pediocin L50, EntL50A, Ent62-6A; a two-chain class 2b bacteriocin, UCLL2; Gram-positive bacteria, prokaryotes. The sequence of EntL50B/Ent62-6B is provided in Info; XXI)	APD3 microbial AMPs	0.202272727	5.58315979
01191|MR10A (Enterocin 7A; Ent7A; XXI; class 2d bacteriocin, Gram-positive bacteria, prokaryotes)	APD3 microbial AMPs	0.202272727	5.581470089
01192|Halocin S8 (HalS8, microhalocin, archaeocins, archaea, prokaryotes; 2S=S; UCSS1a)	APD3 microbial AMPs	0.563888889	-2.577215979
01193|Halocin C8 (HalC8, microhalocins, archaeocins, archaea, prokaryotes;  5S=S; UCSS1)	APD3 microbial AMPs	0.885526316	-4.329999861
01194|Lacticin 3147 (LtnA1= chain A1, a two-chain lantibiotic, class 1 bacteriocin, Gram-positive bacteria, prokaryotes. XXD3; XXT;  UCSS2b; ZZS; BBW; JJsn)	APD3 microbial AMPs	-0.29	-1.190394937
01195|Salivaricin A (SalA, lantibiotic, class 1 bacteriocin, Gram-positive bacteria, prokaryotes;  UCSS1b; XXT)	APD3 microbial AMPs	0.195454545	-0.268368835
01196|Microcin E492 (MccE492, class 2b microcins, the siderophore-mocrocin family; bacteriocin, Gram-negative bacteria, prokaryotes;  BBPP; BBII, XXB; XXG, BBBh2o; Variants: u-Mcc492)	APD3 microbial AMPs	0.06547619	-4.147550454
01197|Hiracin JM79 (HirJM79, a Sec-dependent class 2a bacteriocin, Gram-positive bacteria, prokaryotes)	APD3 microbial AMPs	-0.745454545	2.862975474
01198|Thermophilin 9 (BlpDst, four-chain class 2b bacteriocin, Gram-positive bacteria, prokaryotes. beta-chains: BlpUst, BlpEst, BapFst)	APD3 microbial AMPs	1.294285714	-2.256768144
01199|Penocin A (PenA, class 2a bacteriocin, Gram-positive bacteria, prokaryotes)	APD3 microbial AMPs	-0.585714286	3.995939953
01200|Salivaricin B (SalB, lantibotic, class 1 bacteriocin, Gram-positive bacteria, prokaryotes; XXT3)	APD3 microbial AMPs	0.176	-0.179626706
01201|Lacticin 481 (lantibiotic, type 2, class 1 bacteriocin, Gram-positive bacteria, prokaryotes; XXT3;  UCSS1b; BBMm)	APD3 microbial AMPs	0.051851852	-0.093441519
01202|Bacteriocin J46 (BacJ46, lantibiotic, class 1 bacteriocin, Gram-positive bacteria, prokaryotes,  UCSS1b; XXT)	APD3 microbial AMPs	0.292592593	-0.08453953
01203|Nukacin ISK-1 (NukISK-1, Nukacin A, Nukacin 3299, OLD simulancin 3299, lantibiotic, class 1 bacteriocin, Gram-positive bacteria, prokaryotes, XXT;  UCSS1b; BBW; Warnericin RB4?)	APD3 microbial AMPs	-0.011111111	1.902870778
01204|Streptococcin A-FF22 (SA-FF22; LANTIBIOTIC, type 2, class 1 bacteriocin, Gram-positive bacteria, prokaryotes;  UCSS1b; XXT)	APD3 microbial AMPs	0.111538462	0.90555948
01205|Lactocin S (XXD3, lantibiotic, type 2,  UCSS1b; class 1 bacteriocin, Gram-positive bacteria, prokaryotes; BBW)	APD3 microbial AMPs	0.575675676	-0.385371926
01206|Mersacidin (type-B lantibiotics, type 2, class 1 bacteriocin, Gram-positive bacteria, prokaryotes;  UCSS1b; XXT; BBW)	APD3 microbial AMPs	0.94	-1.276691884
01224|Gramicidin B (Trp-rich; nonribosomally synthesized peptide antibiotic; Gram-positive bacteria, prokaryotes; UCLL2)	APD3 microbial AMPs	2.353333333	-0.26601161
01225|Gramicidin C (Trp-rich; nonribosomally synthesized peptide antibiotic; Gram-positive bacteria, prokaryotes; UCLL2)	APD3 microbial AMPs	2.08	-0.267010611
01226|Microcin C7 (MccC7, Microcin C/MccC, microcin C51/MccC51, MccC7/C51; class 1 microcins, bacteriocins, Gram-negative bacteria, prokaryotes. Others: MccA; XXamp; BBPe, WXS)	APD3 microbial AMPs	-1.271428571	-0.49535365
01227|Microcin B17 (MccB17, Gly-rich, class 1 microcins, bacteriocins, Gram-negative bacteria, prokaryotes; BBren)	APD3 microbial AMPs	-0.13255814	-0.218441382
01228|Microcin V (MccV, (old name)  Colicin V, ColV; class 2a microcins, bacteriocins, Gram-negative bacteria, prokaryotes, BBMm)	APD3 microbial AMPs	-0.003409091	-0.133784003
01229|Microcin L (MccL, class 2a microcins, bacteriocins, Gram-negative bacteria, prokaryotes, BBMm)	APD3 microbial AMPs	0.114444444	-3.271592921
01230|Microcin M (MccM, class 2b microcins,the siderophore-microcin family, bacteriocins, Gram-negative bacteria, prokaryotes; BBPP, BBII, XXB)	APD3 microbial AMPs	0.081818182	-2.148559455
01231|Microcin H47 (MccH47, class 2b microcins, bacteriocins, the siderophore-microcin family, Gram-negative bacteria, prokaryotes, BBPP; BBII; XXB)	APD3 microbial AMPs	0.836666667	-0.239898386
01232|Microcin I47 (MccI47, class 2b microcins, bacteriocins, Gram-negative bacteria, prokaryotes; XXB)	APD3 microbial AMPs	-0.251612903	-2.509069263
01283|Pep27 (bacteriocin; Gram-positive bacteria, prokaryotes; Derivatives)	APD3 microbial AMPs	-1.292592593	3.588544856
01285|Microcin 24 (Mcc24, microcin N; OLD name: colicin 24, class 2a microcins, bacteriocin; Revisited; Gram-negative bacteria, prokaryotes, BBMm)	APD3 microbial AMPs	0.109459459	1.847499323
01329|BTL (bacteriocin; Gram-positive bacteria, prokaryotes, BWQ)	APD3 microbial AMPs	-0.26	-1.235276463
01464|AdDLP (A. dehalogenans defensin-like peptide, bacteriocin; Gram-negative bacteria, prokaryotes, ZZP)	APD3 microbial AMPs	-0.325490196	-1.205306313
01493|Paenibacillin (lantibiotic, class 1 bacteriocin, M152-P4; XXE; XXT;  UCSS1b; Gram-positive bacteria, prokaryotes)	APD3 microbial AMPs	0.54	4.741374632
01495|Epidermin (staphylococcin 1580; lantibiotic,  type 1, class 1 bacteriocin, Gram-positive bacteria, prokaryotes; XXT4; XXW1;  UCSS1b; BBW)	APD3 microbial AMPs	0.427272727	1.717500651
01511|Lichenicidin (type B lantibiotic, BliA1, class 1 bacteriocin, CHAIN A1; Gram-positive bacteria, prokaryotes;  UCSS1b; XXT; JJsn)	APD3 microbial AMPs	0.251515152	0.358406093
01569|Enterocin X (two-chain class 2b bacteriocin, Gram-positive bacteria, prokaryotes; UCLL2)	APD3 microbial AMPs	-0.251282051	0.613629073
01570|Thuricin CD (sactipeptide; lantibiotic, Trn-alpha and Trn-beta, two-chain class 2b bacteriocin, 3S=CA; UCSB1c; XXJ; Gram-positive bacteria, prokaryotes)	APD3 microbial AMPs	1.343333333	-1.266790894
01593|Duramycin (PA48009; Leucopeptin; Lantibiotic, type B, class 1 bacteriocin, Gram-positive bacteria, prokaryotes; XXT;  UCSS1b; XXK; revisited)	APD3 microbial AMPs	-0.189473684	0.729521403
01594|Duramycin B (Lantibiotic, type B, class 1 bacteriocin, Gram-positive bacteria, prokaryotes: XXT;  UCSS1b; XXK)	APD3 microbial AMPs	-0.168421053	0.730510404
01595|Duramycin C (Lantibiotic,  type B, class 1 bacteriocin, Gram-positive bacteria, prokaryotes; XXT;  UCSS1b; XXK)	APD3 microbial AMPs	-0.510526316	-0.270478597
01596|Cinnamycin (Ro 09-0198; class 1 Lantibiotic, type 2, type B, bacteriocin; Gram-positive bacteria, prokaryotes;  UCSS1b; XXT)	APD3 microbial AMPs	-0.221052632	0.730510404
01600|PAMP (the protease-activated antimicrobial peptide, bacteriocin; Gram-positive bacteria, prokaryotes)	APD3 microbial AMPs	0.53125	1.810387523
01603|Michiganin A (lantibiotic, type 2, type B, class 1 bacteriocin, Gram-positive bacteria, prokaryotes;  UCSS1b; XXT)	APD3 microbial AMPs	0.89047619	-0.576657039
01604|Ipomicin (bacteriocin, Gram-positive bacteria, prokaryotes)	APD3 microbial AMPs	-0.404166667	1.91514203
01605|Actagardine (old names: gardimycin, metabolite B; lantibiotic, type 2, type B, class 1 bacteriocin, Gram-positive bacteria, prokaryotes; XXT;  UCSS1b; XXO; BBW; revisited)	APD3 microbial AMPs	1.268421053	-1.576647039
01606|Sublancin 168 (S-linked glycopeptide, glycocins;  class 4 bacteriocin, Gram-positive bacteria, prokaryotes; XXT; XXGs; 2S=S; revisited)	APD3 microbial AMPs	0.240540541	2.708578662
01607|Bovicin HJ50  (lantibiotic, type 2, class 1 bacteriocin, Gram-positive bacteria, prokaryotes; XXT2;  UCSS1b; 1S=S; BBW)	APD3 microbial AMPs	0.296969697	1.755505146
01608|Thermophilin 1277 (lantibiotic, class 1 bacteriocin, Gram-positive bacteria, prokaryotes;  UCSS1b; XXT)	APD3 microbial AMPs	0.296969697	1.755505146
01609|Plantaricin W (plw, a two-chain lantibiotic, type 2, class 1 bacteriocin, Gram-positive bacteria, prokaryotes, XXT;  UCSS2b; 1S=S; JJsn)	APD3 microbial AMPs	-0.393103448	-0.113121739
01610|Staphylococcin C55 (a two-chain lantibiotic, type 2, class 1 bacteriocin, Gram-positive bacteria, prokaryotes; XXT;  UCSS2b; JJsn)	APD3 microbial AMPs	-0.633333333	-0.191393938
01611|Gallidermin (staphylococcin T, StT, lantibiotic, type A, type 1, class 1 bacteriocin, Gram-positive bacteria, prokaryotes; XXT4; XXW1;  UCSS1b; BBW)	APD3 microbial AMPs	0.395454545	1.717500651
01612|Epilancin 15X (lantibiotic, class 1 bacteriocin, Gram-positive bacteria, prokaryotes; XXT3; XXW4;  UCSS1b; XXE1)	APD3 microbial AMPs	-0.022580645	6.511613671
01615|Epilancin K7 (lantibiotic, class 1 bacteriocin; Gram-positive bacteria, prokaryotes; XXT3,  UCSS1b; XXW4)	APD3 microbial AMPs	0.087096774	5.423450482
01616|Epicidin 280 (lantibiotic, class 1 bacteriocin, Gram-positive bacteria, prokaryotes; XXT3,  UCSS1b; XXW)	APD3 microbial AMPs	-0.22	4.427548246
01617|Microbisporicin A1 (type AI lantibiotic 107891, NAI-107, class 1 bacteriocin; Gram-positive bacteria, prokaryotes; XXT5, XXW2,  UCSS1b; XXH, XXK; BBW; Variants: microbisporicin A2; NAI-108)	APD3 microbial AMPs	0.333333333	-0.315516561
01618|SmbB (lantibiotic, a two-chain class b bacteriocin, UCSS2b, Gram-positive bacteria, prokaryotes; Another sequence: SmbA)	APD3 microbial AMPs	0.353125	1.730202103
01621|Haloduracin (a two-chain lantibiotic, HalA1 and HalA2, class 1 bacteriocin, Gram-positive bacteria, prokaryotes; XXT7 (both chains);  XXW3; UCSS2b; 1S=S; JJsn: BBW)	APD3 microbial AMPs	0.107142857	0.710400123
01632|Cypemycin (linaridins, bacteriocin; Gram-positive bacteria, prokaryotes; XXM; XXW4; UCSS1b; Variants: Grisemycin)	APD3 microbial AMPs	1.109090909	-0.223927392
01647|Plantazolicin A (pzn; PZN; microcin, bacteriocin B17-like; Gram-positive bacteria, prokaryotes; XXM; BBMm)	APD3 microbial AMPs	0.45	0.740289634
01651|Garvicin ML (GarML; class 2c circular bacteriocin, lactic acid; Gram-positive bacteria, prokaryotes; XXC, UCBB1a; BBrcp)	APD3 microbial AMPs	0.886666667	4.754229368
01652|Lactocyclicin Q (class 2c circular bacteriocin, Gram-positive bacteria, prokaryotes; UCBB1a; XXC)	APD3 microbial AMPs	0.826229508	1.93368451
01712|Entianin (named based on the author name; subtilin-like  lantibiotic, class 1 bacteriocin, Gram-positive bacteria, prokaryotes; XXT5; XXW3;  UCSS1b; Derivative: N-terminal succinylated-antianin; XXE-4	APD3 microbial AMPs	0.2875	1.710410123
01724|Capistruin ( lactam;  a class 2 lasso peptide; class 1 microcin, bacteriocins; Gram-negative bacteria, prokaryotes; XXJ; UCSB1a; BBpol)	APD3 microbial AMPs	-0.378947368	0.761202375
01728|Lariatin A ( lactam;  a class 2 lasso peptide; bacteriocins, acid-fast Gram-positive bacteria, prokaryotes; XXJ; UCSB1a)	APD3 microbial AMPs	-0.411111111	0.848078263
01729|Lariatin B ( lactam;  a class 2 lasso peptide; bacteriocins, acid-fast Gram-positive bacteria, prokaryotes; XXJ; UCSB1a;)	APD3 microbial AMPs	-0.47	0.848078263
01761|Glycocin F (GccF, OLD name: plantaricin KW30; a S-linked glycopeptide; class 4 bacteriocin, Gram-positive bacteria, prokaryotes; XXGs)	APD3 microbial AMPs	-0.318604651	0.054541932
01767|Leucocyclicin Q (class 2c circular bacteriocin, Gram-positive bacteria, prokaryotes; UCBB1a; XXC)	APD3 microbial AMPs	0.750819672	1.848900722
01955|Garvieacin Q (Garvicin Q; GarQ, class 2d bacteriocin, Gram-positive bacteria, lactic acid bacteria, prokaryotes; BBrcp)	APD3 microbial AMPs	-0.178	1.997380761
01963|Laterosporulin (LS, class 2 bacteriocin; Gram-positive bacteria, prokaryotes; 3S=S; UCSS1a)	APD3 microbial AMPs	-0.489795918	-0.999161347
01969|GP-19 (bacteriocin; Gram-negative bacteria, prokaryotes)	APD3 microbial AMPs	0.484210526	-0.239898386
01970|EP-20 (bacteriocin; Gram-negative bacteria, prokaryotes)	APD3 microbial AMPs	-0.095	-3.160930859
01971|Geobacillin I (lantibiotics, class 1 bacteriocin; Gram-positive bacteria, prokaryotes; XXT7;  UCSS1b; XXW2)	APD3 microbial AMPs	0.736363636	1.663672458
01972|Geobacillin II (lantibiotics, bacteriocin;  UCSS1b; Gram-positive bacteria, prokaryotes)	APD3 microbial AMPs	0.659259259	3.419513498
01993|Bacteriocin LS2 (class 2d bacteriocins; Gram-positive bacteria, prokaryotes)	APD3 microbial AMPs	0.451219512	2.372400608
01994|Patellamide (Patellamide D; cyanobactins;  bacteriocin, cyanobacteria; prokaryotes; thiazole,  UCBB1a; XXC)	APD3 microbial AMPs	2.6125	-0.259700366
01995|Blp1 (class 2b two-chain bacteriocins; UCLL2, Gram-positive bacteria, prokaryotes)	APD3 microbial AMPs	0.58028169	-0.018601756
01996|Trichamide (cyanobactins;  bacteriocin, cyanobacteria, prokaryotes; XXC, UCBB1a)	APD3 microbial AMPs	-0.445454545	-1.094689412
01997|Enterocin NKR-5-3D (bacteriocin, Gram-positive bacteria, prokaryotes. Other not sequenced:  NKR-5-3C )	APD3 microbial AMPs	0.107407407	-0.514385697
02014|Microcin S (MccS, class 2a microcin, bacteriocin, Gram-negative bacteria, prokaryotes)	APD3 microbial AMPs	-0.446601942	6.807537062
02015|Microcin PDI (MccPDI, class 2a microcin, bacteriocin, Gram-negative bacteria, prokaryotes)	APD3 microbial AMPs	-0.505882353	4.897951773
02028|m2163 (LSEI_2163, class 2d bacteriocin, Gram-positive bacteria, prokaryotes)	APD3 microbial AMPs	-0.333333333	2.82558758
02029|m2386 (LSEI_2386, class 2d bacteriocins, Gram-positive bacteria, prokaryotes)	APD3 microbial AMPs	-0.686363636	1.761435895
02052|Sclerosin (lipopeptide; bacteriocin, Gram-negative bacteria, prokaryotes; XXL; XXW5)	APD3 microbial AMPs	1.272727273	0.397197593
02053|Astexin-1 (class 2 lasso, bacteriocin, Gram-negative bacteria, prokaryotes)	APD3 microbial AMPs	-0.982608696	-4.227053577
02074|Enterocin AS-48RJ (class 2c circular bacteriocin, Gram-positive bacteria, prokaryotes; XXC, UCBB1a)	APD3 microbial AMPs	0.658571429	6.499775065
02104|Warnericin RK (bacteriocin; hemolysins; Gram-positive bacteria, prokaryotes; BBMm)	APD3 microbial AMPs	0.209090909	1.498600205
02105|delta-lysin I (bacteriocins; hemolysins; Gram-positive bacteria, prokaryotes)	APD3 microbial AMPs	0.584	1.498600205
02117|Paenicidin A (Lantibiotic; class 1 bacteriocins; Gram-positive bacteria, prokaryotes;  UCSS1b; XXT6)	APD3 microbial AMPs	0.675	0.67638391
02130|Antiviral lectin scytovirin (SVN; UCSS1a; 5S=S, bacteria, prokaryotes; revisited; BBS)	APD3 microbial AMPs	-1.1	3.751326863
02131|Cyanovirin-N (CVN,CV-N; lectin: UCSS1a;2S=S,  bacteria, prokaryotes; BBS)	APD3 microbial AMPs	-0.446534653	-3.172646309
02132|Microcystis viridis lectin (MVL; bacteria, prokaryotes; BBS)	APD3 microbial AMPs	-0.064912281	-5.305763264
02143|Pln149 (Plantaricin149, Plantaricin-149; bacteriocin; Gram-positive bacteria, prokaryotes. BBMm; Derivatives: Pln149a)	APD3 microbial AMPs	-0.445454545	5.753108607
02164|NAI-802 (lantibiotic, bacteriocin,  UCSS1b; Gram-positive bacteria, prokaryotes)	APD3 microbial AMPs	1.019047619	-0.24092891
02165|BacCH91 (lantibiotic, bacteriocin,  UCSS1b; Gram-positive bacteria, prokaryotes)	APD3 microbial AMPs	0.559090909	0.719498653
02189|Fusaricidin A (lactone; XXD; XXL; XXJ; UCSB1b; lipopeptides; nonribosomally synthesized peptide antibiotic; Gram-positive bacteria, prokaryotes)	APD3 microbial AMPs	0.883333333	-0.601803406
02190|Fusaricidin B (lactone; XXD; XXL; XXJ; UCSB1b; lipopeptides; nonribosomally synthesized peptide antibiotic; Gram-positive bacteria, prokaryotes)	APD3 microbial AMPs	0.883333333	-0.601803406
02191|Fusaricidin C (lactone; XXD; XXL; XXJ; UCSB1b; lipopeptides;nonribosomally synthesized peptide antibiotic; Gram-positive bacteria, prokaryotes)	APD3 microbial AMPs	-0.033333333	-0.602802407
02192|Fusaricidin D (lactone; XXD; XXL; XXJ; UCSB1b; lipopeptides; nonribosomally synthesized peptide antibiotic; Gram-positive bacteria, prokaryotes)	APD3 microbial AMPs	-0.033333333	-0.602802407
02193|Peptide AN5-1 (bacteriocin, Gram-positive bacteria, prokaryotes; BBMm; BBN)	APD3 microbial AMPs	0.108333333	0.758103612
02194|NRWC (name not yet found; bacteriocin, Gram-positive bacteria, prokaryotes)	APD3 microbial AMPs	-1.022222222	-1.244386952
02201|PE1 (lactone; lipopeptides; nonribosomally synthesized peptide antibiotic; Gram-positive bacteria; prokaryotes; XXD; XXJ; XXL; UCSB1b; also PE2)	APD3 microbial AMPs	0.744444444	2.757104611
02203|Natural form A21978C1 (XXL; XXD3; XXM; lactone, XXJ; UCSB1b; Gram-positive bacteria, prokaryotes; BBII, BBW; derivatives: Daptomycin, cubicin, LY146032; LY 146032; lipopeptides)	APD3 microbial AMPs	-1.853846154	-3.235723643
02204|Colistin (Polymyxin E1 and  E2; lactam, XXD; XXL; XXJ; UCSB1a;  lipopeptides; nonribosomally synthesized peptide antibiotic; bacteria; BBL; BBMm, prokaryotes)	APD3 microbial AMPs	-1.72	5.754107608
02220|Subtilosin A1 (SboA1; XXC; 3S=CA, UCSB1c, sactipeptide; lantibiotic, class 2c bacteriocin, Gram-positive bacteria, prokaryotes)	APD3 microbial AMPs	0.84	-2.265548373
02221|Macedovicin (lantibiotic; bacteriocin,  UCSS1b; Gram-positive bacteria, prokaryotes)	APD3 microbial AMPs	1.019047619	-0.24092891
02242|Subtilomycin (lantibiotic, bacteriocin, Gram-positive bacteria; prokaryotes; XXT5; XXW3;  UCSS1b; XXO)	APD3 microbial AMPs	0.0875	3.345684641
02243|Gramicidin S (Gramicidin Soviet, GS; nonribosomally synthesized peptide antibiotic; bacteria; prokaryotes; XXC; XXD2; UCBB1a; BBMm; JJsn)	APD3 microbial AMPs	1.06	1.731990388
02246|Enterocin RM6 (a variant of AS-48, class 2c circular bacteriocin, Gram-positive bacteria; prokaryotes; XXC, UCBB1a)	APD3 microbial AMPs	0.538571429	5.502585527
02247|Lacticin Q (LnqQ, class 2d bacteriocin, Gram-positive bacteria; prokaryotes; XXI)	APD3 microbial AMPs	0.3	5.4936052
02248|LsbA (class 2 bacteriocin, Gram-positive bacteria, prokaryotes)	APD3 microbial AMPs	0.475	4.743309377
02249|Teixobactin (nonribosomally synthesized peptide antibiotic, Gram-negative bacteria, prokaryotes, lactone, XXJ, XXD4; XXM; UCSB1b; BBW)	APD3 microbial AMPs	1.118181818	0.760091614
02250|LsbB (class 2d bacteriocin, Gram-positive bacteria; prokaryotes; XXF; BBrcp)	APD3 microbial AMPs	-0.683333333	4.584447092
02251|Mutacin BHT-B (class 2d bacteriocin, Gram-positive bacteria; prokaryotes; XXI. More AMPs? Mutacin BHA-A, seq?)	APD3 microbial AMPs	0.240909091	3.498271905
02252|BHT-A1 (class 2 two-component bacteriocin, Gram-positive bacteria;  prokaryotes; another chain: BHT-A2)	APD3 microbial AMPs	0.53125	0.731201104
02253|Enterocin 7B (MR10B, Ent7B; class 2d bacteriocin, Gram-positive bacteria, prokaryotes; XXI)	APD3 microbial AMPs	-0.109302326	5.583458091
02254|CmmAMP-I (C. michiganensis subsp. michiganensis AMP-I, bacteriocin, Gram-positive bacteria, prokaryotes)	APD3 microbial AMPs	-0.438842975	1.779926029
02308|Salivaricin 9 (lantibiotic; bacteriocin,  UCSS1b; Gram-positive bacteria, prokaryotes; BBMm)	APD3 microbial AMPs	0.125	1.817386291
02320|Bacteriocin OR-7 (class 2a bacteriocins, Gram-positive bacteria; prokaryotes)	APD3 microbial AMPs	-0.646296296	5.916780513
02321|Bacteriocin L-1077 (class 2a bacteriocins, Gram-positive bacteria; prokaryotes)	APD3 microbial AMPs	0.262162162	2.39431235
02323|Bactofencin A (bacteriocins, Gram-positive bacteria; prokaryotes)	APD3 microbial AMPs	-1.522727273	6.822438818
02324|Plantaricin 163 (bacteriocins, Gram-positive bacteria; prokaryotes)	APD3 microbial AMPs	-0.9875	3.795346592
02333|Champacyclin (bacteria; prokaryotes. XXC; XXD; UCBB1a)	APD3 microbial AMPs	2.8125	0.759102613
02336|Fengycin B2 (lipopeptides; lactone; bacteriocins; bacteria; prokaryotes; XXJ; XXL; UCSB1b)	APD3 microbial AMPs	-1.09	-2.16054846
02346|BacFL31 (Pro-rich; bacteriocin, Gram-positive bacteria, prokaryotes; XXK; BWQ)	APD3 microbial AMPs	-1.134782609	-2.147103274
02347|Paenibacterin (lipopeptides; bacteriocin, Gram-positive bacteria, prokaryotes; XXL; lactone, XXJ; UCSB1b; BBL; BBMm)	APD3 microbial AMPs	0.161538462	3.75610561
02348|Cerecidin A1 (lantibiotic; bacteriocin, UCSS1b; Gram-positive bacteria, prokaryotes; XXT2; XXW)	APD3 microbial AMPs	1.26	1.376396612
02349|Cerecidin A7 (lantibiotic, bacteriocin,  UCSS1b; Gram-positive bacteria, prokaryotes; XXT2; XXW2)	APD3 microbial AMPs	1.42	1.376396612
02359|BsaA2 (Bacteriocin of S. aureus A2; staphylococcin Au-26;  lantibiotics, Gram-positive bacteria, prokaryotes;  UCSS1b; XXT4; XXW3)	APD3 microbial AMPs	0.336363636	0.806672841
02360|PepG1 long (Gram-positive bacteria, prokaryotes)	APD3 microbial AMPs	1.009090909	4.501949608
02361|PepG1 short  (Gram-positive bacteria, prokaryotes)	APD3 microbial AMPs	1.387096774	1.500168147
02370|AN5-2 (bacteriocins, Gram-positive bacteria, prokaryotes)	APD3 microbial AMPs	0.691666667	1.748202622
02372|Baceridin (bacteriocins, Gram-positive bacteria, prokaryotes; XXC; XXD3, UCBB1a)	APD3 microbial AMPs	2.866666667	-0.239898386
02376|Lassomycin (Gram-positive bacteria, prokaryotes; XXJ;  lactam;  UCSB1a)	APD3 microbial AMPs	-0.2875	2.761182376
02378|Gageostatin A (nonribosomally synthesized peptide antibiotic; lipopeptides; marine bacteria, prokaryotes; XXD; XXL)	APD3 microbial AMPs	1.771428571	-2.16205162
02379|Gageostatin B (nonribosomally synthesized peptide antibiotic; lipopeptides; marine bacteria, prokaryotes; XXD; XXL)	APD3 microbial AMPs	1.771428571	-2.16205162
02380|Gageostatin C (nonribosomally synthesized peptide antibiotic; lipopeptides; marine bacteria, prokaryotes; XXD; XXL)	APD3 microbial AMPs	1.771428571	-2.16205162
02394|Thurincin H  (sactipeptide; bacteriocins, Gram-positive bacteria, prokaryotes; 4S=CA; UCSB1c)	APD3 microbial AMPs	0.964516129	-2.275571123
02395|Bac-GM100  (bacteriocins, Gram-positive bacteria, prokaryotes)	APD3 microbial AMPs	0.476190476	-3.266239073
02396|Amylocyclicin  (bacteriocins, Gram-positive bacteria, prokaryotes; XXC; UCBB1a)	APD3 microbial AMPs	0.85	4.752353126
02397|Sonorensin  (bacteriocins, Gram-positive bacteria, prokaryotes)	APD3 microbial AMPs	0.152631579	0.22180608
02398|Perfrin (bacteriocins, Gram-positive bacteria, prokaryotes)	APD3 microbial AMPs	0.044339623	4.833768187
02399|Sil (bacteriocins, Gram-positive bacteria, prokaryotes)	APD3 microbial AMPs	-0.693421053	1.087726452
02402|Garvicin A (GarA; class 2d bacteriocin, lactic acid; Gram-positive bacteria, prokaryotes; BBrcp)	APD3 microbial AMPs	-0.379069767	2.755096609
02408|Microbisporicin A2 (type AI lantibiotic 107891, NAI-107, class 1 bacteriocin;  UCSS1b; Gram-positive bacteria, prokaryotes; XXT5, XXW2, XXH, XXK; BBW)	APD3 microbial AMPs	0.333333333	-0.315516561
02410|Tolworthcin 524 (bacteriocins, Gram-positive bacteria, prokaryotes; BWQ)	APD3 microbial AMPs	1	-1.278381585
02418|Plantaricin ZJ008 (bacteriocins, Gram-positive bacteria, prokaryotes; BWQ)	APD3 microbial AMPs	-1.12	-0.239898386
02429|Plantaricin ZJ5 (PZJ5, bacteriocin; Gram-positive bacteria, prokaryotes)	APD3 microbial AMPs	-0.140909091	3.755106609
02431|RLID 12.1 (Gram-positive bacteria, prokaryotes; BWQ)	APD3 microbial AMPs	-1.64	-0.601803406
02432| LMW peptide ( low molecular weight peptide; bacteriocin, Gram-positive bacteria, prokaryotes; 1S=S)	APD3 microbial AMPs	0.75625	0.863236796
02433|Carnolysin (two-component lantibiotic, bacteriocin,  UCSS2b; Lactic acid; Gram-positive bacteria, prokaryotes; XTT6; XXW5; XXD6)	APD3 microbial AMPs	0.702222222	0.731322864
02441|S. amritsarensis lipopeptide (nonribosomally synthesized peptide antibiotic, bacteria, prokaryotes; XXL)	APD3 microbial AMPs	-1.65	-0.116951224
02450|Ala-6-fenycin (BLIS P34, lactone, lipopeptide, XXL; XXJ; UCSB1b; nonribosomally synthesized peptide antibiotic, bacteria, prokaryotes; Various lipidated forms)	APD3 microbial AMPs	-1.3	-2.16054846
02520|Enterocin O16 (EntV; bacteriocins; Gram-positive bacteria, prokaryotes)	APD3 microbial AMPs	0.622058824	5.739039311
02524|PseA (Pseudomycoicidin; bacteriocins; lantibiotics; Gram-positive bacteria, prokaryotes; UCSS1b;  XXT4; 1S=S)	APD3 microbial AMPs	-0.15	-1.298061806
02525|Labyrinthopeptin A2 (LabyA2; bacteriocins; lantibiotics; Gram-positive bacteria, prokaryotes; UCSS1b; XXT2; XXV2;  1S=S)	APD3 microbial AMPs	0.505555556	-2.575526278
02526|Labyrinthopeptin A1 (LabyA1; bacteriocins; lantibiotics; Gram-positive bacteria, prokaryotes; UCSS1b; XXT2; XXV2;  1S=S)	APD3 microbial AMPs	0.38	-1.576647039
02543|Plantaricin KL-1Y (bacteriocins; Gram-positive bacteria, prokaryotes; More AMPs)	APD3 microbial AMPs	-0.766666667	5.757176372
02572|Dosotamide A (bacteria, prokaryotes, XXC; UCBB1b; XXD1)	APD3 microbial AMPs	1.216666667	-0.239898386
02573|Dosotamide B (bacteria, prokaryotes, XXC; UCBB1b; XXD1)	APD3 microbial AMPs	1.166666667	-0.239898386
02574|Dosotamide E (bacteria, prokaryotes, XXC; UCBB1b; XXD1)	APD3 microbial AMPs	1.283333333	-0.239898386
02575|Dosotamide F (bacteria, prokaryotes, XXC; UCBB1b; XXD1)	APD3 microbial AMPs	1.333333333	-0.239898386
02576|Wollamide A (bacteria, prokaryotes, XXC; UCBB1b; XXD2)	APD3 microbial AMPs	0.633333333	0.759102613
02577|Wollamide B (bacteria, prokaryotes, XXC; UCBB1b; XXD2)	APD3 microbial AMPs	0.583333333	0.759102613
02578|Desotamide B (bacteria, prokaryotes, XXC; UCBB1b; XXD1)	APD3 microbial AMPs	1.166666667	-0.239898386
02581|Halocin R1 (HalR1, microhalocin, archaeocins, archaea, prokaryotes)	APD3 microbial AMPs	0.768421053	-0.249799376
02582|Halocin A4 (HalA4, halocin U1; microhalocin, archaeocins, archaea, prokaryotes)	APD3 microbial AMPs	0.795588235	-2.299816288
02584|Enterocin NKR-5-3B (bacteriocin; lactic acid bacteria, Gram-positive; prokaryotes; XXC)	APD3 microbial AMPs	0.953125	4.752231366
02586|Ticin A1 (lantibiotic; UCSS1b; bacteriocin;  bacteria, Gram-positive; prokaryotes)	APD3 microbial AMPs	0.369047619	0.431245949
02587|Ticin A3 (lantibiotic; UCSS1b; bacteriocin;  bacteria, Gram-positive; prokaryotes)	APD3 microbial AMPs	0.378571429	0.431245949
02588|Ticin A4 (lantibiotic;  UCSS1b; bacteriocin;  bacteria, Gram-positive; prokaryotes)	APD3 microbial AMPs	0.369047619	1.430246948
02646|Suicin 65 (LANTIBIOTIC, type 2, class 1 bacteriocin, Gram-positive bacteria, prokaryotes; UCSS1b; 3XXT)	APD3 microbial AMPs	-0.130769231	0.90555948
02649|cOB1 (pheromone, Gram-positive commensal bacteria, prokaryotes; UCLL1a)	APD3 microbial AMPs	2.925	-0.26601161
02677|Plantaricin JLA-9 (bacteriocins; Gram-positive bacteria, prokaryotes)	APD3 microbial AMPs	0.025	0.759102613
02678|Plantaricin Y (bacteriocins; Gram-positive bacteria, prokaryotes; BWQ)	APD3 microbial AMPs	-0.315384615	1.459137458
02688|Griselimycin (GM, cyclic bacteriocin; lactone; Gram-positive bacteria, prokaryotes; XXM; UCSB1b; Derivatives: MGM, CGM)	APD3 microbial AMPs	1.38	-0.26601161
02693|lacticin LMG (LANTIBIOTIC, type 2, class 1 bacteriocin, Gram-positive bacteria, prokaryotes; UCSS1b; 3XXT, XXW)	APD3 microbial AMPs	0.052	0.818385292
02696|Enterocin LD3 (bacteriocin, Gram-positive bacteria, prokaryotes; BWQ, unclassified)	APD3 microbial AMPs	-1.857142857	-0.239898386
02719|Chaxapeptin ( lactam;  a class 2 lasso peptide; class 1 microcin, bacteriocins; Gram-positive bacteria, prokaryotes; XXJ; UCSB1a)	APD3 microbial AMPs	0.233333333	-0.239776626
02720|Sungsanpin ( lactam;  a class 2 lasso peptide; class 1 microcin, bacteriocins; Gram-positive bacteria, prokaryotes; XXJ; UCSB1a)	APD3 microbial AMPs	0.28	-0.239776626
02725|Thusin (ThsA1, ThsA2; a two-chain lantibiotic, type 2, class 1 bacteriocins; UCSS2b; Gram-positive bacteria, prokaryotes)	APD3 microbial AMPs	-0.144736842	0.733012565
02726|Thuricin 4A-4 ( lantibiotic, bacteriocins; Gram-positive bacteria, prokaryotes; UCSS1b; Derivative: Thuricin 4A-4D)	APD3 microbial AMPs	0.32962963	3.70660066
02728|Sviceucin ( lactam;  type 1 lasso peptides; XXJ; 2S=S, UCSB1a; bacteriocin; Gram-positive bacteria, prokaryotes)	APD3 microbial AMPs	0.975	-2.277260824
02741|Formicin (lantibiotic; two-chain bacteriocins; Gram-positive bacteria, prokaryotes; 4XXW, 7XXT, 1S=S; UCSS2b)	APD3 microbial AMPs	-0.821428571	1.712211584
02768|Bacteriocin TSU4 (bacteria, prokaryotes; BWQ)	APD3 microbial AMPs	-1.03	-0.449376691
02777|Tridecaptin A1 (TriA1; lipopeptides; nonribosomally synthesized peptide antibiotic, Gram-positive bacteria, prokaryotes; 6XXD; UCLL1; BBW; Derivatives: Oct-TriA1; H-TriA1)	APD3 microbial AMPs	-0.046153846	1.733801849
02778|Paenicidin B (lantibiotic, Gram-positive bacteria, prokaryotes; UCSS1b)	APD3 microbial AMPs	0.838888889	1.672584447
02779|Tridecaptin B1 (TriB1; lipopeptides; nonribosomally synthesized peptide antibiotic, Gram-positive bacteria, prokaryotes, UCLL1)	APD3 microbial AMPs	-0.269230769	1.759915073
02799|Sh-lantibiotic-alpha (lantibiotic;  bacteriocin; Gram-positive bacteria, commensal bacteria, prokaryotes; UCSS1b)	APD3 microbial AMPs	-0.12	0.8857575
02800|Sh-lantibiotic-beta (lantibiotic;  bacteriocin; Gram-positive bacteria, commensal bacteria, prokaryotes; XXW5; UCSS1b)	APD3 microbial AMPs	0.192105263	4.753253625
02801|Warnerin (SWLP1; Staphylococcus warneri lantibiotic peptide 1; lantibiotic; bacteriocin; Gram-positive bacteria,  prokaryotes; XXW4; UCSS1b)	APD3 microbial AMPs	0.026666667	6.759178611
02829|Bacteriocin RC714 (class 2a bacteriocin, Gram-positive bacteria, prokaryotes)	APD3 microbial AMPs	-0.658139535	1.862985474
02831|CbnXY (carnobacteriocin XY; two-chain class 2b bacteriocin, Gram-positive bacteria, prokaryotes; JJsn; UCLL2)	APD3 microbial AMPs	0.033333333	1.759915073
02877|Hominicin (bacteriocins; Gram-positive bacteria, prokaryotes. XXM, XXW)	APD3 microbial AMPs	1.271428571	-1.237087924
02887|p138c (bacteriocins; Gram-positive bacteria, prokaryotes)	APD3 microbial AMPs	0.173333333	-2.236275464
02895|Natto peptide (bacteria, prokaryotes; BBMm; UCLL1a)	APD3 microbial AMPs	-0.248888889	1.633411054
02902|Lactolisterin BU (bacteriocins; Gram-positive bacteria, prokaryotes)	APD3 microbial AMPs	-0.151162791	3.586435094
02905|ASP-1 (anti-staphylococcal peptide; lactone; bacteriocins; Gram-positive bacteria, prokaryotes;  XXJ, UCSB1b)	APD3 microbial AMPs	2.1	-0.239898386
02914|Enterocin K1 (EntK1, class 2d bacteriocin, leaderless, Gram-positive bacteria, prokaryotes; BBrcp)	APD3 microbial AMPs	-0.7	4.574247801
02925|Hyicin 4244 (XXC; sactipeptide; 3S=CA; UCSB1c; lantibiotic, class 2c bacteriocin, Gram-positive bacteria, prokaryotes)	APD3 microbial AMPs	0.72	-2.265548373
02926|TP (bacteriocin, bacteria, prokaryotes; BBMm; BBN; UCLL1)	APD3 microbial AMPs	0.85	1.793876586
02928|Polymyxin B (aerosporin; lactam, XXD; XXL; XXJ; UCSB1a; lipopeptides; nonribosomally synthesized peptide antibiotic; bacteria; BBL; BBMm, prokaryotes; Variants: Polymyxin B, a mixture)	APD3 microbial AMPs	-1.82	5.754107608
02954|Plantaricyclin A (XXC, class 2c circular bacteriocin; UCBB1a; Gram-positive bacteria, prokaryotes)	APD3 microbial AMPs	1.056896552	0.846398561
02955|Ruminococcin A (RumA, lantibiotic, class 2a bacteriocin; Gram-positive bacteria, prokaryotes, UCSS1b)	APD3 microbial AMPs	0.0875	-0.180615707
02956|Ruminococcin C5 (RumCsp, RumC5, lantibiotic, class 2a bacteriocin; Gram-positive bacteria, prokaryotes, UCSS1b)	APD3 microbial AMPs	0.136363636	1.841426814
02957|Ruminococcin C4 (RumCdp, RumC4, lantibiotic, class 2a bacteriocin; Gram-positive bacteria, prokaryotes, UCSS1b)	APD3 microbial AMPs	-0.188636364	1.843228275
02978|Plantaricin GZ1-27 (bacteriocins; Gram-positive bacteria, lactic acid; prokaryotes)	APD3 microbial AMPs	-0.427272727	-0.178837422
02979|Plantaricin DL3 (bacteriocins; Gram-positive bacteria, lactic acid; prokaryotes)	APD3 microbial AMPs	0.09	-0.261409687
03013|LGH2 (bacteriocins; Gram-positive bacteria, prokaryotes; UCLL1a; BBMm)	APD3 microbial AMPs	0.28	2.845267801
03060|Citrocin (Gly-rich; lactam; a class 2 lasso peptide; class 1 microcins, bacteriocins, Gram-negative bacteria, prokaryotes; XXJ; UCSB1a; BBpol)	APD3 microbial AMPs	0.368421053	0.759905073
03074|Garvicin B (GarB;  class 2d bacteriocin, lactic acid; Gram-positive bacteria, prokaryotes; BBrcp)	APD3 microbial AMPs	-0.388235294	1.844092258
03075|Garvicin C (GarC;  class 2d bacteriocin, lactic acid; Gram-positive bacteria, prokaryotes; BBrcp)	APD3 microbial AMPs	-0.370588235	1.000067717
03076|Lactococcin A (LcnA, bacteriocin, Gram-positive bacteria, prokaryotes, UCLL1a)	APD3 microbial AMPs	-0.244444444	1.016750934
03088|Subtilin L-Q11 (Class 1 Bacteriocin, Gram-positive bacteria, prokaryotes)	APD3 microbial AMPs	0.265625	1.711399124
03103|Ruminococcin C1 (RumC1, sactipeptide; lantibiotic, bacteriocins; Gram-positive bacteria, prokaryotes; 4S=CA; UCSB1c)	APD3 microbial AMPs	0.034090909	1.804664839
03132|Capidermicin (class 2d leaderless bacteriocins; Gram-positive bacteria, prokaryotes; XXI; UCLL1a)	APD3 microbial AMPs	-0.064	5.667831817
03138|Roseocin (a two-chain lantibiotic, type 2, class 1 bacteriocins; Gram-positive bacteria, prokaryotes; UCSS2b)	APD3 microbial AMPs	0.709090909	0.338780654
03141|Nisin J (lantibiotic, type 1, class 1 bacteriocin, Gram-positive bacteria, prokaryotes; XXT4; XXW4; UCSS1b)	APD3 microbial AMPs	-0.051428571	3.968123224
03142|Delftibactin-A (Gram-positive bacteria, prokaryotes; nonribosomally synthesized peptide antibiotic; UCLL1, XXK, XXW; BBII)	APD3 microbial AMPs	-2.133333333	1.459259218
03153|Buwchitin (bacteriocins; gut bacteria, prokaryotes)	APD3 microbial AMPs	-1.033802817	8.889888181
03162|Pantocin wh-1 (bacteriocins; Gram-negative bacteria, prokaryotes; UCBB)	APD3 microbial AMPs	1.1375	-0.287811592
03163|Peptide 5 (a fragment of an  Uncharacterized protein APU46894.1, bacteria, prokaryotes, UCLL1)	APD3 microbial AMPs	0.944	0.732989389
03167|Ubonodin (lasso peptidel; lactam; XXJ; UCSB1a; bacteriocins; Gram-negative bacteria, prokaryotes,)	APD3 microbial AMPs	-0.714285714	-3.062384267