Seq ID	Seq	Anti-Microbial	Short Anti-Microbial	Short Anti-Microbial
TRINITY_DN102499_c1_g1_i1.p12	MHNA	0.330000	-1.000000	-1.000000
TRINITY_DN102902_c0_g1_i1.p4	MKKKFYKNNVGFIIF	0.140000	0.610499	0.614167
TRINITY_DN103794_c2_g6_i1.p8	MKDY	0.480000	-1.000000	-1.000000
TRINITY_DN103797_c1_g2_i1.p1	MRTITFNELRKIKDSLPSGSMHRIADELGLHVDTVRNFFGGHNFKEGKSVGIHLEPGPDGGLVMLDDTTVLDRALKILDELNMSMQKEQATESVQV	0.000000	-1.000000	-1.000000
TRINITY_DN1090249_c1_g1_i1.p3	FEFLPDTRMILK	0.660000	0.151833	0.236667
TRINITY_DN1090380_c4_g1_i1.p3	AEAQMRATPADFKQKGARPMVDMEPAQFGQTVGIR	0.440000	-1.000000	-1.000000
TRINITY_DN1091132_c10_g1_i1.p3	MNKLRMTGFECFAIFVIRRAKHAPKGAARH	0.190000	0.706073	0.573333
TRINITY_DN1091813_c5_g1_i1.p9	PHLEAI	0.450000	0.454442	0.487500
TRINITY_DN1092506_c0_g1_i1.p5	KHLKKKDDKPGYVVG	0.550000	0.772487	0.573333
TRINITY_DN1092981_c3_g1_i1.p1	MENQNEATCVVLSREELFDLYGSWFGNTATPADMVCWCDRQIEKYEEWIKNCKELKLENQKKLLKDIPTDILQAILDSSTN	0.000000	-1.000000	-1.000000
TRINITY_DN1099395_c0_g1_i1.p6	ERGLGSG	0.440000	0.314219	0.464167
TRINITY_DN1114991_c1_g1_i1.p7	YTLVE	0.390000	0.432466	0.447500
TRINITY_DN111527_c0_g1_i1.p1	AVDSFQRREVTYLEYIIAFLISVLASVVGYYICKWLDRNDRQH	0.850000	-1.000000	-1.000000
TRINITY_DN112016_c3_g1_i2.p2	MKTSLKIGGLVAAMMLAVSGASFAADQVSPYVHSADGQIVKSGFGLCWRTNFWTPALAEASGEGCQCDADVLPAEACQPKQA	0.000000	-1.000000	-1.000000
TRINITY_DN1157769_c1_g1_i1.p5	DVSCVDEI	0.350000	0.177419	0.427500
TRINITY_DN117410_c2_g3_i2.p6	MAVPHRRSLTKV	0.470000	0.042709	0.427500
TRINITY_DN118620_c1_g2_i1.p3	DILPLYYEYGGMKGFRQIW	0.210000	0.017658	0.200833
TRINITY_DN120464_c0_g1_i1.p6	KKKEVSPMG	0.690000	0.527478	0.586667
TRINITY_DN122949_c0_g1_i1.p2	YTLDAVLVPMIHGLY	0.630000	0.046692	0.312500
TRINITY_DN124999_c1_g1_i1.p2	NKTTERKSRRTVQWEGKWIVKGKKNRRLYSEASNYSSIGLPDDEKVW	0.510000	-1.000000	-1.000000
TRINITY_DN125192_c2_g1_i1.p8	MAINGRLFK	0.630000	0.806971	0.501667
TRINITY_DN126565_c0_g1_i1.p2	MNIYVGNLNYRVREDDLKQVMEEYGTVESVKIIKDRETGKSKGFGFVEMPDDEAAKKAIAELNEAEYEGRQIVIKEARPK	0.000000	-1.000000	-1.000000
TRINITY_DN126822_c0_g1_i1.p2	MQQHLKLYKESFMMGSFVQDGLLEIQYQLFMAHILPYALK	0.070000	-1.000000	-1.000000
TRINITY_DN127478_c1_g1_i1.p9	MVEIQNQQ	0.610000	0.411136	0.310833
TRINITY_DN127733_c0_g2_i2.p2	DWDKCATRHVYNYKQCLICGEVSIYEVETIEMSHKWVNGACVYCNKGYAKEIN	0.670000	-1.000000	-1.000000
TRINITY_DN128540_c0_g1_i3.p8	MPDK	0.430000	-1.000000	-1.000000
TRINITY_DN128945_c0_g2_i1.p12	MKKEAVRSGWSD	0.370000	0.338719	0.402500
TRINITY_DN129147_c0_g1_i2.p2	KGVKQMTKVKQKKFEESKMRSKEENINLSNIEKTFQYKNFEGKNC	0.960000	-1.000000	-1.000000
TRINITY_DN129325_c0_g2_i1.p1	MKATKLVLGAVILGSTLLAGCSSNAKIDQLSSDVQTLNAKVDQLSNDVNAMRSDVQAAKDDAARANQRLDNMATKYRK	0.000000	-1.000000	-1.000000
TRINITY_DN129534_c0_g1_i1.p4	MRVENRIVFLNLF	0.600000	0.130750	0.385833
TRINITY_DN129538_c3_g1_i1.p10	MIEMMNKLKVT	0.360000	0.610201	0.480000
TRINITY_DN129941_c0_g1_i1.p3	MPVGRWKQRNSREATHLPSCAGCNWAHTALAGWPAAKAAGF	0.260000	-1.000000	-1.000000
TRINITY_DN130174_c0_g1_i1.p2	KVMKSVDSKLLLGLVVGAAVGAAVGYLAATDKREQLLEELNGVVGKVKEGFNSALAKYKEGKQEVVQATEEIVAE	0.450000	-1.000000	-1.000000
TRINITY_DN130203_c0_g1_i1.p6	AIEVGYET	0.240000	0.230790	0.332500
TRINITY_DN130289_c0_g1_i1.p1	MIELIGTNAGLVWNALNEGGKMSVKAVKKATKIKAEKDMYAAFGWLAKEGKLAFENVEGELYVALV	0.020000	-1.000000	-1.000000
TRINITY_DN130907_c0_g2_i1.p3	EKMLNAAQQQVSAIRWYTIAHGLRELPPALQEIARLRLENVDLSLTELGAQLDPPLSKSAVNHRMRRLMLLIQQAEEADRKEAAEQKPDK	0.390000	-1.000000	-1.000000
TRINITY_DN130950_c0_g1_i1.p7	DLRLRKEAPVFLQ	0.330000	0.266822	0.225833
TRINITY_DN131005_c0_g1_i1.p8	TNKKEIQKSLERR	0.580000	0.560523	0.355000
TRINITY_DN131057_c0_g1_i1.p1	EKCGGNFRYTEKGIKDCTNCMLPHKRKNYGYVTGKYQELADMMKRAKESISK	0.760000	-1.000000	-1.000000
TRINITY_DN131100_c0_g1_i5.p3	LTSFWHLADKSNGHIIDLNTDLLC	0.890000	0.577777	0.466667
TRINITY_DN1311281_c5_g1_i1.p1	SYKAHVAMRRKLGILRAGMLPERDLVEFAVGLHSPVDGALGVALGGVGTLVVELFALAQADFHLDAAMLEVERKGNEGVALQLA	0.590000	-1.000000	-1.000000
TRINITY_DN131149_c0_g2_i1.p2	KKARNAGTAPTVGLASLGLVTALTPVPAHGTKPQA	0.810000	-1.000000	-1.000000
TRINITY_DN131161_c3_g1_i1.p9	MEFQTYVMKILA	0.290000	0.165300	0.288333
TRINITY_DN1311633_c0_g1_i1.p6	MGDHAAL	0.480000	0.271519	0.465000
TRINITY_DN1312235_c0_g1_i1.p8	MKGNDIVCALVRKAEVV	0.020000	0.386820	0.358333
TRINITY_DN1312543_c0_g2_i1.p7	GFDGDFERGAAIRGPGPR	0.860000	0.010510	0.310833
TRINITY_DN131368_c0_g2_i2.p3	MYKILKHGKNYI	0.510000	0.773688	0.612500
TRINITY_DN131394_c1_g1_i2.p11	MMEI	0.580000	-1.000000	-1.000000
TRINITY_DN131424_c0_g1_i4.p5	PLTMGK	0.440000	0.536657	0.530000
TRINITY_DN1314811_c2_g1_i1.p1	RKGETNVQVIFTKAIPNGSDHIHRAALSDVYRHSGKTAATAVFEIAGVETGVSDIRHQIIEERKERKQNMRDPNIHHG	0.380000	-1.000000	-1.000000
TRINITY_DN131740_c0_g1_i1.p1	MKSPLKNLKKYFQLIMTALICFVMGVIEDKKRICIKDTDSKKDRTVLRPDDKKNNRKNKIIYWNEPRIQNRINRAVYFNTG	0.000000	-1.000000	-1.000000
TRINITY_DN132449_c0_g1_i2.p6	MLQDF	0.460000	0.306069	0.269167
TRINITY_DN1325184_c0_g1_i1.p5	DLTYYEQHDKPSSVVE	0.520000	0.050487	0.169167
TRINITY_DN132584_c0_g1_i1.p1	MVFTEQSVTFIQSKGIEPHLKKKYIEERIENRYSEKDI	0.010000	-1.000000	-1.000000
TRINITY_DN132585_c0_g1_i1.p2	MSGKMTGIVKWFNADKGFGFITPDDGSKDVFVHFSAIQNDGYKSLDEGQKVSFTIESGAKGPAAGNVTSL	0.000000	-1.000000	-1.000000
TRINITY_DN132674_c0_g1_i1.p2	MAKNYESESKNSRNYTGTSDKNSYGNEMNHAGNAKNSVKSKNETDCRSKAKNKTSQSYSSEEDRY	0.000000	-1.000000	-1.000000
TRINITY_DN132784_c0_g1_i1.p3	MINKDMTVGEVLRSCSDAAMDAVVKIFTDMGMHCLFCPHSTAETLEEAAMVHGNDVEELVAKLNTVFQAK	0.000000	-1.000000	-1.000000
TRINITY_DN132978_c2_g1_i3.p7	GRYGFDRHYEAYSATRVAT	0.710000	0.123342	0.259167
TRINITY_DN133023_c1_g2_i1.p1	MNNGKFFAGLALGALVGSALSCFAHSNRGRKLRRDVYDAIQDLQEDAKDLAHHAKHKAEQVSSEVAGKVGEKVEEVKGKIHEAANK	0.000000	-1.000000	-1.000000
TRINITY_DN133076_c0_g4_i1.p5	MRTGQDDSVGQEGQGHFRMKYHIGVV	0.030000	0.620954	0.233333
TRINITY_DN133130_c0_g2_i1.p9	TVRHPSVYVADVKAR	0.680000	0.080404	0.265000
TRINITY_DN133276_c1_g1_i1.p5	MWKQAKREKRQSCMSRKGKSIERKRVRPMATEPQQQKIRGALRLGSLK	0.020000	-1.000000	-1.000000
TRINITY_DN133479_c0_g1_i1.p5	IIILPFTKAYAFASF	0.780000	0.220283	0.625833
TRINITY_DN133842_c2_g1_i1.p2	MEKYICTVCDYVYDPELGDPENGIEPGTSFEDLPEDWVCPLCGVGKEEFEKAS	0.000000	-1.000000	-1.000000
TRINITY_DN133913_c1_g1_i2.p4	YINEGDMISYSDHIPF	0.650000	0.224727	0.249167
TRINITY_DN133942_c0_g1_i2.p6	MKDKKQQ	0.440000	0.503863	0.387500
TRINITY_DN134023_c3_g2_i2.p3	MNCHQHQWRAVAAAIAKKQKKVRQIINGQLPAEEVVYVNVKKSINK	0.020000	-1.000000	-1.000000
TRINITY_DN134023_c3_g2_i4.p10	MRPKGKKECDK	0.340000	0.459439	0.440000
TRINITY_DN134205_c1_g2_i2.p2	MTQKGQLLQDPFLNILRKDRIPVSIYLVNGIKLQGQIESFDQYVVLLRNTVTQMVYKHAISTVVPTRAVNMPSVPEN	0.000000	-1.000000	-1.000000
TRINITY_DN134228_c1_g1_i1.p4	MSCGSSEIFSSPVWDEDPRTASAVQSDSERAPLFSIQGELYVV	0.130000	-1.000000	-1.000000
TRINITY_DN134228_c1_g1_i3.p11	MAAGS	0.420000	0.707424	0.612500
TRINITY_DN134305_c0_g2_i1.p1	MPVIKVRENEPFDVALRRFKRSCEKAGVLAEVRRREFYEKPTTERKRAKASAVKRHAKKLARENARRTRLY	0.000000	-1.000000	-1.000000
TRINITY_DN134458_c0_g3_i2.p5	MTITNKVLKVTKIRNTEYYDMTYVFDDLYAKSLKNQKFT	0.040000	-1.000000	-1.000000
TRINITY_DN134571_c44_g1_i1.p5	KKLTDNNNYQLLAA	0.920000	0.484662	0.371667
TRINITY_DN134571_c44_g1_i2.p5	MGSTPIASTNM	0.570000	0.332010	0.372500
TRINITY_DN134571_c44_g1_i3.p7	MGSTPIASTNM	0.570000	0.332010	0.372500
TRINITY_DN134571_c44_g1_i4.p8	MRRKLGVLRAGMLPE	0.170000	0.365132	0.482500
TRINITY_DN134643_c0_g1_i1.p1	RRKKIIYKISITMNELLKNLGVIVLLIGVIILAVPAINGGLSNTILLTGLGVIILGYIGHIVINKRLG	0.520000	-1.000000	-1.000000
TRINITY_DN134701_c0_g2_i1.p2	RKIFTIMKGLGDSNAERNAHKDENIAAISLTYNYKEFIMKKIISSLRICHGWNG	0.750000	-1.000000	-1.000000
TRINITY_DN134765_c1_g1_i1.p2	MSQIRLSLPHPQSLPLLQHKRIKISQKQLLKPKSFPHPQPEEQEFWQFVAAKSLMGNTPVF	0.000000	-1.000000	-1.000000
TRINITY_DN134964_c1_g1_i1.p3	MVEYCVYWLENGEPMHEVFSSLAAAEMYSCAIRGKENIEWVEVSEEETIDLDELEDMFPDDFCGV	0.030000	-1.000000	-1.000000
TRINITY_DN135274_c1_g1_i1.p2	EVEFEHIDTVEYEGVTYLAFIPAELSVEEDAEVVIMQVVTDENGEELLEGVEDDDIADAVFNIVMERAEAEDEE	0.310000	-1.000000	-1.000000
TRINITY_DN135288_c5_g1_i3.p1	MANHKSSIKRIRQTNAKRLHNRYYAKTARNAMRVLRATEDKNEAQVLFPKVCSMLDKLAKKHIIHKNKAGNLKSKLAKHVNTLAK	0.000000	-1.000000	-1.000000
TRINITY_DN135288_c5_g1_i8.p2	MANHKSSLKRIRQEETRRLHNRYYGKTMRNAVRKLRATTDKAEAVAMYPGITKMLDKLAKVNIIHKNKANNLKSKLALYINKLA	0.000000	-1.000000	-1.000000
TRINITY_DN135313_c0_g1_i2.p3	FNPRTALRKYATGVTPTASSAQVALRHTGVSA	0.990000	-1.000000	-1.000000
TRINITY_DN135543_c0_g2_i1.p1	KGDTRKDGFQKGSIQPDEIQWEKSERIAFKGNAEQEKIREGKVPEGRKFQKGNVSA	0.650000	-1.000000	-1.000000
TRINITY_DN135554_c0_g1_i3.p9	YTYIL	0.260000	0.620266	0.557500
TRINITY_DN135567_c0_g3_i1.p8	KSGFGI	0.400000	0.504231	0.748333
TRINITY_DN135615_c2_g1_i2.p8	YFDEGDILFI	0.370000	0.220237	0.387500
TRINITY_DN135698_c2_g1_i8.p2	MAKKAKGNRVQVILECTEMKDSGMPGTSRYITTKNRKNTTERLELKKYNPILKRVTVHKEIK	0.000000	-1.000000	-1.000000
TRINITY_DN135774_c6_g7_i1.p4	MANMLNSTMMYLLITLFYIGGA	0.540000	0.001045	0.370833
TRINITY_DN135868_c15_g1_i4.p9	MMLSMLQQGSQRLQH	0.270000	0.183238	0.390833
TRINITY_DN135893_c0_g2_i1.p3	LEAEYERVIGSAYFEALRKDGFIIPDVTIPNFFKNINS	0.870000	-1.000000	-1.000000
TRINITY_DN135914_c2_g2_i3.p1	MKRIITLITLVLVSASTLMYAQSSSETRQAERKAQREAQKAREKAENERNYTIAVQALKEGKFVLEADQLVFKRGRSSFVSSTTN	0.000000	-1.000000	-1.000000
TRINITY_DN135927_c1_g1_i1.p4	KNKEATKTKLQKTEDGPMGY	0.810000	0.060394	0.253333
TRINITY_DN135938_c0_g1_i24.p1	MSNVIVKENETLDSALRRFKRSCAKAGIQQEIRKREHYEKPSVKRKKKSEAARKRKYN	0.000000	-1.000000	-1.000000
TRINITY_DN135950_c1_g1_i1.p9	SKGKQNIKSKKI	0.890000	0.351954	0.588333
TRINITY_DN135950_c1_g2_i1.p1	MFLYTSSNSLNYCGIFILNMFCKCFLFYTGYLFFSDLSFLFNLLTGFF	0.140000	-1.000000	-1.000000
TRINITY_DN135983_c1_g1_i2.p7	MCEKGGMLGDDNIE	0.180000	0.385754	0.342500
TRINITY_DN136023_c1_g1_i5.p3	AVGKLHLDLINNKNSFQ	0.880000	0.519788	0.481667
TRINITY_DN136045_c2_g5_i1.p5	MGLATHTGILSSVKSTSAPALASILTQCSSTDAYASRCFGVAF	0.500000	-1.000000	-1.000000
TRINITY_DN136073_c11_g6_i1.p2	MKKFLAMATSLALLATSAIVPMTAAAAEEKEVTKPEKITIMVDTTLVNQANGRDAFEAQWEKLMGNEIDLVINQPDQR	0.010000	-1.000000	-1.000000
TRINITY_DN136094_c0_g1_i2.p5	TLGFLSWGVRQSSVFSPTFS	0.820000	0.690144	0.466667
TRINITY_DN136117_c1_g1_i5.p1	MSIVDFIAVVSFGLTCFGLGYTFGKDNNKPQK	0.070000	-1.000000	-1.000000
TRINITY_DN136118_c0_g1_i1.p1	MKRTNDTIEMLQYQLRRYKAMRKGAACQSLQYKLQKLMSQQANA	0.090000	-1.000000	-1.000000
TRINITY_DN136121_c0_g1_i4.p11	MEVEVTVLKEIQQK	0.170000	0.019171	0.288333
TRINITY_DN136122_c0_g1_i5.p2	KTHIAEMFALNCTELPGAAIDACGAGISLRGISVAAGMTEVKPIMHSALTVEKSTYNGSSR	0.800000	-1.000000	-1.000000
TRINITY_DN136156_c0_g2_i2.p9	KNKGANEKTK	0.480000	0.374313	0.562500
TRINITY_DN136156_c0_g3_i1.p5	LSFGWTLHKTTENEKEK	0.850000	0.394954	0.525833
TRINITY_DN136183_c3_g4_i3.p1	MKKNANEKIMMLQYRIKRYQAMGNGAMCQTLNGKLQKLLSQQVAM	0.030000	-1.000000	-1.000000
TRINITY_DN136198_c0_g3_i1.p3	LNKSSGFSAALFSFVIPNVPFLLIDA	0.710000	0.546428	0.581667
TRINITY_DN136198_c0_g5_i2.p9	TEKAAIARCFYPL	0.580000	0.579134	0.375000
TRINITY_DN136209_c1_g1_i4.p18	VKVEQMNIKI	0.760000	0.386610	0.450833
TRINITY_DN136209_c2_g2_i1.p12	MQMISKYSVETIKLQIRFT	0.040000	0.016991	0.284167
TRINITY_DN136211_c3_g2_i5.p10	MEWELETY	0.360000	0.424004	0.328333
TRINITY_DN136264_c1_g1_i1.p9	MDSAPEDKIQISGTDGTLK	0.150000	0.073419	0.192500
TRINITY_DN136269_c9_g1_i1.p3	EGGPVELTEVVVDEFIESVPMADRLRKFRNQSKKGSNKYVGKRNDNKGLNKEGKLFDKVRIGQNSESSDAESSSF	0.210000	-1.000000	-1.000000
TRINITY_DN136269_c9_g1_i3.p1	EGGPVELTEVVVDEFIESVPMADRLRKFRNQSKKRSNKYVGKRNDNKGVNKERKLFDKVRIGQNSESSDAESSSF	0.210000	-1.000000	-1.000000
TRINITY_DN136269_c9_g1_i4.p3	MAYTVSSANQLVYLGSVWADPLE	0.510000	0.007612	0.156667
TRINITY_DN136312_c3_g1_i17.p6	MGGHFFLPLEIVHVI	0.280000	0.785203	0.610000
TRINITY_DN136312_c3_g1_i18.p3	LGCAMTLPMQQGTVCNVGGHALPALRRGGELFAIP	0.670000	-1.000000	-1.000000
TRINITY_DN136318_c8_g1_i4.p5	MPSAFIPSKLGYPAMPLV	0.170000	0.236474	0.477500
TRINITY_DN136346_c15_g3_i5.p2	MGKLTKNQKLAAEKIEAGKAYSLKEAASLVKEITFSKFDASLDIDVRLGVDPRKANQMVRGVVSLPHGTGKEVRVLVLCTPDAEAAAKEAGADYVGL	0.060000	-1.000000	-1.000000
TRINITY_DN136380_c1_g1_i3.p2	MNMCGGNSGAPNGMCGDMGNLGNMMGGGNPLGNMMGGNANPMNNNPAGGAVPNGGMAQNPTGGNAMNGNPLQNMLLQSLFSGGNNGAMNMCGNSGGKMC	0.000000	-1.000000	-1.000000
TRINITY_DN136449_c5_g2_i2.p1	MSNTKSSNQAAVPEAKGALDRFKFEVANELGVPLTDGYNGNLTSKQNGSVGGYMVKKMIEAQERQMSSGSQGGQY	0.000000	-1.000000	-1.000000
TRINITY_DN136486_c5_g1_i11.p7	PILHIKTDASAG	0.320000	0.342396	0.499167
TRINITY_DN136503_c3_g2_i6.p1	MIAKEKKQAIINEYGRTPNDTGSPEVQVAVLTARIQELTEHLKQNPKDHHSRRGMLKMIGQRRGLLSYLKSIDIERYRSLIERLGLRK	0.000000	-1.000000	-1.000000
TRINITY_DN136597_c9_g2_i1.p8	EIPVLH	0.220000	0.645352	0.560833
TRINITY_DN136603_c6_g1_i2.p1	MANHKSSLKRIRQEEKRRLHNRYYAKTMRNTVKKLRATTDKAEAVAMYPGVQKMLDKLAKTNIIHKNKAANLKSKLAAYISKLA	0.000000	-1.000000	-1.000000
TRINITY_DN136610_c1_g1_i5.p2	MNNGDVVLLQNTRFRKEETKNIPEFSQELASLADAYVDDAFGSCHRAHCSTAGVTDYIKDTAVGYLMEKEIKYLGNAVNDPERPFTAILG	0.000000	-1.000000	-1.000000
TRINITY_DN136668_c3_g2_i2.p10	MPALYCFVIM	0.500000	0.545524	0.445833
TRINITY_DN136829_c0_g4_i1.p11	MEAFIGSINPMHTEQVS	0.100000	0.021555	0.178333
TRINITY_DN136903_c2_g1_i6.p1	KKNDKPMKKVFVLFTVVMLMAVMAWEKQSGKPVESEFLLDNVEALAAGESGYDTCLGSGNVTCSTGEKVECVIRPFGLD	0.610000	-1.000000	-1.000000
TRINITY_DN136917_c5_g1_i6.p3	MAHKKGVGSTKNGRDSAAQRLGAKRADGQFVLAGNILVRQRGTHIQPGENVGKGSDDTLFALVDGTVRFERVGKSGKKCSVKQ	0.000000	-1.000000	-1.000000
TRINITY_DN136922_c1_g3_i3.p6	MNTQGQGRFK	0.510000	0.249413	0.329167
TRINITY_DN137054_c3_g1_i1.p6	AAFSFVVPKMPAPVF	0.580000	0.464923	0.618333
TRINITY_DN137054_c3_g3_i1.p8	GIEKKKIL	0.510000	0.918273	0.800000
TRINITY_DN137072_c1_g1_i18.p3	ARLKVAADITSEDAIAAAKADPAVAEALSGKTVVKEIYVKGRLVNLAVKG	0.530000	-1.000000	-1.000000
TRINITY_DN137096_c2_g1_i1.p3	LTRAFPERAKELFARNQEVANDRYEHLTRLVELYK	0.940000	-1.000000	-1.000000
TRINITY_DN137096_c3_g1_i5.p7	MIPPHTKAISKHSALSGEAASTGEGDD	0.020000	0.262392	0.356667
TRINITY_DN137096_c3_g3_i1.p7	EPFLTTGVYDVSTGQ	0.500000	0.096935	0.170000
TRINITY_DN137100_c3_g8_i2.p1	GDPSSVEFCHKIGLNYVSCSPFRVPIARLAAAQAAIAEKNA	0.700000	-1.000000	-1.000000
TRINITY_DN137108_c3_g2_i3.p4	MIGLVHYVESEKKTLNRTKDKTKRENY	0.080000	0.000975	0.236667
TRINITY_DN137133_c9_g1_i1.p11	MGLTPFLLSTSA	0.530000	0.360469	0.500833
TRINITY_DN137258_c5_g1_i3.p2	KKGKGDSSGNINKHHHQYESDRNRISCKKDLIQITYDTP	0.740000	-1.000000	-1.000000
TRINITY_DN137258_c5_g1_i6.p11	MFDFLFI	0.450000	0.838893	0.470000
TRINITY_DN137258_c6_g2_i1.p8	MITYHLNYEQEIREEF	0.200000	0.126183	0.145833
TRINITY_DN137346_c3_g7_i1.p6	MPSLWNGRQRFYLRLPT	0.160000	0.156642	0.333333
TRINITY_DN137350_c1_g1_i5.p2	VFHADTSVRGVWESGKYIYIEKTFTWRFVLGTLKLRKFLTLPQTKQQ	0.850000	-1.000000	-1.000000
TRINITY_DN137385_c7_g1_i4.p5	MEHAGTNP	0.340000	0.134786	0.375833
TRINITY_DN137395_c11_g3_i5.p12	MNGMHIFVTPREQQ	0.190000	0.196106	0.195000
TRINITY_DN137415_c0_g2_i2.p5	MKKNSVMIKEGEKVKVDPRLTGLDEWIEGTVIDIEHNPFKGLVIAIRDKFNRIFFGEQKYFIPVNEDNVCMQ	0.000000	-1.000000	-1.000000
TRINITY_DN137419_c4_g1_i1.p4	MTDLNLVLVLLGLLATVIIGVIQVTWMIARDVFRDKPSTKHNSDD	0.100000	-1.000000	-1.000000
TRINITY_DN137494_c2_g3_i1.p4	MTTSEILLLFQTIIALLALLVSVVHLMDDRKKDDSYGSKRKKHKKK	0.070000	-1.000000	-1.000000
TRINITY_DN137541_c2_g1_i1.p24	MVELFA	0.410000	0.358343	0.470833
TRINITY_DN137610_c3_g1_i3.p7	MNRVRAGMQQH	0.470000	0.107167	0.301667
TRINITY_DN137610_c3_g1_i4.p6	MNRVRAGMQQH	0.470000	0.107167	0.301667
TRINITY_DN137610_c3_g1_i9.p8	MNRVRAGMQQH	0.470000	0.107167	0.301667
TRINITY_DN137631_c5_g1_i2.p3	PIPKKTYIFVTRFLPISVMKQAKAVFIPSWSK	0.910000	-1.000000	-1.000000
TRINITY_DN137703_c6_g1_i1.p2	MQSNSVHFIGAVAYPIAVLKRFGTNNRLRIIRVFIKARLLERRDNLIPLR	0.030000	-1.000000	-1.000000
TRINITY_DN137703_c6_g1_i4.p2	MQSNSVHFIGAVAYPIAVLKRFGTNNRLRIIRVFIKARLLERRDNLIPLR	0.030000	-1.000000	-1.000000
TRINITY_DN137750_c4_g3_i3.p5	MKGLNVLAAFLGGAAVGAALGILFAPEKGEDTRNKIAEILRKKGIRLNRSEMEDLVDEIAAEIKGEVTE	0.090000	-1.000000	-1.000000
TRINITY_DN137788_c1_g2_i1.p6	RAPQGENNG	0.510000	0.257028	0.234167
TRINITY_DN137848_c3_g1_i2.p1	MNKMNELCEMELTGRYEEKLSALKAEISAADEYIRQDNSDLTEFENRYERLDIPYRVKRFLDD	0.070000	-1.000000	-1.000000
TRINITY_DN137854_c1_g2_i2.p2	DVVLKSAGAAKLQVVKAVKEACGLGLKEAKDMVDGAPSVVKEGLAKDEAESLKKTLEEAGAEVELK	0.560000	-1.000000	-1.000000
TRINITY_DN137878_c3_g5_i1.p2	MKGGYHTMMLKDQKTAIIEANRTHEGDTGSPEVQVAILTERIAQLTEHLKQHPQDNHSRRGLYKMIGKRRSLLDYLMKKDIERYRTLIAKLGIRK	0.010000	-1.000000	-1.000000
TRINITY_DN137920_c0_g1_i3.p1	ANTMRMGAEGIKIQISGRLNGAEMARSEMYKEGRTPLHTFRADIDYCHAEALTKVGLLGIKVWICRGEVFGKKELAPNFTQSKESGRGNNSGNNGGKN	0.260000	-1.000000	-1.000000
TRINITY_DN137957_c1_g1_i2.p1	MISQKLQDAINAQIVAEMWSANLYLSMSYFFAAKGYEGFASWMKAQAHEESDHADVLAQYVMKRGGQAKVGAVDAVPQEWASPLDVFDD	0.000000	-1.000000	-1.000000
TRINITY_DN138116_c4_g3_i1.p10	MSGQE	0.370000	0.492041	0.371667
TRINITY_DN138131_c3_g1_i8.p3	MEMTGAKAYLVNTGWNGSGKRISIKDTRGIIDAILDGSIDKAPTKVIPFFDFVVP	0.010000	-1.000000	-1.000000
TRINITY_DN138188_c0_g1_i10.p10	MLMFDVSRYKNGDK	0.170000	0.226130	0.307500
TRINITY_DN138200_c2_g1_i1.p2	MRIITSYCWKIIYKSGMRVRVLTNNSARFIGGCQTSTGTCTTRGYKFGPEVWMVFRTPDQRTLADSPEPGKP	0.150000	-1.000000	-1.000000
TRINITY_DN138237_c9_g2_i2.p1	EACKLFAESGAIQPVLGIADDLDGDNKMFYSIYDNGAKAAMGNFASFTAIPGVEVRTVFFDPVNSLVSGSMTEQQWIDGIKSASDQMRA	0.230000	-1.000000	-1.000000
TRINITY_DN138272_c6_g1_i11.p4	YFKATPHNSRLTA	0.890000	0.301007	0.360000
TRINITY_DN138312_c4_g6_i3.p2	KKEHLKHKTETIMKKYVCTVCGWVYDPAEGDPEGGIAPGTAFEDIPDDWVCPLCGVGKDDFEVQED	0.590000	-1.000000	-1.000000
TRINITY_DN138318_c6_g1_i1.p2	GCGNRPAWVSEEVAEVLASVDGFPKDENSKAALLPSMVSIEIGVSDKLAEIQTILNEEHTMIMTREISVDEGIEEMNERVAELYE	0.390000	-1.000000	-1.000000
TRINITY_DN138469_c1_g4_i1.p2	MKSGNYALAGRRMKKRQFRNLWICRINNAVRPLGMNYSSFMAGLKKAGIELNRKMLSEMAINDPKSFAALVETVKNA	0.020000	-1.000000	-1.000000
TRINITY_DN138484_c2_g1_i1.p2	RMPNIKSHKDRVVQAAAEQAHNKAIKPNLKTVVKKADAAIDANAADKDATVLAAVSAIDKARAKGVIKKNTASRKISRMAKRANKNA	0.450000	-1.000000	-1.000000
TRINITY_DN138500_c1_g3_i3.p2	FQKETAFAASEWVRLDAVTLLEAINTAARVNELLLAGEERVALGADFNAQLRLGGTRYESVAANAGHGRLLILRMDAFLHDFHLFRRDTIV	0.290000	-1.000000	-1.000000
TRINITY_DN138509_c3_g4_i1.p5	MKKLPNFVKWLIIAVVLAAMAAMMVAVNDRASRVEMPMPDNSLGIYRQTPATGK	0.000000	-1.000000	-1.000000
TRINITY_DN138543_c2_g2_i2.p5	MVNIVSACGFPARNAAGIDG	0.280000	0.526000	0.266667
TRINITY_DN138543_c2_g6_i1.p4	IAKAAATEQVNLAA	0.600000	0.440410	0.437500
TRINITY_DN138543_c2_g6_i2.p5	ALPISDLMS	0.610000	0.449464	0.385833
TRINITY_DN138554_c0_g3_i2.p3	MKWQVRLKKLFELKKRKLDRIPIADNNWDFLK	0.240000	-1.000000	-1.000000
TRINITY_DN138674_c4_g1_i1.p5	KEKQRAKQKQTTGFAETVNGLTIQ	0.660000	0.123674	0.310833
TRINITY_DN138681_c7_g1_i1.p3	GCGGRNSGRRRLTAIKRAPYKLKNNNETVLLAA	0.940000	-1.000000	-1.000000
TRINITY_DN138728_c1_g3_i2.p6	MTTDCVITWQKLYMMSFAKTSW	0.300000	0.235992	0.335000
TRINITY_DN138740_c3_g7_i1.p7	DVNTTYTAQPGH	0.190000	0.042970	0.186667
TRINITY_DN138740_c3_g9_i1.p5	MLPPVSGVDALVLRNENS	0.250000	0.007353	0.149167
TRINITY_DN138764_c4_g1_i1.p2	MNKQEVMAKVALTEKDTGSPEVQVALLTAHINELNEHLKKNPNDHHSRRGLMKMVGRRRNLLAYLQKKDIERYRALIATLGLRK	0.000000	-1.000000	-1.000000
TRINITY_DN138764_c4_g1_i2.p2	TMNKQEVMAKVALTEKDTGSPEVQVALLTAHINELNEHLKKNPNDHHSRRGLMKMVGRRRNLLAYLQKKDIERYRALIATLGLRK	0.470000	-1.000000	-1.000000
TRINITY_DN138868_c2_g1_i1.p6	MRYTYVRQHDTTDCAAASLAMVCLHYKKEITIT	0.180000	-1.000000	-1.000000
TRINITY_DN138920_c2_g1_i4.p1	RFNDKLSRSNEEANSLSKEDVIEIEGIVREAMPNAIFKVEMLSEDKNTGKLTPSGHILLAHISGKLRTNFIRILPGDKVTVEMSPYDLSKGRITWRSK	0.540000	-1.000000	-1.000000
TRINITY_DN138920_c2_g1_i6.p1	DVIEIEGIVREAMPNAIFKVEMLSEDKNTGKLTPSGHVLLAHISGKLRTNFIRILPGDKVTVEMSPYDLSKGRITWRSK	0.470000	-1.000000	-1.000000
TRINITY_DN138922_c0_g2_i2.p35	MLEDEEV	0.410000	0.440050	0.322500
TRINITY_DN138922_c0_g2_i6.p18	MDGYTK	0.430000	0.623669	0.366667
TRINITY_DN138940_c1_g5_i5.p1	ALPILHIVGLEATGHYSYNILGFLLDKGLDTYVINPLHTNLYRKSLSLRKTKTDRVDARTIAAMLMSDVDLKSY	0.450000	-1.000000	-1.000000
TRINITY_DN138941_c3_g2_i3.p1	ATRTGCDSLAISIGTSHGAYKFTPEQCHIDPATGRMVPPPLAFEVLDAVMEKLPGFPIVLHGSSSVPQEEVETINKYGGALKAAIGIPEEEL	0.260000	-1.000000	-1.000000
TRINITY_DN138995_c5_g2_i1.p1	MSEIASRVKAIIVDKLGVEESEVTTEASFTNDLGADSLDTVELIMEFEKEFGISIPDDQAEKIGTVGDAVSYIEANAK	0.000000	-1.000000	-1.000000
TRINITY_DN139094_c2_g1_i1.p1	KSVEVSLKVVKPETAMNKEASMKVLVPNGEFFAEKVSDTFEESVDVCVDALSKQLTKYKEKLRGK	0.390000	-1.000000	-1.000000
TRINITY_DN139116_c3_g1_i4.p2	MENIMMLPASYCVMNEEEMTYTTGGASAIQAIAAWVFPPYAWLAGVTAIRDYRKKNPNTWTQDGLDYFANDMGKSVSNFLYDLACASWVLGTSATG	0.010000	-1.000000	-1.000000
TRINITY_DN139143_c5_g2_i5.p1	AAAAEEKTSFDVVLKSAGAAKLQVVKAVKEACGLGLKEAKDMVDGAPSTVKEGLAKDEAESLKKTLEEAGAEVELK	0.460000	-1.000000	-1.000000
TRINITY_DN139149_c2_g6_i1.p9	MFLQDESTNN	0.370000	0.255976	0.180833
TRINITY_DN139153_c3_g5_i3.p1	MEEYGTVGSVKLIIDRDTRRSKGFAFVEMPETSEASNAIKQLNGVEYAGRPMVVKEALPRN	0.070000	-1.000000	-1.000000
TRINITY_DN139162_c6_g4_i3.p11	MKED	0.510000	-1.000000	-1.000000
TRINITY_DN139166_c2_g1_i1.p3	MNIYNSRLSYISHLLFD	0.080000	0.013942	0.260000
TRINITY_DN139170_c0_g1_i4.p16	MLGNVERLKLSTFV	0.180000	0.046106	0.340000
TRINITY_DN139187_c3_g1_i3.p1	MKGLNVLAAFLGGAAVGAALGILFAPEKGEDTRHKIAEILRKKGIKLNRSEMETLVDEIAAEMKGEIAE	0.090000	-1.000000	-1.000000
TRINITY_DN139212_c13_g2_i11.p9	MPWHREPKKDVTNCDKLRGAVNKH	0.240000	0.075317	0.279167
TRINITY_DN139212_c13_g5_i1.p7	AEEGRD	0.500000	0.504454	0.310000
TRINITY_DN139257_c3_g2_i6.p4	MRIRWTAGLRFLHPLLSELRGHGKGSRAGNGKSGASEVVAGLENPPCMRRRRDAERNEKYK	0.000000	-1.000000	-1.000000
TRINITY_DN139257_c4_g3_i4.p4	MGRAWAGNGNTGASEGGVQPANPLHEPKA	0.020000	0.306643	0.251667
TRINITY_DN139288_c4_g1_i1.p3	DLNHISPNDLIRSIIFVVPF	0.130000	0.161233	0.305000
TRINITY_DN139333_c4_g6_i1.p1	MKCKDSNFWIGLGIGSVAGALAYHFSRTEKAKKLEDAICRAIHKANGEAKEFINTAEEEALHVGTKVADKMAHEAHEAAEKADNLKNKVHNFADAKK	0.020000	-1.000000	-1.000000
TRINITY_DN139390_c5_g1_i5.p1	MGTGVPSSPLTPTYFLVNKKVCKENFTERFR	0.000000	-1.000000	-1.000000
TRINITY_DN139401_c4_g1_i9.p4	EINAESI	0.450000	0.204613	0.438333
TRINITY_DN139453_c3_g1_i4.p2	EEPAAPETEAAPAESAEPVTLLDQSEERPVCDPEAPNPNPVEAGPAVAPKDENGKFDPTKIADVSDFGDWEEQGCKG	0.320000	-1.000000	-1.000000
TRINITY_DN139471_c5_g2_i1.p3	AGGPARVVCELAGIKNIRTKSLGSNNKQNVVLATISGLSQIKAPEEVAKNRGKSVEEVLA	0.350000	-1.000000	-1.000000
TRINITY_DN139471_c5_g2_i2.p2	MADKKLKITLVKSTIGAVPKNKAIVESMGLRKIGKSVVLPDNDATRGQIRQVNHLIKVEEA	0.000000	-1.000000	-1.000000
TRINITY_DN139515_c1_g1_i3.p2	FPRSGRVNPFRTCTKWQVGRFHAVYLLPTSNAPQRGPGGLQAKL	0.810000	-1.000000	-1.000000
TRINITY_DN139526_c3_g5_i3.p1	AAPDLLTLEDEDGKEVTFEVIDATEVNGTRYLAVIPYQEDPESLQEDAELILMRIGTDDEGEYMDIVDDDEELITVGKVFEERLRAMYDIDDSELQ	0.170000	-1.000000	-1.000000
TRINITY_DN139533_c3_g1_i1.p11	MIFFRFDTAAESDATRLSK	0.210000	0.003541	0.231667
TRINITY_DN139539_c6_g2_i2.p10	LYVIKL	0.690000	0.865902	0.730000
TRINITY_DN139562_c3_g1_i1.p6	AGWTAARMGRKAHL	0.420000	0.422340	0.553333
TRINITY_DN139632_c5_g5_i1.p4	ALRKWR	0.550000	0.933352	0.723333
TRINITY_DN139632_c5_g5_i2.p6	ALRKWR	0.550000	0.933352	0.723333
TRINITY_DN139686_c3_g9_i1.p3	IIIIHDALPDLNHVPEMPFPSH	0.520000	0.148901	0.361667
TRINITY_DN139687_c3_g3_i1.p11	MKEYNPVIYFQYRMLLYDV	0.040000	0.000490	0.147500
TRINITY_DN139714_c6_g1_i5.p6	MGTGVSPDRIATRN	0.260000	0.019738	0.185000
TRINITY_DN139716_c4_g2_i2.p7	ANAAIPCGLAVRKQHKMLFAASKFEGE	0.530000	0.603698	0.406667
TRINITY_DN139720_c6_g2_i1.p4	KAPKKVLLNI	0.790000	0.792152	0.748333
TRINITY_DN139759_c4_g2_i2.p1	MNIYIGNLNYRVRESDLQQVLEEYGTVESVKLIIDRDTRRSKGFAFAELPNENEARNAIEELNGAEYEGRQMVVKEATPRR	0.000000	-1.000000	-1.000000
TRINITY_DN139759_c4_g2_i4.p1	MNIYIGNLNYRVRESDLQQVLEEYGTVESVKLIIDRDTRRSKGFAFAELPNENEARNAIEELNGAEYEGRQMVVKEATPRR	0.000000	-1.000000	-1.000000
TRINITY_DN139761_c1_g1_i22.p3	KEFRPDLLGVRTAGIEVPCKLVEIAAHLAALGKQSGNSGQGFFSAAGNDDCFLDLDVVDGTADKSGEGEI	0.460000	-1.000000	-1.000000
TRINITY_DN139826_c5_g2_i2.p5	FFGDCWFVL	0.630000	0.881216	0.554167
TRINITY_DN139985_c3_g1_i1.p1	TRFEKVHHLCLNEGMLLCCLSKKKRLSSGEIAGLLGLTNSNTSKVIRSVEDKGYVERNLGDSDKRQMYFSLTAEGKKILKEMECCNIEIPELLRSVL	0.150000	-1.000000	-1.000000
TRINITY_DN140061_c3_g1_i4.p6	IENGDSPIVIQSILDGVLPKLIPLALTLGLFFLMKKKNWKPVTCIALLLVIGLVGAFFGIFA	0.460000	-1.000000	-1.000000
TRINITY_DN140086_c3_g3_i2.p7	MEAWHPFKDVGIPYVKM	0.030000	0.308027	0.400833
TRINITY_DN140104_c0_g2_i7.p4	MTFSDVAILLTLLGGAIFVTFQITWTIAHENHDDKKRKKK	0.050000	-1.000000	-1.000000
TRINITY_DN140188_c14_g1_i6.p6	MMMPANFSAVNAEVVYGGAVADYLPNAWTAANVKQFSTNII	0.020000	-1.000000	-1.000000
TRINITY_DN140243_c7_g1_i3.p4	DALPISDFTTHRTLNFRHKRYSYS	0.360000	0.201893	0.265000
TRINITY_DN140265_c2_g1_i1.p3	PVPIPNTEVKLTCAEDSSLETARENR	0.790000	0.030728	0.190000
TRINITY_DN140265_c7_g4_i1.p3	VGDDDGEVPPVPIPNTAVKLTRAQDS	0.750000	0.012035	0.195000
TRINITY_DN140265_c7_g4_i2.p3	SNVFYLVSHMVGDDDGEVPPVPIPNTAVKLTRAQDS	0.790000	-1.000000	-1.000000
TRINITY_DN140268_c4_g1_i1.p8	MEKQHS	0.550000	0.506333	0.410833
TRINITY_DN140268_c6_g1_i1.p3	MIVKYRTPLIDLLIFIDTND	0.230000	0.001289	0.195000
TRINITY_DN140278_c0_g1_i1.p15	MQVF	0.560000	-1.000000	-1.000000
TRINITY_DN140278_c0_g1_i2.p15	MQVF	0.560000	-1.000000	-1.000000
TRINITY_DN140335_c2_g3_i2.p9	MLGSR	0.380000	0.563291	0.475000
TRINITY_DN140335_c3_g1_i1.p5	MPFPFF	0.480000	0.675755	0.558333
TRINITY_DN140414_c0_g2_i3.p2	SRDMDSSAQNMLRDLGRIVWVTATSATGVGLLVNAAIVLL	0.450000	-1.000000	-1.000000
TRINITY_DN140448_c4_g7_i2.p7	TEKIKANTKGKVKQGFYSKRRKPSSNLKDVNPV	0.590000	-1.000000	-1.000000
TRINITY_DN140466_c1_g1_i9.p3	MFEDKTLVCKDCGKEFVWTAGEQEFYASRGFENQPQRCKPCRDARKNGVRGGNNGGDRQMFDAVCAACGKAC	0.060000	-1.000000	-1.000000
TRINITY_DN140479_c3_g2_i1.p1	MFGLIPFRMTRGNNTTISSLTDLFDNFFNDDFTAAFNGSNDIKADVRETNEAYLVEAELPGVNKEDLRLDYDNNYLTISAMKNETFEDRQDNYL	0.000000	-1.000000	-1.000000
TRINITY_DN140481_c3_g1_i1.p7	AGACTGFDRDLEDGEAIRRLMR	0.510000	0.024901	0.281667
TRINITY_DN140481_c3_g1_i5.p2	AGACTGFDRDLEDGEAIRRQMRQIANLKLNANDNFELAAA	0.790000	-1.000000	-1.000000
TRINITY_DN140499_c1_g2_i1.p5	MAAKRVESFRVPCLDAGSTPATST	0.450000	0.040336	0.165000
TRINITY_DN140499_c1_g2_i2.p7	MLDVLTIKLCLLSKPVTP	0.200000	0.577532	0.530833
TRINITY_DN140506_c0_g4_i1.p3	MDALFKSLTTMLKTALIKSKGRFDEEELRTVFAEHGMDVRSA	0.050000	-1.000000	-1.000000
TRINITY_DN140509_c4_g1_i5.p1	FMKMYIGNLSYNVRESDLRQVMEEYGTVESVKLIMDRNTNRSKGFAFVEMPEAAEAQQANNKLNGAEYVGRQMVVKEALPRN	0.310000	-1.000000	-1.000000
TRINITY_DN140519_c2_g4_i2.p2	KEDINAAMKAASNESFGYTEEELVSSDIVGITYGSLFDATQTMVSEIGEGLYQVQVVSWYDNENSYTSQMVRTIKYFAELA	0.360000	-1.000000	-1.000000
TRINITY_DN140548_c3_g1_i11.p8	MGEQVAAGLSIR	0.350000	0.220132	0.329167
TRINITY_DN140548_c3_g1_i12.p4	SGGDALGGNTRTHPEHDG	0.360000	0.011963	0.206667
TRINITY_DN140548_c3_g1_i13.p7	MGEQVAAGLSR	0.320000	0.302344	0.335000
TRINITY_DN140550_c2_g1_i1.p1	AVPLLRSEAPIVGTGMEYKAGGCNGFDGDVESRVASSVECHLKRLKLLNINANDTELAYAA	0.320000	-1.000000	-1.000000
TRINITY_DN140553_c1_g6_i1.p1	MNMYVGNLSYNVKEVDLREVMEEYGTVGSVKLIVDRDTRRSKGFAFVEMPETSEASNAIKQLNGVEYAGRPMVVKEALPRN	0.000000	-1.000000	-1.000000
TRINITY_DN140586_c2_g2_i2.p5	NFKETEV	0.280000	0.131488	0.376667
TRINITY_DN140586_c3_g1_i1.p1	DLEKSTVLNNILNTMDFYDISSNGLYLFLSSICFLSFLNDVKFTFLVVYPPYSLLESFQFKLSSALDFTSFFRF	0.520000	-1.000000	-1.000000
TRINITY_DN140586_c3_g2_i2.p6	TTKEKEDGPPIS	0.470000	0.058562	0.355833
TRINITY_DN140593_c1_g1_i11.p2	MPTFNQLVRKGRQVLATKSTAPALLKTYNSQKKQYSDLNSPQKRGVCTAVRTMTPKK	0.010000	-1.000000	-1.000000
TRINITY_DN140597_c1_g8_i2.p5	MASLIGSKAKQKAFEGCSPEAFG	0.490000	0.625785	0.453333
TRINITY_DN140607_c1_g1_i1.p8	PHFFWGATGFDMVRLK	0.550000	0.335192	0.369167
TRINITY_DN140607_c1_g4_i2.p8	MALAA	0.360000	0.491720	0.618333
TRINITY_DN140714_c1_g2_i12.p3	WYNDQVEECTVYVSLSEVSTYSPPSEGFGSRFVSALSAGWQNFVGGLQQVIVALAGAWPVVVIAAAACAGFVVWKKKKK	0.550000	-1.000000	-1.000000
TRINITY_DN140720_c2_g2_i2.p7	MGAAKTAPFIICT	0.490000	0.649031	0.584167
TRINITY_DN140755_c12_g6_i2.p2	MAKNTQPIAKRCKALGISPAVMGYAKKNTTRNSNGNMRKKQSEYATQLKEKQKVKFIYGVLEKQFHNAYLK	0.010000	-1.000000	-1.000000
TRINITY_DN140764_c4_g1_i5.p1	MKKLVLMAAAIVAVSFASCGNKAANAEQATADSIRIADSIAAVEAAAAEAAAAAAAADTVAVDSAAVVAE	0.230000	-1.000000	-1.000000
TRINITY_DN140780_c4_g1_i1.p7	MIEPAM	0.400000	0.344122	0.389167
TRINITY_DN140781_c1_g1_i4.p4	QANALVAS	0.310000	0.321524	0.445833
TRINITY_DN140808_c1_g1_i13.p5	MASLIGSKAKQKAFEDCSSEAFG	0.490000	0.563970	0.415833
TRINITY_DN140823_c6_g1_i1.p7	MANLNINAEDNLAYAA	0.200000	0.115220	0.325833
TRINITY_DN140823_c6_g1_i3.p6	MANLNINAEDNLAYAA	0.200000	0.115220	0.325833
TRINITY_DN140823_c6_g1_i4.p9	MAKLKLNANDNLAYAA	0.100000	0.596613	0.490000
TRINITY_DN140852_c3_g1_i1.p4	MYHEATEAVSLSVGVQPREC	0.140000	0.005083	0.114167
TRINITY_DN140874_c2_g1_i5.p1	SAPVTTSFRLRTLRACEKNIGGLTMYYYILGCGIACLILFGIDSMETVCVKPAEMVGKVLLWPVTLMEAVVRYNSTHHDFKAAL	0.240000	-1.000000	-1.000000
TRINITY_DN140874_c2_g1_i6.p1	RACEKNIGGLTMYYYILGCGIACLVLFGIYSMETVCVKPAEMVGKVLLWPVTLMEAVVRYSSTHHNFKAAL	0.590000	-1.000000	-1.000000
TRINITY_DN140884_c10_g2_i3.p6	MTDSEKYSDGKLKRTPEGE	0.170000	0.027426	0.207500
TRINITY_DN140952_c1_g1_i1.p3	ETREVQQKLKRELTPLT	0.540000	0.337691	0.345000
TRINITY_DN140978_c3_g1_i2.p11	SLVD	0.320000	-1.000000	-1.000000
TRINITY_DN140995_c4_g5_i2.p5	PLPISDFKKTVALATVLYLL	0.790000	0.494151	0.540833
TRINITY_DN140995_c5_g1_i1.p7	ALPI	0.520000	-1.000000	-1.000000
TRINITY_DN141022_c2_g2_i1.p1	GKGAVCIYRWSCSFRQCARGAKNSFASPDAQSGKGGCFMTFEQVVLLLTLLGGAIYATFEITWKISNGKKK	0.630000	-1.000000	-1.000000
TRINITY_DN141075_c3_g1_i1.p9	SKEKKNNFIKKGA	0.780000	0.347151	0.609167
TRINITY_DN141075_c3_g1_i2.p4	SKEKKNNFIKKGA	0.780000	0.347151	0.609167
TRINITY_DN141075_c3_g5_i1.p5	MYQVFLAGNLISATSHIEND	0.210000	0.007359	0.154167
TRINITY_DN141075_c3_g5_i2.p5	MYQVFLAGNLISATSHIEND	0.210000	0.007359	0.154167
TRINITY_DN141081_c6_g5_i5.p2	GNGVDGSHVRVGICYMSGSGIAIHGLLCSRHFSSSIQNLVPSARGKRLFTGAGELL	0.670000	-1.000000	-1.000000
TRINITY_DN141103_c0_g2_i1.p3	MADTAETVVVEDLATALEVAMAELVVVAAGGG	0.110000	-1.000000	-1.000000
TRINITY_DN141104_c10_g3_i2.p1	MAKEEFVRTKPHVNIGTIGHVDHGKTTLTAAISKVLNEKLGTSEAVKSFDQIDNAPEEKERGITINSAHIEYETAKRHYAHVDCPGHADYI	0.000000	-1.000000	-1.000000
TRINITY_DN141104_c10_g3_i7.p1	MAKEEFVRTKPHVNIGTIGHVDHGKTTLTAAISKVLNEKLGTSEAVKSFDQIDNAPEEKERGITINSAHIEYETAKRHYAHVDCPGHADYI	0.000000	-1.000000	-1.000000
TRINITY_DN141121_c3_g2_i8.p5	MGYLI	0.420000	0.614242	0.526667
TRINITY_DN141127_c0_g3_i2.p1	GRACAVNIVPNSTGAAKAIGLVIPELNGKLIGSAQRVPVPTGSTTILVAVVKGKDVTKESINAAMKAASSESFGYNEDQIVSSDVIGMRYGSLFDAT	0.340000	-1.000000	-1.000000
TRINITY_DN141129_c2_g1_i1.p1	SFRFNLSDGTSYDLIYACYGVKNGELKSAAGGFKYFTSADIGSYWNNLNTELEAIPINESELP	0.680000	-1.000000	-1.000000
TRINITY_DN141142_c7_g8_i1.p1	GDVTDSTGTVELELRFVGYVYVKTLQLNITAKNENNSYALAA	0.720000	-1.000000	-1.000000
TRINITY_DN141159_c10_g1_i1.p1	GFDDLKKVADDIQARKAELGVDGAFTSAGMDGSSDWRFKTHLANLPIYYEYKADGIGSTDAIKGTYLDNYKKIWDLYIT	0.760000	-1.000000	-1.000000
TRINITY_DN141175_c4_g1_i1.p3	GSTGQTSSDRSRTEKMIAAAIAERTQVRKVRAS	0.440000	-1.000000	-1.000000
TRINITY_DN141195_c4_g1_i1.p4	MAFDMAVLPFSFAQALKGTVQCYPFEHCDA	0.000000	0.061181	0.387500
TRINITY_DN141241_c4_g5_i1.p8	MKAANI	0.460000	0.730457	0.603333
TRINITY_DN141259_c3_g4_i1.p3	RSRGDSGDLYLQSATAGVMPI	0.940000	0.018633	0.133333
TRINITY_DN141259_c3_g4_i3.p6	MQQH	0.570000	-1.000000	-1.000000
TRINITY_DN141295_c1_g1_i1.p6	MYHEATEAVSLSVGVLRREC	0.140000	0.002520	0.235833
TRINITY_DN141326_c2_g2_i6.p1	MLGCDGEALRGEVADFTLSRKASIEFKGARTVNRHND	0.020000	-1.000000	-1.000000
TRINITY_DN141334_c2_g2_i9.p2	MAHKVSDACVGCGACEGACPVGAVAVEGGVAVVNADACIDCGACEGACPTGAITAE	0.000000	-1.000000	-1.000000
TRINITY_DN141348_c2_g1_i2.p1	VGVDDGEVPPVSIPNTEVKHHRGEDSTLCENSSLPVYV	0.640000	-1.000000	-1.000000
TRINITY_DN141348_c4_g1_i1.p3	RLVKIGSCRLVGVDDGKVPPVPIPNTEVKLTCAEDS	0.760000	-1.000000	-1.000000
TRINITY_DN141358_c25_g1_i1.p7	MDLSACVKVITFPFNGLDTGFMTAAPCTTSCATDLTTVEVHIT	0.140000	-1.000000	-1.000000
TRINITY_DN141358_c25_g1_i2.p3	MDLSACVKVITFPFNGLDTGFMTAAPCTTSCA	0.030000	-1.000000	-1.000000
TRINITY_DN141375_c1_g1_i6.p3	EINALKDTGVLDKLAIMKPYSFVLVDEDRETVTELLLIDEEDTLLLNDELLKGLDEELDAFLKDLLEK	0.330000	-1.000000	-1.000000
TRINITY_DN141378_c0_g1_i1.p7	RPTKEKNETQ	0.740000	0.100315	0.265000
TRINITY_DN141378_c1_g2_i2.p1	MTTVSLESPPYWNRLSFDFLFVLL	0.310000	0.004449	0.180833
TRINITY_DN141386_c1_g1_i1.p8	PSITEQGN	0.470000	0.065510	0.268333
TRINITY_DN141388_c0_g1_i5.p2	MKNVDSKLLLGLVVGAAVGAAVGYLAATDKREQLLDELNGVVGKVKEGFNSALAKYKEGKAEIAKTTEEIVAE	0.010000	-1.000000	-1.000000
TRINITY_DN141391_c4_g1_i1.p4	AGGDALMGDTRTHPEHDG	0.280000	0.003657	0.180833
TRINITY_DN141391_c4_g1_i11.p5	SGADAVGGHTRSHPEHDG	0.340000	0.010029	0.315833
TRINITY_DN141391_c4_g1_i17.p5	SGVDALVGNTRSHPEHDG	0.550000	0.012716	0.187500
TRINITY_DN141391_c4_g1_i4.p5	GNTRSHPEHDG	0.510000	0.051272	0.240000
TRINITY_DN141391_c4_g1_i5.p5	MGTGVSPKRIDAR	0.480000	0.063472	0.235000
TRINITY_DN141429_c0_g1_i3.p1	ILMMRAEAECGACAGKMDLAKKAKALNLDAIHDTVHEMAKDEARHGRGFEGLLKRYFNTEV	0.580000	-1.000000	-1.000000
TRINITY_DN141429_c0_g1_i4.p1	GECVTEITMKFLRMRAEAECGACSGKMDLAKKAKALNLDAIHDTVHEMAKDEARHGRGFEGLLKRYFNTEV	0.690000	-1.000000	-1.000000
TRINITY_DN141456_c1_g2_i1.p7	MTGGKA	0.570000	0.653800	0.627500
TRINITY_DN141522_c1_g9_i1.p2	MALMAVLLPGALAVDLNVDVGFYFKQSRGGTCTLASAAMMLRRRAYLDGMDSWVDVTENGIKSTA	0.010000	-1.000000	-1.000000
TRINITY_DN141531_c3_g1_i2.p8	ETREVQQKFK	0.740000	0.274763	0.332500
TRINITY_DN141532_c5_g3_i11.p3	MLGSLRAVDMIPQLLSMLEKTTNNEDLLVRIKDWAALMKQ	0.090000	-1.000000	-1.000000
TRINITY_DN141567_c4_g1_i3.p5	MLTNHFYPLSKPVIP	0.280000	0.497297	0.382500
TRINITY_DN141619_c2_g1_i5.p1	WGRKGFDGGSEAWAAGSSGGTALNSSKKLTDNNNYQLLAA	0.620000	-1.000000	-1.000000
TRINITY_DN141652_c4_g1_i1.p3	SGGGDSQASATEINRQLRAGKGGKAV	0.380000	0.327682	0.378333
TRINITY_DN141702_c1_g2_i1.p5	TYRGRTPAFEAWDMPGT	0.740000	0.010461	0.179167
TRINITY_DN141705_c6_g1_i5.p3	GNDTKQEV	0.070000	0.214631	0.235000
TRINITY_DN141713_c1_g2_i1.p1	MADRRPKLFRRSASGKKAMRLETIFAKEDTESSGCLGKLLGCRNWMNRGLQCGLSGNPVTTKQYKSLMGNRFFGDD	0.000000	-1.000000	-1.000000
TRINITY_DN141713_c1_g2_i3.p1	MADRRPKLFRRSASGKKAMRLETIFAKEDTESSGCLGKLLGCRNWMNRGLQCGLSGNPVTTKQYKSLMGNRFFGDD	0.000000	-1.000000	-1.000000
TRINITY_DN141725_c1_g1_i6.p7	MVPDSNMGVRSKKY	0.210000	0.146897	0.355833
TRINITY_DN141725_c1_g1_i8.p8	MRRGSHSQDDERPVLRNGGL	0.070000	0.066319	0.260000
TRINITY_DN141725_c1_g2_i1.p9	MKQH	0.590000	-1.000000	-1.000000
TRINITY_DN141768_c0_g2_i1.p8	MVSVVVSDSFQQEKPFQMDENNS	0.380000	0.105668	0.245000
TRINITY_DN141768_c0_g2_i2.p9	TSYT	0.480000	-1.000000	-1.000000
TRINITY_DN141788_c2_g2_i2.p5	MYHEATEAVSLSVGVLLREC	0.140000	0.002095	0.226667
TRINITY_DN141803_c14_g7_i1.p6	DLTYIMLISGSSKR	0.430000	0.028179	0.289167
TRINITY_DN141803_c15_g2_i2.p2	MNSLGVFHHSLSVSLASFAKQVSAGDHDRRPGQDSAVLIPHSPASRKAGYGCTQRYAPEGTMHRIAGSSSASYMDPLTTMGVRPRTRAALPGNRVG	0.000000	-1.000000	-1.000000
TRINITY_DN141803_c15_g2_i7.p2	MNSLGVFHHSLSVSLASFAKQVSAGDHDRRPGQDSAVLIPHSPASRKAGYGCTQRYAPEGTMHRIAGSSSASYMDPLTTMGVRPRTRAALPGNRVG	0.000000	-1.000000	-1.000000
TRINITY_DN141805_c2_g2_i2.p1	VIDEDAKKFVATKGYDVQFGARPLKRAIQNNLEDGISELILGSEMAAGDTIKVSYDKEKDIIVMTVEK	0.790000	-1.000000	-1.000000
TRINITY_DN141838_c0_g1_i1.p12	MKKEKRCQIEHTD	0.330000	0.383265	0.282500
TRINITY_DN141838_c0_g1_i4.p6	MKNEKRKKDARSEHAD	0.150000	0.160797	0.380000
TRINITY_DN141840_c6_g1_i2.p2	MPNIKSQKDRVVQAAAEQAHNKAIKTNLKTVVKKADAAIDAKAADKDATVLAAVSAIDKARAKGVIKKNTASRKISRMAKRANKNA	0.000000	-1.000000	-1.000000
TRINITY_DN141869_c2_g1_i3.p2	GIVVLIAGHTSFAGVCMADPTAWIAALIPLIPYYFHVMKKYKNKSQVQAVED	0.510000	-1.000000	-1.000000
TRINITY_DN141874_c2_g3_i3.p2	MEKINAVITGVGGYVPDYVLTNDEISKMVDTNDEWIMTRIGVKERRILNEEGLGTSYMARK	0.010000	-1.000000	-1.000000
TRINITY_DN141885_c0_g1_i1.p13	MDQKY	0.460000	0.498510	0.257500
TRINITY_DN141885_c1_g3_i1.p3	MLSRHISDIDPDSFYSDFFS	0.250000	0.142079	0.256667
TRINITY_DN141902_c1_g2_i6.p9	MLQVGRLSLLATAELDR	0.160000	0.018453	0.158333
TRINITY_DN141904_c3_g1_i1.p4	MTVMGEALVDGLSDAGSTPARSTK	0.320000	0.004223	0.176667
TRINITY_DN141904_c3_g3_i1.p4	MTVMGDALMDGLSDAGSTPARSTK	0.320000	0.010323	0.182500
TRINITY_DN141904_c4_g1_i1.p1	GVVQVSTGSLKMEKLSVVGHHVKSSKLKLNAEDNLALAA	0.910000	-1.000000	-1.000000
TRINITY_DN141946_c0_g1_i4.p1	MEHTVIHDEKVDRFEVFESGQIAYLQYDEKNGVLDILHTIVPPQLEGQGIAQALTEAAVRYASVVGLKIRPTCSFAKMFFTRHTQYKDMLVE	0.000000	-1.000000	-1.000000
TRINITY_DN141948_c0_g1_i1.p8	MFSM	0.480000	-1.000000	-1.000000
TRINITY_DN141973_c7_g1_i11.p7	MGEQVAARLSI	0.310000	0.180027	0.309167
TRINITY_DN141973_c7_g1_i4.p7	MGKQVAARLSI	0.500000	0.183226	0.395000
TRINITY_DN141973_c7_g1_i9.p2	EIRTLLVAMRLGETPVLIPNTMVKT	0.680000	0.000530	0.240000
TRINITY_DN141994_c15_g1_i1.p5	MMHGAGKAYRTHGLHSNHTRARLVDLPGRMGA	0.200000	-1.000000	-1.000000
TRINITY_DN141994_c15_g1_i6.p10	NNYESSFAA	0.200000	0.239051	0.401667
TRINITY_DN141994_c15_g1_i7.p3	NSGRMGLSSEKRATYKLKNNDNEVLAAA	0.730000	0.059769	0.212500
TRINITY_DN142033_c3_g2_i1.p10	MCGRISVVVCLPPKKRIVLPL	0.570000	0.474610	0.728333
TRINITY_DN142033_c4_g1_i1.p4	ERGESNGIRRGILPVRGTRRGAVTETIKVIAEKMSEFQFHNLNRLKSAIGF	0.800000	-1.000000	-1.000000
TRINITY_DN142068_c0_g1_i4.p1	FAGVASVASAQQTMTVTEYEVIQVQDKYQVITNPFWSNWFFSVGGGAQVLYGNNDHIGKFRDRVAPTFNVSVGKWVTPGFGLRGIRQ	0.440000	-1.000000	-1.000000
TRINITY_DN142115_c6_g1_i3.p7	MFQKLDWFQ	0.580000	0.515550	0.337500
TRINITY_DN142116_c1_g1_i3.p1	MTKADIVNEITKNTGIDKVTVLTTLEAFMDTVKDSLSKEENVYLRGFGSFVVKKRAQKTARNISKNTTIIIPEHNIPAFKPAKTFTLSVKK	0.010000	-1.000000	-1.000000
TRINITY_DN142120_c2_g1_i1.p1	MNLYIGNLSYNVKESDLRHVMEEYGTVDSVKLITDRETRRSKGFAFIEMPDDAEAAKAIEQLNGAEYVGRSMVVKEALPKN	0.000000	-1.000000	-1.000000
TRINITY_DN142128_c2_g1_i1.p4	FRAAGELAVL	0.780000	0.299556	0.428333
TRINITY_DN142130_c3_g1_i7.p3	MPNDGEAKEAIKKLNGAEYVNRTMVV	0.060000	0.014539	0.172500
TRINITY_DN142147_c0_g1_i1.p1	ETDGSSSQKEEYLKTGDAKIIIYALNVRHSDAIHLEEMQVMTEETRQQNDGKLFKKLPLLCEQIGIGTLTVSEYLHRNGFFIDK	0.250000	-1.000000	-1.000000
TRINITY_DN142174_c7_g1_i1.p1	RNQRSTAEAQTRANPADMKQKGAKTDG	0.680000	0.164934	0.299167
TRINITY_DN142175_c5_g7_i1.p2	MGGTRPATHYFRYYCTTVSERLGTTATG	0.110000	0.028767	0.368333
TRINITY_DN142178_c2_g1_i2.p5	MLPPYKNTTTRAVLEQQ	0.190000	0.234026	0.180000
TRINITY_DN142178_c2_g1_i3.p4	QKGARPMVDMEPAQYAQTVGVP	0.780000	0.281140	0.148333
TRINITY_DN142178_c2_g1_i4.p6	MLPPYKNTTTRAVLEHQ	0.190000	0.166859	0.178333
TRINITY_DN142187_c5_g6_i1.p2	RETEQPNKEGWERSTKESIEREVQST	0.730000	0.027051	0.342500
TRINITY_DN142193_c5_g2_i1.p11	MAAKL	0.470000	0.842524	0.667500
TRINITY_DN142193_c5_g3_i1.p5	MFLLPIQSFTGKVPYKGMML	0.500000	0.136165	0.420833
TRINITY_DN142196_c2_g1_i1.p6	AVGELL	0.590000	0.562489	0.563333
TRINITY_DN142205_c5_g1_i7.p3	STAIILYTGKTKTLTVAIYTEVIRGNYGTAAALSTIMTILTVISLLAFSKLNGGKDISL	0.490000	-1.000000	-1.000000
TRINITY_DN142228_c6_g1_i1.p9	MLTNHFNP	0.590000	0.539428	0.390833
TRINITY_DN142228_c6_g1_i2.p8	MLTNHFNP	0.590000	0.539428	0.390833
TRINITY_DN142267_c2_g1_i5.p10	MLYTIY	0.370000	0.317092	0.472500
TRINITY_DN142267_c2_g1_i6.p9	MLYTIY	0.370000	0.317092	0.472500
TRINITY_DN142271_c2_g1_i1.p7	MREGARDGFGEKASGGGGKA	0.010000	0.027278	0.362500
TRINITY_DN142271_c2_g1_i8.p5	YFGYGKHPGQLLPFALPAKWGMQCTRPAGGKMLPQQSAGQIQKGWLACLPMET	0.660000	-1.000000	-1.000000
TRINITY_DN142272_c5_g1_i1.p2	MTLTETIALLGLLGGAVFVTFQISWAIFKEIHNNKK	0.100000	-1.000000	-1.000000
TRINITY_DN142272_c5_g1_i4.p3	MELNEVLALLTLIGGTVYVTFQIAWSIFKEIHNNKK	0.030000	-1.000000	-1.000000
TRINITY_DN142273_c1_g1_i3.p8	AIAIGGTIPPGQKADF	0.580000	0.293161	0.347500
TRINITY_DN142283_c2_g1_i12.p5	MFPPYKNTTTRAVLEHQ	0.190000	0.276031	0.174167
TRINITY_DN142286_c3_g3_i3.p5	MKLSTD	0.490000	0.568987	0.398333
TRINITY_DN142299_c3_g1_i1.p4	MTIISLPFKVNVGSK	0.230000	0.380837	0.591667
TRINITY_DN142309_c10_g1_i1.p9	GDVPVSTGDSGS	0.450000	0.264473	0.375833
TRINITY_DN142309_c15_g5_i1.p3	EAREQTQFSPQAETEYADFASTIGGRKGFDGDGEAGQAGGGA	0.790000	-1.000000	-1.000000
TRINITY_DN142309_c15_g5_i3.p3	EAREQTQFSPQAETEYADFASTIGGRKGFDGDGEAGQAGGGA	0.790000	-1.000000	-1.000000
TRINITY_DN142309_c15_g5_i4.p2	EAREQTQFSPQAETEYADFASTIGGRKGFDGDGEAGQAGGGA	0.790000	-1.000000	-1.000000
TRINITY_DN142309_c15_g6_i1.p4	AVTGSTGALKPG	0.760000	0.402442	0.610000
TRINITY_DN142309_c15_g6_i2.p9	GVDQW	0.420000	0.331516	0.355000
TRINITY_DN142320_c1_g1_i1.p9	IIGGGDEN	0.610000	0.331415	0.435000
TRINITY_DN142324_c2_g1_i3.p2	EFKTCALPIFLVAMRLGETPVHIPNTMVKT	0.540000	0.031679	0.373333
TRINITY_DN142324_c2_g1_i4.p9	MGKQVAAGL	0.630000	0.595566	0.510000
TRINITY_DN142337_c4_g1_i1.p13	MEMKG	0.460000	0.739940	0.514167
TRINITY_DN142340_c0_g1_i1.p6	MDYEQETE	0.560000	0.480477	0.171667
TRINITY_DN142344_c4_g1_i1.p7	MGSTPIAST	0.540000	0.260765	0.424167
TRINITY_DN142344_c4_g1_i3.p2	LVEAMGVDPMSEKSSVQVSPGAGDLQQSRRATPIVRLAHW	0.900000	-1.000000	-1.000000
TRINITY_DN142352_c8_g1_i3.p1	SRTVGKDVYLFGVDALSEAVQNVVDGNMTGTVLNDDVGQATAAAAATKLYVEGSKVEQYYWVDYVKVTKENAAQYIK	0.350000	-1.000000	-1.000000
TRINITY_DN142371_c5_g1_i1.p8	MEKLFVVGHHVKSST	0.140000	0.812051	0.623333
TRINITY_DN142386_c1_g3_i8.p2	MASANNAKKGANVRMKRKERKNIAAGQAHIQSTFNNTVVTITDLQGNAVSWCSSGSLNFRGSRKSTPFAAQSAAETAAKVAIEHGMKTVEVYVKGPGAG	0.000000	-1.000000	-1.000000
TRINITY_DN142388_c1_g1_i2.p11	ETREVQQKLK	0.740000	0.564838	0.344167
TRINITY_DN142388_c1_g1_i3.p6	MVDMEPAQFGQTVGIR	0.190000	0.177047	0.123333
TRINITY_DN142388_c3_g1_i9.p2	EILAMLGDYVDYLIANSSAEAPMWNSEKVRSGEPNKWNYIARSQRSTAEAQMRANPADCK	0.480000	-1.000000	-1.000000
TRINITY_DN142400_c4_g1_i1.p5	MTADYRTRLIGNAHNNM	0.170000	0.069582	0.222500
TRINITY_DN142402_c3_g2_i2.p6	MEIAEHH	0.410000	0.379398	0.422500
TRINITY_DN142402_c3_g2_i4.p7	NKTKERNKKQGG	0.560000	0.231923	0.392500
TRINITY_DN142402_c3_g5_i2.p9	LDNEN	0.580000	0.244461	0.362500
TRINITY_DN142405_c1_g1_i4.p9	ESPGFTGQDAG	0.580000	0.083233	0.174167
TRINITY_DN142424_c1_g1_i2.p4	GFMPVLLPFISGDEVWVLRNGCL	0.830000	0.025494	0.300000
TRINITY_DN142430_c0_g1_i1.p1	QEIVDGLRANFEGECSEVGMYLAMARVAEREGYPEIAEAYKRYAYEEADHASRFAELLGEVVTDSTKKNLMMRAEAECGACAGKMDLAKN	0.310000	-1.000000	-1.000000
TRINITY_DN142436_c4_g1_i2.p4	MALDAEERRGKLRKATGSRKQALIRGCLNGETRRK	0.060000	-1.000000	-1.000000
TRINITY_DN142437_c0_g3_i2.p2	MAKKMGSLVRKILSEVGRNEMLSWGYRIEK	0.030000	0.185982	0.430000
TRINITY_DN142437_c0_g3_i4.p2	MAKKMSSLVRKILSEVGRNEMLSWGYRIEK	0.030000	0.147192	0.411667
TRINITY_DN142450_c3_g1_i1.p5	MEQPGISGDDIWVFRNRNS	0.040000	0.087366	0.175000
TRINITY_DN142450_c8_g1_i3.p8	MQQH	0.570000	-1.000000	-1.000000
TRINITY_DN142463_c0_g1_i5.p6	MLLPVEIARFTRPEAGSSLLL	0.410000	0.007077	0.215833
TRINITY_DN142474_c3_g1_i1.p3	MNTVTVSVASSYAHGFKALPVSFLT	0.260000	0.167593	0.457500
TRINITY_DN142485_c6_g9_i2.p8	ARLDLLRFV	0.570000	0.324789	0.475000
TRINITY_DN142511_c2_g2_i11.p5	ISDLNHKNNGEANNRTC	0.840000	0.014319	0.288333
TRINITY_DN142526_c4_g1_i1.p1	MANSNNRQVVPEAKAALNQMKLEIANELGMANYDAVDKGNLTARQNGYVGGYMTKKLVEMAEKQMAGK	0.000000	-1.000000	-1.000000
TRINITY_DN142526_c5_g1_i7.p5	ILNKGGVFYVKY	0.770000	0.480462	0.671667
TRINITY_DN142526_c5_g3_i3.p1	MANNNNNQKVVPQAKQALNQMKLEIANELGMANYQQMDKGNLTARENGYVGGYMTKKLVEMAEQQMAGKQQQ	0.000000	-1.000000	-1.000000
TRINITY_DN142544_c1_g1_i1.p2	AARRLGVPFSECLVIEDSVTAIALAKRNGAGRIVGVGETADGSELLALGADHYIHDFTEFDYGWLEN	0.510000	-1.000000	-1.000000
TRINITY_DN142548_c3_g1_i1.p4	FFAPCGEWSQTVGFLIQACGSLQHLLPKWTPNSDP	0.770000	-1.000000	-1.000000
TRINITY_DN142554_c1_g1_i2.p5	MVELHKWLHRDNSIGNYG	0.200000	0.215009	0.273333
TRINITY_DN142562_c4_g9_i1.p6	MQRDHRADAQPN	0.430000	0.015771	0.183333
TRINITY_DN142562_c4_g9_i2.p10	MQRDHRADAQPN	0.430000	0.015771	0.183333
TRINITY_DN142562_c4_g9_i3.p6	MFMPKLCRMNT	0.490000	0.831894	0.380833
TRINITY_DN142590_c2_g1_i1.p3	MLMTGSLICFVIRGKHPVCGEPLFCFTANPDSLSELCGFHIDHRSSLLSA	0.100000	-1.000000	-1.000000
TRINITY_DN142590_c2_g1_i3.p5	MVDMEPAQFGQTVGIR	0.190000	0.177047	0.123333
TRINITY_DN142591_c6_g7_i3.p3	MIIKYRTPLIDLLD	0.250000	0.022308	0.280000
TRINITY_DN142591_c7_g1_i1.p7	MAARQLSGRLL	0.620000	0.336048	0.412500
TRINITY_DN142596_c3_g1_i2.p5	MAYLAKK	0.780000	0.937158	0.630000
TRINITY_DN142605_c3_g1_i1.p4	MSISFGGAEGN	0.440000	0.304493	0.430000
TRINITY_DN142636_c6_g1_i1.p5	TRSHPEHDG	0.450000	0.079646	0.246667
TRINITY_DN142652_c0_g1_i1.p4	MTGNSPDKPDYDPRPRAQ	0.120000	0.362002	0.165833
TRINITY_DN142655_c6_g9_i2.p10	MYERIYKVQKKF	0.550000	0.348693	0.351667
TRINITY_DN142671_c2_g1_i1.p9	MEQP	0.530000	-1.000000	-1.000000
TRINITY_DN142673_c5_g5_i3.p7	MTGNIMAQHRTGNRLIGN	0.170000	0.044591	0.286667
TRINITY_DN142694_c6_g2_i1.p8	MHEYD	0.520000	0.689478	0.347500
TRINITY_DN142707_c1_g1_i1.p1	MGTLEELRESRDREATEGLESKMAKPAGFVRKEAQVQWLISKIPFITGGPGPAESKRTSLTAAGITCKRYK	0.010000	-1.000000	-1.000000
TRINITY_DN142728_c2_g1_i1.p4	ILTYTTEQHYKPGYVSDDYLSSPAVTSRLKQPT	0.730000	-1.000000	-1.000000
TRINITY_DN142732_c4_g1_i2.p1	MKAATSESFGYNEDQIVSSDVIGMRYGSLFDATQTMVAKIDDDTYQVQVVSWYDNENSYTSQMVRTIKYFAENC	0.010000	-1.000000	-1.000000
TRINITY_DN142739_c1_g1_i1.p6	MDIEQKMK	0.670000	0.588133	0.341667
TRINITY_DN142782_c2_g5_i1.p6	KINANDNYALAA	0.680000	0.492331	0.439167
TRINITY_DN142785_c1_g1_i1.p7	FRSYTLVDQTGIEPVSEE	0.840000	0.016985	0.092500
TRINITY_DN142823_c1_g1_i2.p2	MGGRQWHGGVRPIFRGGMTALRHENLHGGTKAACSVACLERSWVDHGTTHGDQRLTEAAAIAV	0.000000	-1.000000	-1.000000
TRINITY_DN142850_c1_g1_i10.p2	AEAQTRATPADLKQKGARPMVDMEPAQFGQTVGIR	0.340000	-1.000000	-1.000000
TRINITY_DN142862_c0_g1_i1.p1	RNQRSTAEAQMRATPADFKQKGARPMVDMEPAQIGQAVGNR	0.840000	-1.000000	-1.000000
TRINITY_DN142875_c3_g5_i1.p2	MTNVALVALACGLIIGLGAIGACLGIAIMGAKYLESAARQPELMEPLQTKMFLLAGLIDAAFLIGVGIAMMFAFANPFVG	0.000000	-1.000000	-1.000000
TRINITY_DN142877_c1_g6_i1.p2	ASAQGLAECKKLLMLAKAGKYNGYLLEGMGCPGGCIGGAGTIADPTRTAVALNKYVKEAPFQDPEQSPFMTSIHVLKDDPNFEV	0.200000	-1.000000	-1.000000
TRINITY_DN142900_c5_g1_i6.p3	MREMQFSGGDTLLGNTRPHPEHDG	0.060000	0.032490	0.158333
TRINITY_DN142905_c2_g1_i3.p2	MGRWQHRFDKEGIDMMEIERPKIETASLSPDGRYGKFVAEPLERGFGITLGNSLRRVLLSSLPGVAVTSV	0.110000	-1.000000	-1.000000
TRINITY_DN142910_c1_g1_i1.p8	MLLVGLGLLTT	0.510000	0.384133	0.648333
TRINITY_DN142922_c6_g1_i1.p2	MKKLVFLFVAFAAVSFASCGNKAANNNAEATDSVAVVEEAAVVEEVVADSAACDSTAACCDSTKAE	0.260000	-1.000000	-1.000000
TRINITY_DN142922_c7_g5_i2.p1	AKKMKKLVLMAVAIVAVSFASCGNKAADAAKATADSIRIADSIAAVEAAALEAEQAAAAAADSLNADSTATETVAE	0.510000	-1.000000	-1.000000
TRINITY_DN142927_c7_g5_i2.p1	VKKEEKPEMCENPDILNLHYLKRDSDKTE	0.700000	0.056648	0.228333
TRINITY_DN142927_c7_g5_i3.p1	VKKEEKPEMCENPDILNLHYLKRDSDKTE	0.700000	0.056648	0.228333
TRINITY_DN142945_c3_g4_i1.p3	IPCVPWQPKAVGRLAAAGFGRERKVRATQGIPLLNGK	0.770000	-1.000000	-1.000000
TRINITY_DN142945_c4_g8_i1.p8	MMGTPGNRSTEPGLQGLQNICKI	0.140000	0.339874	0.277500
TRINITY_DN142969_c1_g1_i4.p2	SFRAKEIYPKYKRNSLQQIFTPDKKDSFSNEAVFFYD	0.880000	-1.000000	-1.000000
TRINITY_DN142980_c0_g1_i7.p6	MIERNI	0.740000	0.351250	0.380833
TRINITY_DN142988_c2_g1_i1.p9	MQYDGLRHGKGM	0.330000	0.287039	0.255000
TRINITY_DN142988_c3_g2_i1.p5	MNHEATKLRRVFAPAGVRECK	0.090000	0.319214	0.344167
TRINITY_DN142988_c3_g2_i5.p2	TLVELRGIEPLSENNLTGLSSGTVCYFRSLAEAGTNTLIGLVESSCMGESTLSRRTVTTQITP	0.270000	-1.000000	-1.000000
TRINITY_DN143018_c39_g5_i1.p16	MKDLTPPNK	0.520000	0.709918	0.406667
TRINITY_DN143018_c39_g5_i2.p17	MKEGW	0.440000	0.775277	0.542500
TRINITY_DN143018_c39_g5_i3.p5	MDQVKFRYILFGGVVTVISTSLLSS	0.140000	0.005164	0.201667
TRINITY_DN143018_c44_g10_i2.p3	MKFRFFLFGGVVTVIATDLLSS	0.160000	0.026420	0.345000
TRINITY_DN143018_c49_g12_i1.p9	MKIGTNSEK	0.590000	0.310975	0.499167
TRINITY_DN143020_c2_g1_i2.p6	MRQITNLNINANENLAYAA	0.030000	0.094348	0.205833
TRINITY_DN143020_c2_g8_i1.p11	MAAV	0.410000	-1.000000	-1.000000
TRINITY_DN143020_c3_g1_i1.p2	GDAMVSTGVLKVGIAIRGPVNRVIKLEPFLKRNDKNNFALAA	0.880000	-1.000000	-1.000000
TRINITY_DN143035_c3_g7_i1.p11	MDYLAT	0.460000	0.304028	0.336667
TRINITY_DN143036_c3_g1_i1.p7	KTEAHHKRDVSPV	0.520000	0.069469	0.305833
TRINITY_DN143049_c3_g5_i1.p1	MAKMKLKTHSGAKKRFKLTKNGKIKRGHAFRSHILTKKTTKLTRGYRQPSYVDKTNAATIKSMLPYA	0.030000	-1.000000	-1.000000
TRINITY_DN143050_c3_g1_i3.p8	MICPTYFKN	0.620000	0.613653	0.403333
TRINITY_DN143072_c7_g3_i1.p8	ESPGFTETE	0.540000	0.110863	0.328333
TRINITY_DN143072_c7_g3_i2.p4	SATERNRRESGKDGKAR	0.680000	0.482186	0.383333
TRINITY_DN143091_c2_g2_i1.p3	DHFVDVGDIYEIQKSELTWQLRADIGMRKVRAAQSRITANGRRG	0.900000	-1.000000	-1.000000
TRINITY_DN143091_c2_g2_i10.p4	VTGADGRVPSGMRKVRAAQGKDNG	0.950000	0.258733	0.300000
TRINITY_DN143096_c2_g1_i1.p6	KKKKGVYLSYGKR	0.800000	0.640901	0.662500
TRINITY_DN143099_c2_g1_i1.p4	IPCVPWQSQGIGGQIK	0.760000	0.603592	0.557500
TRINITY_DN143105_c9_g1_i1.p7	MTIQDITRLIVLLTFKV	0.160000	0.013455	0.263333
TRINITY_DN143119_c3_g1_i2.p6	MTIQRHNPAYRLAQGQGAG	0.190000	0.050184	0.230833
TRINITY_DN143119_c4_g2_i2.p7	ERPGFIGQDAG	0.660000	0.071642	0.145833
TRINITY_DN143123_c1_g2_i3.p2	MKVRGTDQWQDNLYNIKSMRVRGVDQWHNNY	0.030000	-1.000000	-1.000000
TRINITY_DN143123_c1_g2_i5.p1	MKARGTDQWQDNLYNIKSMKSRGADQWHNNY	0.110000	-1.000000	-1.000000
TRINITY_DN143123_c1_g2_i7.p2	MKVRGTDQWQDNLYNIKSMRVRGVDQWHNNY	0.030000	-1.000000	-1.000000
TRINITY_DN143128_c11_g1_i1.p8	MAQVNLEIV	0.460000	0.165261	0.335000
TRINITY_DN143129_c0_g1_i2.p3	MRANPADFKQKGARPMVDMEPAQFGQTVGIL	0.080000	-1.000000	-1.000000
TRINITY_DN143140_c4_g1_i1.p4	CLYKKENLSADKFSFLYKQDDKPGYVIG	0.660000	0.188304	0.360833
TRINITY_DN143140_c4_g1_i2.p4	ASKTGDRGCNCRKAAGEESPGFAGQGAG	0.810000	0.121264	0.384167
TRINITY_DN143145_c1_g1_i1.p2	MRANPADYKQKGARPMVDMEPAQFGQTVGIR	0.080000	-1.000000	-1.000000
TRINITY_DN143149_c4_g1_i5.p4	MWKGVSPKRIDTG	0.400000	0.073087	0.420000
TRINITY_DN143156_c8_g1_i3.p1	SFFQKTVNSTLGVMFGGNWGGDNGDKIFGDDGALKKNIYGDVNGDEMTFGNKVMRTLGMASVVYTLGTAPAKIGFNDAVSGITDAAGNLGV	0.490000	-1.000000	-1.000000
TRINITY_DN143163_c3_g1_i7.p6	MNKESKEGRMADALDLGGDVGRDKLR	0.100000	0.040559	0.375833
TRINITY_DN143163_c3_g1_i8.p2	VAVPEGAAGTPPFWRGSKVKVFVFVLLLLFIQDMIPY	0.780000	-1.000000	-1.000000
TRINITY_DN143165_c1_g1_i4.p9	MQQH	0.570000	-1.000000	-1.000000
TRINITY_DN143169_c2_g1_i1.p4	MMRGQVNSFPPHGRHVYDAFPG	0.060000	0.565510	0.235833
TRINITY_DN143169_c2_g1_i4.p3	MSCLVISDVLKAAKPESLSVGVQAREI	0.040000	0.053969	0.242500
TRINITY_DN143169_c2_g1_i5.p4	QSLSGVFEGREF	0.100000	0.118911	0.318333
TRINITY_DN143169_c2_g1_i6.p4	MMRGQVNSFPPHGRHVYDAFPG	0.060000	0.565510	0.235833
TRINITY_DN143173_c7_g3_i1.p7	MGAGAPRSTVGPAAPGVA	0.420000	0.366747	0.397500
TRINITY_DN143191_c4_g1_i1.p6	MRGHTGLMSSVKLSC	0.110000	0.573270	0.499167
TRINITY_DN143202_c12_g7_i2.p6	MYHEATKVVSLSVGVHPREC	0.120000	0.075171	0.208333
TRINITY_DN143218_c3_g1_i1.p4	RQSRLILSGEESPGFTGQDAG	0.760000	0.135864	0.214167
TRINITY_DN143221_c1_g1_i2.p3	MKVRGTDQKEHNLKPEKNIRKERGTDHGKLNLKTEKI	0.000000	-1.000000	-1.000000
TRINITY_DN143227_c1_g1_i1.p10	MKVG	0.350000	-1.000000	-1.000000
TRINITY_DN143227_c3_g4_i4.p9	MKKE	0.570000	-1.000000	-1.000000
TRINITY_DN143227_c3_g4_i5.p5	MKKE	0.570000	-1.000000	-1.000000
TRINITY_DN143228_c5_g12_i1.p11	MAELDPFFVEA	0.210000	0.148581	0.308333
TRINITY_DN143229_c6_g1_i2.p10	MSGQE	0.370000	0.492041	0.371667
TRINITY_DN143230_c0_g1_i2.p2	VHPHKTFESQVYVLTKDEGGRHTPFFSNYRPQFYFRTTDVTGIITLPEGTEMCMPGDNVMMHVELLTPVAMEEGLRFAIREGGRTVGSGVVTAINA	0.140000	-1.000000	-1.000000
TRINITY_DN143231_c5_g1_i1.p7	MGAEKPPHGQQTTHVED	0.230000	0.060204	0.165000
TRINITY_DN143231_c5_g1_i2.p6	MGAEKSPHGQQTTHVED	0.230000	0.043548	0.166667
TRINITY_DN143241_c0_g1_i4.p6	MFPPYKNTTKM	0.550000	0.814537	0.425000
TRINITY_DN143260_c1_g2_i1.p5	PTLVEAMGVEPMSEKSTV	0.360000	0.023969	0.288333
TRINITY_DN143273_c2_g1_i1.p6	LVEAMGVEPMSEKSSV	0.690000	0.286556	0.383333
TRINITY_DN143313_c0_g1_i1.p6	MDLGVCSRIQEGTCRS	0.030000	0.233698	0.355000
TRINITY_DN143335_c2_g2_i1.p7	MIAGGRPKGAV	0.540000	0.406744	0.478333
TRINITY_DN143335_c2_g2_i3.p4	MIAAQHCWGEESPGFTGQDAG	0.490000	0.409858	0.227500
TRINITY_DN143367_c3_g1_i2.p10	YTSI	0.460000	-1.000000	-1.000000
TRINITY_DN143379_c0_g1_i1.p4	KWSRRFRRKGNGEESPGFTGQDAG	0.850000	0.065314	0.373333
TRINITY_DN143383_c0_g7_i2.p10	MSDD	0.440000	-1.000000	-1.000000
TRINITY_DN143383_c0_g7_i3.p2	VGEYLVVVEDDETLLEVSKLFEKRLSDQFEIE	0.750000	-1.000000	-1.000000
TRINITY_DN143401_c4_g4_i1.p6	MGDLILGGVSHLDAFSVYLVQT	0.360000	0.017179	0.250000
TRINITY_DN143402_c2_g1_i6.p8	EESPGFAGQAAG	0.530000	0.170295	0.278333
TRINITY_DN143417_c6_g1_i1.p9	MEGSSTA	0.370000	0.466251	0.440833
TRINITY_DN143457_c0_g1_i1.p6	SNNNRQVAIAA	0.180000	0.054095	0.308333
TRINITY_DN143457_c1_g1_i1.p2	SYILVEAGGIEPPSENTSTQVSPSAVCLLGFPSHIAGKQAMCYGIL	0.500000	-1.000000	-1.000000
TRINITY_DN143469_c1_g1_i1.p6	RACRCRKTAGEESPGFIGQDAG	0.830000	0.423540	0.305000
TRINITY_DN143469_c1_g1_i3.p5	MTIQRHNPAYRLTRK	0.190000	0.188884	0.295000
TRINITY_DN143487_c2_g1_i3.p7	MKRPVQSEK	0.640000	0.495738	0.378333
TRINITY_DN143492_c6_g3_i1.p8	GDASNHKLNTNANNELAYAA	0.460000	0.101851	0.330000
TRINITY_DN143511_c0_g1_i1.p7	MHLYSKGGMAV	0.460000	0.902055	0.535833
TRINITY_DN143515_c2_g1_i1.p7	MKAVMAHERFNKTGFIW	0.030000	0.608149	0.429167
TRINITY_DN143516_c6_g1_i3.p9	MIKI	0.730000	-1.000000	-1.000000
TRINITY_DN143516_c6_g2_i1.p6	NDMSAKDDRGDA	0.220000	0.175571	0.292500
TRINITY_DN143516_c8_g1_i1.p4	RATPGGGDPRESATERYRTLDV	0.570000	0.013171	0.224167
TRINITY_DN143532_c25_g1_i1.p3	MIYNTPASNPLKSPVILFISFLGDYSSEF	0.000000	0.018555	0.234167
TRINITY_DN143543_c3_g1_i1.p6	VGTQQH	0.280000	0.316464	0.434167
TRINITY_DN143572_c3_g10_i1.p3	MRSNLVLLLEQMLYLTLQNPPLATGLCKQEIKIKFAKKDFIYTLVYIDR	0.010000	-1.000000	-1.000000
TRINITY_DN143590_c3_g1_i4.p11	MGEKVG	0.380000	0.659135	0.552500
TRINITY_DN143595_c3_g1_i5.p9	QKNKQDTK	0.650000	0.426447	0.370833
TRINITY_DN143605_c1_g1_i8.p2	MSGLHRNLQTTGDYSNENLGLIV	0.210000	0.018154	0.181667
TRINITY_DN143620_c2_g1_i2.p4	CRKAAGEESPGFIGQDAG	0.830000	0.064779	0.192500
TRINITY_DN143640_c3_g2_i3.p8	MTPFIT	0.460000	0.604126	0.469167
TRINITY_DN143647_c9_g1_i2.p2	FLVAMRLGETPVPIPNTMVKT	0.840000	0.028201	0.256667
TRINITY_DN143647_c9_g1_i4.p7	MGKQVAARLYVR	0.470000	0.394052	0.335000
TRINITY_DN143675_c6_g6_i1.p4	MLLLIKYTLLYGIVLMLVALGGMFSEHSGIINIALEGIMVIGGVAGVLTLTMLPASLSPFLVV	0.090000	-1.000000	-1.000000
TRINITY_DN143682_c5_g1_i1.p7	PDPINAAI	0.370000	0.179308	0.375833
TRINITY_DN143683_c0_g1_i8.p5	RNQRSTAEAQERANPADLKQKGARPKVDMEPAQQ	0.760000	-1.000000	-1.000000
TRINITY_DN143683_c0_g2_i1.p14	MLKTGS	0.400000	0.680005	0.575833
TRINITY_DN143696_c5_g2_i4.p14	MWDFEDN	0.450000	0.249555	0.355833
TRINITY_DN143715_c2_g2_i3.p1	KKYGWNFKEASSLKQVAKSQLPMLFIHGDKDTYVPTWMVYSLYEAKPGPKELWIVPGAAHAVSYKENKQEYTDRVRAFVGRYIH	0.540000	-1.000000	-1.000000
TRINITY_DN143744_c0_g2_i1.p1	MKKLVLVVAMFMFVCGGSFLVKAQSSAEAVTAPTEINATVVNDTVVKDTVTKEDAPAKASLVALAANVNDTVVTDTTSKDKPAEPVKE	0.000000	-1.000000	-1.000000
TRINITY_DN143744_c0_g2_i2.p2	KLVVAMFMFVCGGSFLVKAQSSAEAVTAPTEINATVVNDTVVKDTVTKEDAPAKASLVALAANVNDTVVTDTTSKDKPAEPVKE	0.340000	-1.000000	-1.000000
TRINITY_DN143775_c12_g5_i4.p7	MANLKLNANNKLAYAA	0.140000	0.644902	0.586667
TRINITY_DN143797_c0_g1_i4.p1	VGSHIENIRMDERAQEKLHKESLKGIIDSITIKKREANGLHQVHNPILNAEKMLFDDRETRWNGKVVEGCQQKKLYAGTKSEELERYRETEV	0.540000	-1.000000	-1.000000
TRINITY_DN143798_c4_g7_i2.p4	MTPAVKEIPIMDMEMEVAVDGYSY	0.300000	0.006916	0.190000
TRINITY_DN143831_c3_g2_i1.p8	LSCVLQDAIFIYCTQ	0.740000	0.291286	0.374167
TRINITY_DN143832_c0_g1_i2.p3	MLKTGAFLLCFYTGETSR	0.200000	0.094318	0.387500
TRINITY_DN143832_c0_g1_i6.p7	MVDMEPAQFGQTVGIR	0.190000	0.177047	0.123333
TRINITY_DN143836_c4_g1_i1.p8	MDNEEWIIPN	0.150000	0.147877	0.280000
TRINITY_DN143840_c5_g4_i3.p9	ARGADLDLTA	0.360000	0.162416	0.291667
TRINITY_DN143840_c6_g1_i2.p8	MTGLDSG	0.620000	0.298582	0.394167
TRINITY_DN143841_c3_g1_i3.p2	IKQLVGLSLAPRAYEESPGNTERPTS	0.810000	0.104188	0.210000
TRINITY_DN143846_c3_g1_i1.p2	TYKEPDDKPGYVMNDHLSNSAVASSF	0.670000	0.131705	0.212500
TRINITY_DN143846_c3_g1_i2.p2	RLKKEPDDKPGYVMNDHLSNSAVASSL	0.780000	0.081825	0.250833
TRINITY_DN143846_c4_g1_i1.p3	ETTAVLVTGRAHVKSI	0.320000	0.036291	0.413333
TRINITY_DN143848_c1_g1_i3.p5	MSGGHRNLQTTGDYSNENIGLIV	0.240000	0.014666	0.171667
TRINITY_DN143863_c3_g1_i1.p5	MTIQRHNPAYRLAHKMI	0.200000	0.051178	0.209167
TRINITY_DN143867_c72_g1_i1.p2	LTGILPYICRTGDRGCRCRKTAGEESPGFIGQDAG	0.770000	-1.000000	-1.000000
TRINITY_DN143867_c72_g1_i2.p2	LTGILPYICRTGDRGCRCRKTAGEESPGFIGQDAG	0.770000	-1.000000	-1.000000
TRINITY_DN143867_c72_g1_i3.p3	LTGILPYICRTGDRGCRCRKTAGEESPGFIGQDAG	0.770000	-1.000000	-1.000000
TRINITY_DN143867_c81_g1_i3.p7	GQDAG	0.590000	0.431226	0.370833
TRINITY_DN143867_c81_g1_i4.p7	GQDAG	0.590000	0.431226	0.370833
TRINITY_DN143876_c11_g4_i1.p9	MTGGKA	0.570000	0.653800	0.627500
TRINITY_DN143876_c11_g4_i2.p9	EYTGL	0.410000	0.463949	0.404167
TRINITY_DN143895_c0_g1_i3.p5	AAAQKRANPADYKQKGARPMVDMEPAQYAQTDGVR	0.490000	-1.000000	-1.000000
TRINITY_DN143899_c4_g1_i2.p9	MEGKGGKAV	0.310000	0.625240	0.620833
TRINITY_DN143899_c4_g1_i6.p5	RLIRKQTDKPGYVVE	0.820000	0.086929	0.218333
TRINITY_DN143901_c2_g1_i9.p7	MIPMKESFVRRTLFE	0.180000	0.171610	0.280000
TRINITY_DN143910_c0_g2_i1.p10	GNSPLK	0.360000	0.603560	0.622500
TRINITY_DN143926_c4_g2_i1.p6	PAVRPVGGKTVYTGN	0.690000	0.084686	0.380833
TRINITY_DN143948_c6_g3_i1.p2	EKSKPEPDIYLKACEAVGVLPENAMGIEDSFNGIRAVAAAGMTAVMVPDMVQPDEEIRQIYDYCVQDLLEVKELIELNGI	0.530000	-1.000000	-1.000000
TRINITY_DN143948_c6_g3_i2.p7	MNRVRLGTKQH	0.460000	0.267475	0.354167
TRINITY_DN143948_c6_g3_i3.p8	GQLFSGASAEEKGK	0.570000	0.141752	0.447500
TRINITY_DN143949_c4_g1_i1.p7	MEQP	0.530000	-1.000000	-1.000000
TRINITY_DN143954_c2_g6_i1.p7	IKQKDVQNK	0.880000	0.300879	0.451667
TRINITY_DN143963_c2_g1_i2.p2	TVYRELYAKLWSLERFSIMERIKTIATRDLTKSVVTGGCGECQTSCQSACKTSCGVANQKCENSNK	0.430000	-1.000000	-1.000000
TRINITY_DN143974_c9_g2_i1.p5	KLQIRNPETKRISKI	0.790000	0.578474	0.371667
TRINITY_DN143981_c3_g1_i2.p8	PGFTGQDAG	0.500000	0.090078	0.241667
TRINITY_DN143985_c1_g7_i1.p5	QREKEISQRYLTKKAKVTDA	0.710000	0.246509	0.220833
TRINITY_DN144001_c5_g1_i4.p2	MWKYEIHLCDSYPALQQLIKGSFQCTKKFIPLLIVLHRFKGEASMKRPVQTEK	0.010000	-1.000000	-1.000000
TRINITY_DN144001_c5_g1_i7.p10	MKRPVQTEK	0.640000	0.331208	0.311667
TRINITY_DN144003_c14_g1_i1.p2	GRIQSTTGHEEPGGKPGGPPPKPKYYLMTDSEKYSDGKLKRTPEGE	0.900000	-1.000000	-1.000000
TRINITY_DN144009_c4_g2_i1.p2	MERTSCLVYKTFGIIMSLRFWWSVPLFLKL	0.070000	0.013354	0.355833
TRINITY_DN144009_c5_g1_i1.p10	MRIGKKEEKAG	0.330000	0.650885	0.467500
TRINITY_DN144021_c5_g3_i1.p7	MDFIFDLVSV	0.160000	0.387929	0.465000
TRINITY_DN144021_c5_g3_i2.p8	MDEQLIQQHTE	0.100000	0.475810	0.210000
TRINITY_DN144025_c2_g1_i1.p16	SKGNPK	0.410000	0.492835	0.658333
TRINITY_DN144028_c0_g1_i1.p6	MDQGVCSRIQEGTCRSKTGGN	0.120000	0.496810	0.362500
TRINITY_DN144028_c0_g1_i5.p6	MDQGVCSRIQEGTCRSKTGGN	0.120000	0.496810	0.362500
TRINITY_DN144031_c4_g1_i1.p6	SDLILKKAVGL	0.130000	0.646210	0.790833
TRINITY_DN144032_c2_g1_i3.p3	MKSQEKVNALKGWKLKWMNHQKIVLSLQKGRCSNASSS	0.000000	-1.000000	-1.000000
TRINITY_DN144044_c6_g1_i2.p2	QKNRETKRKEIVDHQFRKQNLRKGGTDHQKDNIVSFIKDVIYK	0.640000	-1.000000	-1.000000
TRINITY_DN144044_c6_g1_i4.p1	QKNRETKRKEIVDHQFRKQNLRKGGTDRQKDNIVSFIKDVIYK	0.640000	-1.000000	-1.000000
TRINITY_DN144056_c2_g3_i1.p1	ASEMGVPFTDYNGDLTSRQCGSVGGEMVKRMVEQYESGLK	0.840000	-1.000000	-1.000000
TRINITY_DN144056_c2_g3_i3.p1	GGSVGGEMVKRMVEQYESGLK	0.670000	0.455241	0.371667
TRINITY_DN144057_c3_g1_i1.p8	MTIQRHNPAYRFAH	0.240000	0.103684	0.225833
TRINITY_DN144057_c3_g1_i6.p8	MTIQRHNPAYRFAH	0.240000	0.103684	0.225833
TRINITY_DN144063_c5_g2_i1.p7	WGANPKEIQNKQKRIPDEKGNLEN	0.950000	0.044284	0.298333
TRINITY_DN144063_c5_g2_i2.p9	WGANPKEIQNKQKRIPDEKGNLEN	0.950000	0.044284	0.298333
TRINITY_DN144064_c1_g1_i3.p11	MTGSYPAE	0.570000	0.410890	0.375000
TRINITY_DN144071_c5_g1_i5.p4	AEAQLRANPADFKQKGARPMVDMEPAQFGQTVGIR	0.410000	-1.000000	-1.000000
TRINITY_DN144095_c1_g1_i1.p7	MKLLEIH	0.570000	0.928350	0.610833
TRINITY_DN144095_c1_g1_i3.p13	MKAAGV	0.460000	0.748293	0.669167
TRINITY_DN144097_c8_g2_i5.p1	VAMIVTSLVGALFGFGFGASVLYCGIGLVVFMLLTAYDTQKLRQIYAYYAGDAELAEKASIYGALTLYLDFINIFLYVVRLLGMNSRSRNN	0.480000	-1.000000	-1.000000
TRINITY_DN144098_c0_g1_i1.p6	SRRFSRKGNGEESPGFTGQDAG	0.810000	0.018363	0.254167
TRINITY_DN144108_c0_g1_i1.p12	MAELDPFFVEA	0.210000	0.148581	0.308333
TRINITY_DN144114_c2_g1_i1.p3	DKIAGRSIAVPSGKEESPGNTGHRAS	0.770000	0.164035	0.346667
TRINITY_DN144119_c3_g1_i2.p6	ALTHQESGVDYVRNLAG	0.610000	0.052667	0.152500
TRINITY_DN144137_c0_g1_i1.p5	MNLNYEINGSTYCHIGLYLPFIVS	0.250000	0.002341	0.297500
TRINITY_DN144142_c2_g1_i5.p4	MSSHQYRKVREQWKTETDMRLPT	0.230000	0.096136	0.282500
TRINITY_DN144154_c24_g6_i1.p7	NAEDNLAIAA	0.430000	0.154769	0.338333
TRINITY_DN144155_c2_g1_i1.p6	MNSSGD	0.400000	0.398361	0.414167
TRINITY_DN144179_c5_g1_i2.p3	NNKQELQKTLTILQ	0.320000	0.499698	0.458333
TRINITY_DN144184_c4_g1_i9.p3	NGSPEFSGGLQTSPPWVDQGGSMRKRESGDSAPTCP	0.550000	-1.000000	-1.000000
TRINITY_DN144187_c0_g1_i10.p9	DYEKQKK	0.580000	0.666267	0.396667
TRINITY_DN144196_c3_g1_i2.p5	GIKQKELKNKNKKE	0.960000	0.298379	0.433333
TRINITY_DN144196_c3_g1_i4.p6	GIKQKELKNKNKKE	0.960000	0.298379	0.433333
TRINITY_DN144211_c1_g1_i8.p6	TMFAKEAKTTVFSAVEIT	0.830000	0.036512	0.426667
TRINITY_DN144231_c2_g2_i1.p2	MQEGKQQGLGAIAGAAETYWGKNKGRSMEGGLVKATTIMGILFFVISVALNMLG	0.000000	-1.000000	-1.000000
TRINITY_DN144236_c2_g1_i14.p5	MAFC	0.400000	-1.000000	-1.000000
TRINITY_DN144236_c2_g1_i4.p5	GKSGPKAQPLKSSRPVCR	0.760000	0.706874	0.547500
TRINITY_DN144242_c1_g1_i1.p6	MPPRHYRKIA	0.430000	0.122374	0.439167
TRINITY_DN144242_c3_g1_i3.p4	VNIRN	0.470000	0.087187	0.495000
TRINITY_DN144266_c10_g1_i4.p7	QSNNNG	0.370000	0.154895	0.432500
TRINITY_DN144266_c6_g1_i2.p8	MACPAASEGVA	0.580000	0.693065	0.462500
TRINITY_DN144266_c8_g1_i1.p5	MTDAPVQTGVQNPAYRQAAFYD	0.260000	0.281816	0.142500
TRINITY_DN144266_c8_g1_i2.p8	MTDAPVQTGVQNPAYRQAAFYD	0.260000	0.281816	0.142500
TRINITY_DN144266_c8_g1_i3.p6	MTDTPVQTGVQN	0.290000	0.111977	0.195833
TRINITY_DN144267_c6_g1_i1.p4	GDAFLGNTRSHPEHDG	0.600000	0.009054	0.150833
TRINITY_DN144268_c3_g1_i1.p6	GRTGFDGDSAAGIAGRGA	0.580000	0.045903	0.282500
TRINITY_DN144270_c3_g1_i2.p2	MILEETTMARIAGVDLPREKRVQVGLTYVYGIGQTTANKILEATGINPDTRVKSI	0.020000	-1.000000	-1.000000
TRINITY_DN144270_c3_g1_i3.p2	TTMARIAGVDLPREKRVQVGLTYVYGIGQTTANKILEATGINPDTRVKDLTLEEEAKIRDYIDQANI	0.420000	-1.000000	-1.000000
TRINITY_DN144288_c1_g1_i1.p10	ESPGNTEHPTS	0.370000	0.109465	0.355833
TRINITY_DN144291_c5_g7_i1.p3	CSSDLNHESRTDDVMKLRMT	0.700000	0.006660	0.215833
TRINITY_DN144293_c4_g2_i6.p1	AFIQKKVSKLEKYYEDIKKVEVSLKVVKPEVAENKEAGIKILIPNGEFYASKVCDTFEEAIDLDVEALGKQLVKYKEKQRSK	0.300000	-1.000000	-1.000000
TRINITY_DN144329_c9_g1_i1.p8	DAPV	0.140000	-1.000000	-1.000000
TRINITY_DN144330_c11_g1_i1.p4	PVIVMKDLTPPNK	0.370000	0.310911	0.407500
TRINITY_DN144345_c0_g1_i3.p6	EKFLLYLGALHWDVIEL	0.710000	0.654566	0.460833
TRINITY_DN144369_c5_g3_i2.p3	MTDAPVQTGVQNPAYRQAAFL	0.210000	0.251852	0.150000
TRINITY_DN144375_c0_g1_i1.p10	MVDQGV	0.410000	0.461881	0.297500
TRINITY_DN144381_c4_g1_i1.p5	MNKCFPAFVYMLQISLMLFMYM	0.230000	0.003561	0.338333
TRINITY_DN144381_c4_g1_i3.p4	MNKCFPAFVYMLQISLMLFMYM	0.230000	0.003561	0.338333
TRINITY_DN144381_c4_g1_i4.p4	MNKCFPAFVYMLQISLMLFMYM	0.230000	0.003561	0.338333
TRINITY_DN144384_c5_g1_i3.p1	MAGHILRDSFKPVDYKGDGHSNLVLSEFHHIVGTAFISRIDWIGKLFKLI	0.070000	-1.000000	-1.000000
TRINITY_DN144386_c0_g1_i4.p5	MEPAQFGQADGIR	0.240000	0.268037	0.130000
TRINITY_DN144389_c2_g1_i1.p4	MLAAAGLRTNASCN	0.230000	0.368570	0.366667
TRINITY_DN144397_c3_g3_i1.p5	MNGLELGRPSGINEATKV	0.070000	0.026645	0.136667
TRINITY_DN144415_c2_g1_i4.p3	LEKGTVVNQDYRSSFIESRTDDVMKLRMT	0.970000	0.000464	0.122500
TRINITY_DN144422_c2_g1_i2.p7	HNEN	0.570000	-1.000000	-1.000000
TRINITY_DN144422_c2_g1_i3.p8	FQVVIKL	0.900000	0.495479	0.615000
TRINITY_DN144424_c2_g1_i2.p9	FICGGSI	0.480000	0.750377	0.710000
TRINITY_DN144435_c2_g1_i11.p3	GCRITSGGGNSKESATEMYSQVTGKGGKAV	0.970000	0.397758	0.303333
TRINITY_DN144440_c1_g1_i2.p8	MGSTPIAST	0.540000	0.260765	0.424167
TRINITY_DN144446_c3_g2_i1.p2	MILKYEQSILNFIFYFLRYEQDILNFVFYNFKV	0.020000	-1.000000	-1.000000
TRINITY_DN144448_c2_g1_i3.p10	MLVVS	0.320000	0.685301	0.611667
TRINITY_DN144452_c5_g1_i1.p4	EDDEGEYLDVVEDDETLLEVSKLFEKRLSDQFEID	0.340000	-1.000000	-1.000000
TRINITY_DN144460_c0_g1_i1.p7	MKKAFVRIIVFE	0.430000	0.571781	0.598333
TRINITY_DN144460_c2_g1_i7.p5	MFPTYKNTTTIAVLEHQ	0.230000	0.151654	0.208333
TRINITY_DN144460_c2_g1_i8.p5	MLPPYKNTTTRSVLEHQ	0.190000	0.207685	0.209167
TRINITY_DN144465_c6_g1_i3.p4	KKFIPLLIVLHRFKGEASMKRPVQTEK	0.830000	0.463401	0.410833
TRINITY_DN144474_c1_g1_i1.p8	MLKTGSVLVF	0.510000	0.558322	0.668333
TRINITY_DN144483_c7_g1_i1.p5	MIIISQMLAGHNPAYSAAHIY	0.540000	0.011776	0.294167
TRINITY_DN144494_c0_g1_i4.p2	HMDKLLSTLVELLFAFQIMLSVQKIPS	0.420000	0.004871	0.322500
TRINITY_DN144498_c1_g2_i5.p4	PLGKSGLHRGMATANGSRG	0.720000	0.110029	0.383333
TRINITY_DN144518_c0_g1_i3.p10	MKRPVQTEK	0.640000	0.331208	0.311667
TRINITY_DN144518_c0_g1_i8.p3	ALQQLRKGSFQCTKKFIPQPIVLHRFKGESSMKRPVQTDK	0.610000	-1.000000	-1.000000
TRINITY_DN144521_c0_g1_i5.p6	MDFIFDLVSV	0.160000	0.387929	0.465000
TRINITY_DN144529_c5_g4_i1.p3	RRNQRSTAEAQERANPADLKQKGARPMVDMEPAQQGQAVGIR	0.790000	-1.000000	-1.000000
TRINITY_DN144529_c5_g4_i2.p3	RRNQRSTAEAQERANPADLKQKGARPMVDMEPAQFGQTVGIR	0.790000	-1.000000	-1.000000
TRINITY_DN144543_c2_g1_i11.p6	MVDMEPAQFGQTVGIR	0.190000	0.177047	0.123333
TRINITY_DN144555_c1_g1_i8.p3	KSRGEHFVRPGGLTSSES	0.960000	0.323215	0.358333
TRINITY_DN144555_c1_g2_i3.p9	MTPKK	0.510000	0.811619	0.591667
TRINITY_DN144557_c2_g1_i2.p2	MRANPADFKQKGARPMVDMEPAQFGQTVGIR	0.080000	-1.000000	-1.000000
TRINITY_DN144558_c2_g1_i1.p5	VDMEPAQQGQAVGVR	0.720000	0.282034	0.151667
TRINITY_DN144558_c2_g1_i2.p7	VDMEPAQQGQAVGVR	0.720000	0.282034	0.151667
TRINITY_DN144559_c1_g1_i11.p8	MKRPVQTEK	0.640000	0.331208	0.311667
TRINITY_DN144559_c1_g1_i12.p9	MKRPVQTEK	0.640000	0.331208	0.311667
TRINITY_DN144561_c9_g7_i1.p2	MRLHAIVRLDTYFFGVISLFSLGFLIFGVNVS	0.050000	-1.000000	-1.000000
TRINITY_DN144584_c14_g1_i1.p3	DRAGQPRMDAERRQMRKVRAPQGKDNR	0.850000	0.111095	0.279167
TRINITY_DN144589_c0_g1_i1.p2	AKALDRSEKTEVYVYVEKAFVVHCYFSGDSLEFCLHRNGR	0.810000	-1.000000	-1.000000
TRINITY_DN144592_c2_g10_i1.p6	AEVTAVAVTSVIG	0.490000	0.306679	0.490833
TRINITY_DN144608_c1_g1_i5.p3	SVTPTNRQNITYQGELAPKKED	0.830000	0.021434	0.146667
TRINITY_DN144610_c1_g1_i1.p4	RDREATEGLESKMA	0.730000	0.076161	0.200833
TRINITY_DN144616_c7_g2_i1.p7	MNVTLAASSVPAPSRHMEGSP	0.120000	0.053983	0.244167
TRINITY_DN144616_c7_g3_i10.p3	GLPRSRGDSGALYLQSATAGVIPN	0.900000	0.269306	0.245833
TRINITY_DN144616_c7_g3_i13.p6	MNRVRTGM	0.670000	0.406621	0.380000
TRINITY_DN144616_c7_g3_i15.p3	GLPRSRGDSGALYLQSATAGVMPI	0.900000	0.044068	0.210000
TRINITY_DN144616_c7_g3_i2.p6	MNRVRTGM	0.670000	0.406621	0.380000
TRINITY_DN144616_c7_g3_i6.p5	GDANPRLVSCGAALYKWR	0.510000	0.800812	0.408333
TRINITY_DN144616_c7_g3_i9.p5	DRADSFESYIYARYLYS	0.740000	0.059646	0.254167
TRINITY_DN144618_c0_g1_i1.p9	MGDHADL	0.480000	0.230259	0.424167
TRINITY_DN144618_c0_g1_i7.p9	MGDHADL	0.480000	0.230259	0.424167
TRINITY_DN144624_c4_g1_i1.p5	MIKIGRA	0.650000	0.609457	0.575833
TRINITY_DN144626_c2_g1_i3.p8	MDLPLRE	0.580000	0.152380	0.239167
TRINITY_DN144632_c9_g1_i1.p8	TGTICLRPRIKEKRL	0.550000	0.617917	0.577500
TRINITY_DN144632_c9_g3_i1.p9	TGTICLRPRIKEKRL	0.550000	0.617917	0.577500
TRINITY_DN144633_c0_g1_i1.p3	RNQRSTAEAQERATPADLKQKGARPMVDMEPAQFGQAVVIR	0.830000	-1.000000	-1.000000
TRINITY_DN144637_c2_g1_i3.p4	MNNEDFFLKTENRTRLTDRLLFYD	0.200000	0.017973	0.213333
TRINITY_DN144643_c3_g1_i1.p3	QTCALPIYKTKGITKNKKVKE	0.260000	0.856410	0.454167
TRINITY_DN144643_c8_g1_i4.p14	MMKDE	0.530000	0.771835	0.375833
TRINITY_DN144653_c7_g8_i1.p24	MDYEQETE	0.560000	0.480477	0.171667
TRINITY_DN144672_c0_g1_i1.p5	FLNRWGAAYESQT	0.740000	0.033694	0.216667
TRINITY_DN144673_c2_g1_i5.p1	MSNLENANVKSADERKRAEMHRSYGMWYKEGATASDLESWCDARIAFYSEWIKNCTELKQSSQAQILSGMSKEALEAALAALNAQ	0.000000	-1.000000	-1.000000
TRINITY_DN144673_c2_g1_i6.p4	YGMWYKEAATASDLVSR	0.810000	0.081185	0.188333
TRINITY_DN144675_c1_g1_i1.p4	KAEVTAVAVTSVIG	0.890000	0.254458	0.530000
TRINITY_DN144690_c1_g2_i1.p2	FQSTKKFSPLPIFLHRFKGESSMKRPVQTEK	1.000000	-1.000000	-1.000000
TRINITY_DN144690_c1_g2_i6.p2	LQQLRKGSFQCTKIFIPLLIVLHRFKGESSMKRPVQTEK	0.820000	-1.000000	-1.000000
TRINITY_DN144690_c1_g2_i9.p10	MKRPVQTEK	0.640000	0.331208	0.311667
TRINITY_DN144694_c1_g1_i3.p6	GRTKAINRCLIL	0.620000	0.760919	0.623333
TRINITY_DN144699_c8_g1_i1.p3	MLPEGVARHTKMKQCLGYQISL	0.350000	0.082884	0.327500
TRINITY_DN144708_c3_g1_i6.p4	MTDTLHIDAENGTRLIDRLLFSSIRSEER	0.050000	0.000216	0.184167
TRINITY_DN144708_c3_g1_i8.p12	KKQSVY	0.370000	0.340048	0.515000
TRINITY_DN144709_c2_g1_i1.p4	MAIQIDPPESDPYENFTETCI	0.360000	0.127572	0.122500
TRINITY_DN144713_c3_g1_i4.p6	MVGLIDRRRPGGILR	0.200000	0.464970	0.452500
TRINITY_DN144717_c1_g1_i2.p4	TSGGGNSQTSATEINRRFSGKGGKAV	0.460000	0.202813	0.420000
TRINITY_DN144720_c1_g1_i6.p3	IDPPEMIPMKVSFVRRTFFE	0.700000	0.137975	0.221667
TRINITY_DN144720_c1_g2_i2.p5	VDMEPAQFGQAVGIR	0.720000	0.226826	0.132500
TRINITY_DN144726_c5_g3_i1.p10	MNEFHTVSPSLK	0.250000	0.434876	0.413333
TRINITY_DN144728_c2_g1_i2.p9	QDAG	0.630000	-1.000000	-1.000000
TRINITY_DN144731_c2_g1_i1.p7	MTATSLMENG	0.600000	0.309045	0.375833
TRINITY_DN144731_c3_g2_i1.p9	SPGNTEHPTS	0.360000	0.131763	0.398333
TRINITY_DN144738_c0_g1_i1.p6	MSALSFARTMHNEATEPAGLAFHLQGRE	0.020000	0.009832	0.212500
TRINITY_DN144738_c1_g1_i1.p9	MLLDPPRPPAG	0.350000	0.075525	0.279167
TRINITY_DN144738_c1_g2_i2.p9	MMSSLSRQEG	0.590000	0.305591	0.275000
TRINITY_DN144746_c5_g1_i1.p8	MRGHTGLMSSVKLSC	0.110000	0.573270	0.499167
TRINITY_DN144747_c1_g1_i11.p4	MVYMEPAQQGKAVGVR	0.190000	0.283708	0.255833
TRINITY_DN144747_c1_g1_i4.p3	NQRSTAEAQKRVTPADYKKKGAKTDG	0.750000	0.199233	0.301667
TRINITY_DN144751_c7_g1_i5.p6	SFAGQDAR	0.540000	0.115170	0.264167
TRINITY_DN144751_c7_g1_i7.p7	MATANGSRG	0.690000	0.241327	0.365000
TRINITY_DN144751_c7_g1_i9.p11	KGCE	0.390000	-1.000000	-1.000000
TRINITY_DN144754_c1_g1_i1.p8	MGDFGLELFK	0.440000	0.741773	0.452500
TRINITY_DN144754_c1_g1_i5.p7	MKKAIVRNDLFEEL	0.170000	0.147906	0.298333
TRINITY_DN144763_c6_g1_i2.p8	VRVEARAGALVDFTEERMPV	0.880000	0.004274	0.148333
TRINITY_DN144763_c6_g1_i8.p8	VRVEARAGALVDFTEERMPV	0.880000	0.004274	0.148333
TRINITY_DN144768_c2_g1_i1.p6	MLSVQK	0.380000	0.423838	0.450000
TRINITY_DN144771_c2_g7_i2.p1	MGTLEELRESRDREATEGLESKMAKPAGFVRKEAQVQWLISKIPFITGGPGPAESKRTSLTAAGHYLKKI	0.050000	-1.000000	-1.000000
TRINITY_DN144778_c2_g1_i8.p3	YIEKIYSHSSDILEQKFF	0.580000	0.255830	0.400833
TRINITY_DN144780_c1_g1_i1.p5	MTVTTPPNRMDLNFT	0.210000	0.128195	0.190833
TRINITY_DN144797_c1_g1_i1.p7	MHEMI	0.530000	0.860174	0.479167
TRINITY_DN144808_c0_g1_i2.p4	NKRKENKNKNEKETSRQNLRK	0.400000	0.032853	0.398333
TRINITY_DN144811_c2_g1_i1.p6	QKGARPMVDMEPAQQGQAVGVR	0.780000	0.268203	0.196667
TRINITY_DN144811_c2_g1_i2.p6	QKGARPMVDMEPAQQGQAVGVR	0.780000	0.268203	0.196667
TRINITY_DN144811_c2_g1_i3.p6	VDMEPAQQGQAVGVR	0.720000	0.282034	0.151667
TRINITY_DN144815_c4_g1_i5.p1	MSFPIEQVRLTHKESRTVDMNKLRMTGFECFAIFVIRRAK	0.170000	-1.000000	-1.000000
TRINITY_DN144815_c4_g1_i6.p1	MAGRALRGMLSTADYKGGKALKSCHTEFVHIYSAAFSNREEDL	0.340000	-1.000000	-1.000000
TRINITY_DN144823_c1_g2_i1.p4	MKFIHMNRLPQSNS	0.150000	0.582410	0.278333
TRINITY_DN144825_c5_g1_i3.p2	MNPACMAFMESQKPEMGDLVLVFPTAPLLYRIKMEFLCGDFEQIANKK	0.030000	-1.000000	-1.000000
TRINITY_DN144825_c5_g1_i5.p7	VLECGILPFII	0.440000	0.542094	0.621667
TRINITY_DN144827_c1_g1_i6.p6	MGDALMNRLSDAG	0.440000	0.121822	0.259167
TRINITY_DN144834_c5_g1_i6.p8	MAKLKINANDELAIAA	0.120000	0.468659	0.455000
TRINITY_DN144834_c5_g1_i9.p8	MAKININANDELAIAA	0.120000	0.064723	0.372500
TRINITY_DN144868_c24_g1_i1.p6	IRCKLINDNNKRFALAA	0.920000	0.564371	0.538333
TRINITY_DN144878_c1_g1_i1.p9	KKKGAKTEG	0.580000	0.657955	0.663333
TRINITY_DN144887_c2_g1_i4.p13	DEMKT	0.250000	0.570234	0.325000
TRINITY_DN144894_c1_g3_i4.p5	ELLTADEGDLRESATQNNPPQQCGKDETAR	0.340000	0.095914	0.201667
TRINITY_DN144894_c1_g3_i5.p5	ELLTADEGDLRESATQNNPPQQCGKDETAR	0.340000	0.095914	0.201667
TRINITY_DN144897_c3_g1_i5.p10	MKRPVQTEK	0.640000	0.331208	0.311667
TRINITY_DN144904_c4_g1_i4.p3	TAATYSPTVTQYHQRDEA	0.530000	0.214671	0.151667
TRINITY_DN144908_c1_g1_i2.p4	MTVTTPPNRKNLNFI	0.220000	0.095589	0.355833
TRINITY_DN144914_c5_g1_i1.p5	MDNEEWIIPN	0.150000	0.147877	0.280000
TRINITY_DN144929_c3_g1_i5.p1	KTSRTRRLQALVRLDTDFFGVISLFSLGFLIFGVSVS	0.820000	-1.000000	-1.000000
TRINITY_DN144933_c6_g1_i2.p2	LYVQEESPGNTEHPTSKQKAACKGRVKQKKLSASPHRKGKGEKVG	0.650000	-1.000000	-1.000000
TRINITY_DN144937_c0_g1_i11.p13	MTPKK	0.510000	0.811619	0.591667
TRINITY_DN144941_c4_g1_i1.p3	MNSLYNGTQSSLNLKNVRG	0.080000	0.054500	0.229167
TRINITY_DN144963_c0_g2_i2.p7	MWDTRIPKLCGV	0.430000	0.144434	0.315000
TRINITY_DN144971_c2_g1_i1.p2	LTYSSDLTYRYAKSAAANQVNLAA	0.840000	0.205793	0.201667
TRINITY_DN144973_c0_g1_i1.p6	SDLKAVGL	0.210000	0.599980	0.613333
TRINITY_DN144974_c2_g2_i18.p1	FFGLYRTIHGSFSFETMKNDQQGNEFLSTLE	0.840000	-1.000000	-1.000000
TRINITY_DN144975_c2_g1_i1.p14	MMLITPKK	0.640000	0.849839	0.598333
TRINITY_DN144978_c2_g1_i6.p9	MGGKAV	0.420000	0.718567	0.672500
TRINITY_DN144979_c3_g1_i1.p1	MAKTAFKGAPVTLAGEFVKVGTSAPEFTLVKGDLSNYTLKDGKGKYLILNIFPSLDTGVCATSVRKFNQLAANQPNTVVLAISKDL	0.000000	-1.000000	-1.000000
TRINITY_DN144989_c8_g1_i2.p1	KINKDLVDATMMLSFIILVLIGTSDFSNMLLKEITMGGLALLSVAMIALRFIHMRQEANSPKDEEYEY	0.180000	-1.000000	-1.000000
TRINITY_DN144995_c3_g1_i1.p2	RGCKRRKTAGEESPSFSGQSAG	0.860000	0.398682	0.429167
TRINITY_DN145014_c1_g1_i1.p2	LFRSELQEERSFTERLTDGIGRMLDFLEEHLPERLRPLLEKARELLPDPEIGQQQEQQQHQRGMGGMEL	0.620000	-1.000000	-1.000000
TRINITY_DN145015_c0_g1_i2.p9	MTKKE	0.460000	0.780123	0.541667
TRINITY_DN145016_c4_g1_i1.p12	MTPKK	0.510000	0.811619	0.591667
TRINITY_DN145016_c4_g1_i5.p11	MTPKK	0.510000	0.811619	0.591667
TRINITY_DN145021_c4_g1_i1.p10	MQVF	0.560000	-1.000000	-1.000000
TRINITY_DN145028_c4_g2_i1.p6	MMLDNVQ	0.440000	0.420190	0.290833
TRINITY_DN145036_c19_g2_i1.p4	MALVLFLHENLGKDKHVESL	0.160000	0.527392	0.458333
TRINITY_DN145036_c19_g2_i2.p4	MALVLFLHENLGKDKHVESL	0.160000	0.527392	0.458333
TRINITY_DN145036_c19_g2_i3.p5	MALVLPLHENLGKDKHVESL	0.170000	0.392067	0.385000
TRINITY_DN145036_c19_g2_i4.p10	YALAA	0.300000	0.810001	0.603333
TRINITY_DN145038_c5_g1_i1.p2	MDERAQEKLHKESLKGIIDSITLKKREANGLHQVHNPILNAEKMLFDDRETRWNGKVVEGCQQKKLYAGTKSEELERYRETEV	0.000000	-1.000000	-1.000000
TRINITY_DN145049_c1_g1_i5.p6	DASEMHLYSKCGMAV	0.190000	0.679831	0.345833
TRINITY_DN145050_c1_g1_i3.p3	ANPADLKQKGARPMVDMEPALQGQAVGIR	0.590000	0.020288	0.263333
TRINITY_DN145055_c3_g1_i3.p7	MDLKA	0.470000	0.646422	0.470000
TRINITY_DN145055_c4_g2_i2.p9	MISLVRTILL	0.540000	0.055489	0.459167
TRINITY_DN145061_c2_g1_i1.p2	MRANPADLKLKGARPMVDMEPAQQGQAVGIR	0.080000	-1.000000	-1.000000
TRINITY_DN145062_c3_g1_i3.p10	EKQKK	0.520000	0.819830	0.542500
TRINITY_DN145064_c0_g1_i3.p8	GAVDMDLTAGWNGT	0.620000	0.239478	0.348333
TRINITY_DN145064_c0_g1_i4.p4	ETSLGNCGSEAFRKSGADKSEIVVRGLARTVKS	0.410000	-1.000000	-1.000000
TRINITY_DN145074_c4_g2_i15.p6	LVHQLSRQWHSWAAKYGADKR	0.800000	0.755972	0.475000
TRINITY_DN145075_c9_g1_i1.p5	PVGKSAANL	0.530000	0.563790	0.594167
TRINITY_DN145082_c2_g1_i7.p3	MQVDYKGVEHSKPVIRSFIASLVRLHYKAMLIEKFRIGSF	0.000000	-1.000000	-1.000000
TRINITY_DN145090_c0_g1_i3.p1	FIGGGDGSRTHVRKEFSAGISGCRRSTTFHPRHAGRQANASVAS	0.840000	-1.000000	-1.000000
TRINITY_DN145091_c0_g1_i5.p4	HEFLPVRKA	0.620000	0.238275	0.434167
TRINITY_DN145093_c3_g1_i1.p4	NGEARAHQRMGDLAAL	0.230000	0.070393	0.214167
TRINITY_DN145098_c6_g1_i1.p7	RVGDFLYNLS	0.770000	0.152530	0.310000
TRINITY_DN145098_c7_g1_i1.p10	MLIFA	0.300000	0.595487	0.589167
TRINITY_DN145099_c5_g3_i1.p9	MLLLNSF	0.420000	0.823861	0.613333
TRINITY_DN145121_c0_g1_i2.p5	TTKENGRKKTEREDGPPRT	0.620000	0.009399	0.341667
TRINITY_DN145137_c2_g1_i3.p7	IENSSIE	0.480000	0.258552	0.470833
TRINITY_DN145137_c2_g1_i6.p5	MENKEKAVAVSDKMIGMAIAFYV	0.130000	0.318597	0.368333
TRINITY_DN145141_c0_g1_i13.p2	NQRSTSEAQERATPADLKQKGARPMVDMDPAQFGQAVGIR	0.660000	-1.000000	-1.000000
TRINITY_DN145147_c5_g4_i1.p2	MMMPANFTAVNSEVVYGGADLFSILADTTAPVWNAANVKKFNTNLITLVSNSL	0.080000	-1.000000	-1.000000
TRINITY_DN145165_c2_g1_i3.p5	AVILFAGFCSSVSEKA	0.520000	0.656973	0.689167
TRINITY_DN145168_c5_g1_i1.p10	MTDALI	0.440000	0.296331	0.411667
TRINITY_DN145171_c1_g1_i4.p7	MAIKIDPPESDPYENFTETSI	0.260000	0.057856	0.172500
TRINITY_DN145172_c5_g1_i3.p13	ADENI	0.270000	0.207091	0.379167
TRINITY_DN145174_c0_g1_i1.p3	KVSETEMNRQALPGKGGMAV	0.900000	0.134163	0.199167
TRINITY_DN145190_c3_g1_i9.p5	VIYLSRMSPYKL	0.650000	0.073548	0.456667
TRINITY_DN145190_c4_g1_i1.p10	MLPGL	0.320000	0.561284	0.543333
TRINITY_DN145196_c4_g1_i1.p3	MWTGVSQKRIATGNILLSIDNS	0.400000	0.066785	0.210833
TRINITY_DN145196_c4_g1_i3.p3	MWTGVSQKRIATGNILLSIDNS	0.400000	0.066785	0.210833
TRINITY_DN145209_c1_g1_i7.p9	MTPKK	0.510000	0.811619	0.591667
TRINITY_DN145216_c2_g1_i2.p8	MSLKSSCSEAFDKVAQ	0.070000	0.508006	0.341667
TRINITY_DN145220_c3_g1_i7.p3	SILHYPFTIKEVSVIYLSRMSPYKL	0.820000	0.021449	0.407500
TRINITY_DN145220_c3_g1_i8.p7	MDNEEWIIPN	0.150000	0.147877	0.280000
TRINITY_DN145227_c2_g1_i1.p11	MGDHAA	0.460000	0.303370	0.462500
TRINITY_DN145227_c2_g1_i3.p8	MGDHAAL	0.480000	0.271519	0.465000
TRINITY_DN145227_c3_g1_i1.p3	KVRASQSTVTANGSRG	0.950000	0.194742	0.380000
TRINITY_DN145228_c1_g1_i7.p6	MIAPFVGA	0.590000	0.622226	0.495000
TRINITY_DN145229_c6_g2_i1.p1	FGSCHRAHCSTAGVTEYVKDTAVGYLMEKEIKYLGNAVNDPVRPFTAILGGAKVADKLNVISNLLEKVDTLIIGGGMADTFIKA	0.430000	-1.000000	-1.000000
TRINITY_DN145230_c4_g10_i1.p1	MKEVSSHELSSTTQFNKYRERKGSDAPLIFEIVILALSRKEASPVESTDSQFSSSAARDRS	0.020000	-1.000000	-1.000000
TRINITY_DN145232_c3_g1_i1.p3	KGSFQCTKKFIPLPIVLNRFKGESSMKRPVQTEK	0.970000	-1.000000	-1.000000
TRINITY_DN145245_c6_g1_i2.p2	LNKRATDLYFIVAPVKILYPRDDTSLSVK	0.920000	0.108085	0.307500
TRINITY_DN145245_c6_g1_i5.p2	LNKRATDLYFIVAPVKILYPRDDTSLSVK	0.920000	0.108085	0.307500
TRINITY_DN145247_c4_g1_i5.p5	VDMEPAQFGQTVGIR	0.720000	0.195119	0.108333
TRINITY_DN145252_c3_g1_i1.p1	EERNRAEMHRTYGMWYKEGATASDLVSWCDARIAVYSDWIKNCTELKHSSQAQLLSGMSKEALEAALAALNAQ	0.500000	-1.000000	-1.000000
TRINITY_DN145252_c3_g1_i3.p4	MSKEALEAALAALNAQ	0.180000	0.233702	0.342500
TRINITY_DN145261_c35_g1_i1.p6	MISFGNDEELGIFRGHIT	0.190000	0.072801	0.205000
TRINITY_DN145261_c61_g1_i1.p6	MVDMEPAQYAQTVGVR	0.190000	0.156519	0.100833
TRINITY_DN145261_c61_g1_i2.p6	MLKTGSFLLCFYTGETSRLW	0.260000	0.314464	0.439167
TRINITY_DN145261_c61_g1_i4.p3	MLKTGSVFVFLYGGNIPFVVSL	0.620000	0.380806	0.518333
TRINITY_DN145261_c61_g2_i1.p2	LRSKIEAETREVQQKLKRELLPLTLRRKERRPMVDMEPAQQGQAVGVR	0.760000	-1.000000	-1.000000
TRINITY_DN145264_c2_g1_i1.p4	TYFFGVISLFSLGFLIFGVNVS	0.750000	0.602796	0.581667
TRINITY_DN145272_c4_g1_i1.p12	MIKIM	0.720000	0.834994	0.620833
TRINITY_DN145287_c5_g1_i1.p10	RGKGEKVG	0.320000	0.460361	0.665000
TRINITY_DN145289_c1_g1_i1.p7	MGGYAAL	0.450000	0.739810	0.550000
TRINITY_DN145289_c1_g1_i4.p5	RWENEWNIRRRCGFDRSEESPGLTELGIC	0.780000	0.806961	0.479167
TRINITY_DN145290_c2_g1_i1.p7	MGDHAAL	0.480000	0.271519	0.465000
TRINITY_DN145290_c2_g1_i6.p6	MGDNAAL	0.520000	0.514750	0.448333
TRINITY_DN145291_c1_g1_i10.p4	FLERPMNKGR	0.710000	0.371548	0.320833
TRINITY_DN145291_c1_g1_i13.p4	RPMNKGR	0.560000	0.428640	0.475000
TRINITY_DN145291_c1_g1_i22.p5	TPLGYVNT	0.650000	0.284280	0.411667
TRINITY_DN145292_c1_g1_i1.p9	MELFK	0.510000	0.827256	0.520000
TRINITY_DN145292_c1_g1_i18.p6	MKFISVIRIPHSNG	0.160000	0.453785	0.487500
TRINITY_DN145295_c7_g1_i3.p6	SYFYSKQNDKPGYVVGQSSI	0.820000	0.055041	0.330000
TRINITY_DN145295_c7_g1_i8.p7	SYFYSKQNDKPGYVVGQSSI	0.820000	0.055041	0.330000
TRINITY_DN145297_c11_g1_i1.p3	AWKHFARNTILGASVERGSELQ	0.820000	0.171558	0.290833
TRINITY_DN145300_c5_g1_i3.p9	MKRPVQNEK	0.680000	0.447755	0.320000
TRINITY_DN145300_c5_g1_i6.p2	MWYYEIHLCDSYPELQQLRKGSFQSTKKFIPLPIVLHRFNGESSMKRPVQNEK	0.030000	-1.000000	-1.000000
TRINITY_DN145304_c3_g1_i2.p5	LHRFKGEASMKRPVQTEK	0.650000	0.119150	0.270000
TRINITY_DN145305_c1_g1_i2.p4	MIPMKVSFVRRTLLE	0.220000	0.017788	0.356667
TRINITY_DN145323_c2_g1_i1.p7	MGSTPIASTKV	0.570000	0.186952	0.505833
TRINITY_DN145325_c7_g1_i1.p5	MTPKK	0.510000	0.811619	0.591667
TRINITY_DN145330_c0_g1_i15.p2	SSDLRLKKAVSLEAGFCSSVSEKA	0.560000	0.356716	0.431667
TRINITY_DN145330_c0_g1_i6.p7	MTDTSLMENG	0.390000	0.122320	0.280000
TRINITY_DN145334_c2_g1_i4.p3	DINHESRTDDVMKLRIT	0.440000	0.007911	0.228333
TRINITY_DN145343_c4_g1_i1.p2	EEDALLHLPFCNDKSIFWWFIHFSLHPFKALTLS	0.470000	-1.000000	-1.000000
TRINITY_DN145347_c5_g1_i1.p5	MIKIGRAYD	0.550000	0.439244	0.339167
TRINITY_DN145348_c3_g1_i1.p9	MTPKK	0.510000	0.811619	0.591667
TRINITY_DN145355_c1_g1_i3.p5	MKLLKAFGCLFLDAGGNV	0.040000	0.698172	0.677500
TRINITY_DN145360_c4_g1_i1.p12	MKPHQ	0.480000	0.503536	0.387500
TRINITY_DN145366_c17_g1_i3.p1	DNEKSQALLANETRYSRLTRAFPERAKQLFARNEQVANDRYEHLTRLVELYK	0.880000	-1.000000	-1.000000
TRINITY_DN145367_c3_g1_i1.p12	TNKEKQLK	0.290000	0.562604	0.428333
TRINITY_DN145373_c0_g1_i1.p4	AGGGNSNDSATELYVQFCGKGGMAV	0.140000	0.552468	0.270000
TRINITY_DN145373_c0_g1_i2.p5	TYKHLKKKDDKPGYGVG	0.800000	0.608472	0.445000
TRINITY_DN145376_c1_g1_i5.p5	FDLKQKGARPMVDMEPAQFGQTVGIR	0.870000	0.088761	0.255000
TRINITY_DN145376_c1_g1_i7.p7	MAIQIDPPESVPYENFTETCI	0.360000	0.119250	0.115000
TRINITY_DN145389_c1_g1_i12.p8	MKKAFVRSIVFE	0.410000	0.544220	0.557500
TRINITY_DN145391_c5_g1_i4.p4	MKRPVQTEK	0.640000	0.331208	0.311667
TRINITY_DN145391_c5_g1_i6.p8	MKRPEQTEK	0.550000	0.330224	0.255833
TRINITY_DN145391_c5_g1_i8.p6	MKRPVQTEK	0.640000	0.331208	0.311667
TRINITY_DN145391_c5_g1_i9.p5	MKRPEQTEK	0.550000	0.330224	0.255833
TRINITY_DN145394_c1_g1_i1.p1	GRKAYVRSGAVSKGRPGPKRHKSGRNAQHSGCEQLIIIVVS	0.950000	-1.000000	-1.000000
TRINITY_DN145397_c5_g1_i1.p5	MSLKSSCSEAFDKAAQQNRG	0.180000	0.337651	0.283333
TRINITY_DN145401_c1_g1_i1.p3	KGESSMKRPVQTEK	0.580000	0.263469	0.246667
TRINITY_DN145401_c1_g1_i2.p7	MKRPVQTEK	0.640000	0.331208	0.311667
TRINITY_DN145403_c3_g1_i1.p6	MYHEATEAVSLSVGVLWREC	0.140000	0.006073	0.261667
TRINITY_DN145418_c1_g1_i2.p5	EGIGA	0.450000	0.631473	0.541667
TRINITY_DN145419_c1_g1_i2.p5	PFGYGKGEMVG	0.430000	0.502357	0.441667
TRINITY_DN145420_c0_g1_i4.p3	ENEWNIRRRGGFDRSEESPGLTEHGNC	0.560000	0.381259	0.311667
TRINITY_DN145420_c0_g1_i9.p4	ENEWNIRRRGGFDRSEESPGLTEHGNC	0.560000	0.381259	0.311667
TRINITY_DN145422_c2_g1_i12.p2	SFFGLYRTFHRRFSFETVKNDQQGNEFLSTLE	0.690000	-1.000000	-1.000000
TRINITY_DN145422_c2_g1_i16.p11	MKRPVQPEK	0.680000	0.501067	0.373333
TRINITY_DN145429_c4_g2_i1.p7	TEIYRRLYAGKGGKAV	0.510000	0.455728	0.476667
TRINITY_DN145429_c4_g2_i2.p5	SATEIYRRLYAGKGGKAV	0.610000	0.475976	0.467500
TRINITY_DN145429_c4_g2_i3.p4	SATEIYRRLLAGKGGKAV	0.610000	0.592472	0.517500
TRINITY_DN145429_c4_g2_i4.p5	SATEIYRRLLAGKGGKAV	0.610000	0.592472	0.517500
TRINITY_DN145429_c4_g2_i5.p5	ENGPHPQSAFFSKGVSKK	0.250000	0.319039	0.505000
TRINITY_DN145433_c3_g1_i2.p3	MAGTSPQGEELNPAYRPAAFL	0.300000	0.109900	0.160000
TRINITY_DN145435_c1_g1_i3.p6	MKINCTFD	0.640000	0.648215	0.421667
TRINITY_DN145444_c0_g1_i1.p10	GKKEFYNCTK	0.620000	0.161475	0.510000
TRINITY_DN145447_c1_g1_i1.p4	MHVQFLIDALTLCGTKTGRTLV	0.240000	0.130084	0.261667
TRINITY_DN145457_c2_g1_i4.p3	KTKGITKNKKVKE	0.500000	0.269094	0.640000
TRINITY_DN145458_c3_g1_i15.p5	QKGARPMVDMEPAQFGQTVGIR	0.780000	0.178254	0.164167
TRINITY_DN145458_c4_g1_i1.p8	MKKAFVRSIVFE	0.410000	0.544220	0.557500
TRINITY_DN145462_c0_g1_i7.p7	MGDYAAL	0.430000	0.544540	0.382500
TRINITY_DN145462_c0_g1_i9.p9	MGDYAAL	0.430000	0.544540	0.382500
TRINITY_DN145463_c6_g1_i1.p5	MECGTEILKMNVILPQSVEVA	0.090000	0.001400	0.196667
TRINITY_DN145467_c1_g1_i7.p6	RPVQTEK	0.550000	0.158906	0.265833
TRINITY_DN145470_c2_g1_i4.p1	YHKKQSVCKPGSVLLILKKPN	0.760000	0.508482	0.577500
TRINITY_DN145472_c3_g1_i1.p1	ASDLVSWCDARIAVYREWIKNCTELKHSSQAQLLSGLSKEALEAALAALNAQYHLS	0.490000	-1.000000	-1.000000
TRINITY_DN145473_c2_g1_i1.p3	RVQIDPPKVIPMKKAFVRNVFFE	0.910000	0.366525	0.345833
TRINITY_DN145473_c2_g1_i6.p7	MKKAFVRNVFFE	0.410000	0.705125	0.525000
TRINITY_DN145475_c3_g1_i9.p9	MGDYADL	0.430000	0.481463	0.330000
TRINITY_DN145477_c0_g1_i4.p4	VDMEPAQFGQAVGIR	0.720000	0.226826	0.132500
TRINITY_DN145493_c5_g1_i1.p2	LVFYCDSPYILFFRILVLLKVMKINCTLD	0.790000	0.005067	0.395833
TRINITY_DN145502_c1_g1_i5.p5	QKGARPMVDMEPAQFGQTVGIR	0.780000	0.178254	0.164167
TRINITY_DN145504_c2_g1_i6.p7	MTVDYKGGEHSKPVI	0.130000	0.455387	0.395000
TRINITY_DN145505_c4_g1_i3.p6	MVAAAVLRDAGEESPGFKGQGAG	0.490000	0.046742	0.199167
TRINITY_DN145506_c2_g2_i9.p9	MGDYVAL	0.470000	0.595316	0.380000
TRINITY_DN145522_c2_g1_i1.p1	AENEMDRKPGSVLNYDLSRPAIADRFVP	0.660000	0.021118	0.162500
TRINITY_DN145537_c1_g1_i9.p6	IRRLGVYDRYEESPGLTEKGNC	0.910000	0.216479	0.259167
TRINITY_DN145540_c21_g1_i1.p6	MAGTSPQGEEQNPAYRPAAFL	0.300000	0.197542	0.179167
TRINITY_DN145547_c13_g2_i1.p5	MYHEATEAVSLSVGVLLREC	0.140000	0.002095	0.226667
TRINITY_DN145547_c13_g2_i4.p6	MTVMGDARMDGLSDAGSTM	0.200000	0.027632	0.165000
TRINITY_DN145547_c13_g2_i7.p12	MEGMSKE	0.660000	0.569408	0.455833
TRINITY_DN145547_c6_g1_i1.p3	MPRGGWPRKKPQKIVANDENYALAA	0.320000	0.147042	0.307500
TRINITY_DN145548_c0_g2_i1.p9	MNASD	0.350000	0.665812	0.410833
TRINITY_DN145548_c1_g1_i5.p4	MIPMKVSFVRRALYE	0.220000	0.067239	0.304167
TRINITY_DN145551_c2_g2_i1.p12	MTPKK	0.510000	0.811619	0.591667
TRINITY_DN145558_c2_g1_i3.p4	ARFVQEESPGTIEHPTS	0.750000	0.012356	0.172500
TRINITY_DN145564_c4_g2_i1.p10	MVTANGSRG	0.660000	0.128770	0.323333
TRINITY_DN145565_c2_g1_i1.p5	YLRVQAIYNIPAEPRRSSG	0.570000	0.442460	0.268333
TRINITY_DN145567_c1_g1_i9.p5	RGKGEKVG	0.320000	0.460361	0.665000
TRINITY_DN145571_c1_g1_i8.p6	MGEYAAL	0.420000	0.579176	0.429167
TRINITY_DN145572_c4_g1_i1.p7	CKQADKPGYVVE	0.720000	0.336737	0.299167
TRINITY_DN145575_c0_g1_i3.p4	MKRPVQTEN	0.640000	0.191183	0.205833
TRINITY_DN145577_c2_g1_i1.p8	PNEESFCTERLI	0.200000	0.223682	0.228333
TRINITY_DN145578_c17_g4_i1.p12	MKIDVQY	0.670000	0.251018	0.244167
TRINITY_DN145581_c18_g6_i2.p6	RAHQRMGDYVAL	0.480000	0.093159	0.210000
TRINITY_DN145586_c1_g1_i1.p2	GEHYLNSKKEFYQCTK	0.690000	0.114453	0.309167
TRINITY_DN145588_c7_g1_i3.p3	MALALPLHVKSGKDKHVESL	0.150000	0.550800	0.547500
TRINITY_DN145588_c7_g7_i1.p7	AGGVDMDLTAGWNGT	0.350000	0.200357	0.351667
TRINITY_DN145589_c0_g1_i5.p8	MGSTPIASTN	0.620000	0.239254	0.397500
TRINITY_DN145595_c1_g1_i27.p4	MKRPVQTEK	0.640000	0.331208	0.311667
TRINITY_DN145601_c1_g1_i10.p9	MIRPVQTEK	0.530000	0.121805	0.235000
TRINITY_DN145605_c0_g1_i8.p7	KETAAAML	0.510000	0.325880	0.455833
TRINITY_DN145615_c4_g1_i1.p6	MALVLPLLENLGKDKHVESL	0.170000	0.253844	0.415000
TRINITY_DN145617_c0_g1_i12.p3	MTFGLISNIGYYALDNNNFVLHWTYLRS	0.040000	0.000790	0.218333
TRINITY_DN145617_c0_g1_i14.p1	MPFGLISNFGYYALNNNNFVLHWTYLRS	0.060000	0.001867	0.333333
TRINITY_DN145623_c1_g1_i5.p5	MKLYFPVQPQADGVLLRNFLRRCAVSTELARAVKFHGSGFFADGQPILANRRLAAGQILSFELPADGEGVAPQPEIPVQVVHEDAFAHLLEQPP	0.000000	-1.000000	-1.000000
TRINITY_DN145625_c0_g1_i2.p5	KVKEIAHQRYGDISAM	0.870000	0.129935	0.293333
TRINITY_DN145637_c3_g1_i1.p8	TKMSQT	0.440000	0.464987	0.365833
TRINITY_DN145645_c0_g1_i14.p9	MLEI	0.580000	-1.000000	-1.000000
TRINITY_DN145645_c0_g1_i6.p10	IKVN	0.570000	-1.000000	-1.000000
TRINITY_DN145652_c3_g1_i1.p9	MMVKNPG	0.620000	0.562913	0.498333
TRINITY_DN145655_c4_g1_i2.p3	MIKKVGVVDKPEAIIRYKKIQHLLTY	0.100000	0.098050	0.281667
TRINITY_DN145673_c1_g1_i3.p9	MGDYVAL	0.470000	0.595316	0.380000
TRINITY_DN145694_c4_g1_i4.p7	EKQSAYKPSSVP	0.520000	0.369961	0.405833
TRINITY_DN145700_c5_g7_i1.p7	GHQPHGDMSGCTS	0.640000	0.199654	0.260000
TRINITY_DN145700_c5_g7_i2.p11	MTGT	0.490000	-1.000000	-1.000000
TRINITY_DN145708_c0_g1_i3.p7	MGDYAAL	0.430000	0.544540	0.382500
TRINITY_DN145714_c3_g1_i5.p2	RLDTYFFGVISLFSLGFLIFGVNVS	0.940000	0.074304	0.330000
TRINITY_DN145717_c0_g1_i3.p4	MDQGVCYRIQEGTCRSKTGGK	0.120000	0.497051	0.409167
TRINITY_DN145718_c6_g1_i2.p6	MGRGGTPVL	0.440000	0.096170	0.342500
TRINITY_DN145726_c3_g1_i1.p7	KAFVRRIVFE	0.790000	0.231130	0.583333
TRINITY_DN145733_c3_g1_i1.p5	LTRARLPARLDLLRFV	0.800000	0.466882	0.406667
TRINITY_DN145735_c4_g1_i1.p7	TVQLGS	0.730000	0.263706	0.491667
TRINITY_DN145741_c0_g1_i1.p6	KQKGARPMVDMEPAQFGQTVGIR	0.750000	0.287906	0.248333
TRINITY_DN145741_c0_g1_i2.p5	KQKGARPMVDMEPAQQGQAVGVR	0.750000	0.363809	0.276667
TRINITY_DN145744_c0_g1_i1.p6	TDKIHSQVLAA	0.560000	0.110087	0.350000
TRINITY_DN145750_c5_g1_i1.p4	MALVLPLHEKSGKDKHVESL	0.200000	0.547559	0.460000
TRINITY_DN145752_c9_g3_i1.p7	MAAVSLKSPAA	0.490000	0.639281	0.543333
TRINITY_DN145755_c3_g1_i6.p7	MGDYASL	0.430000	0.574361	0.379167
TRINITY_DN145768_c0_g1_i4.p4	MKLLKAFGCLFLDAGGNV	0.040000	0.698172	0.677500
TRINITY_DN145772_c1_g1_i3.p3	ENEWNIRRRGGFDRSEESPGLTEHGNC	0.560000	0.381259	0.311667
TRINITY_DN145774_c5_g2_i5.p9	ISHDFESYTDAPV	0.730000	0.043104	0.178333
TRINITY_DN145777_c2_g1_i4.p8	MGDHAAL	0.480000	0.271519	0.465000
TRINITY_DN145786_c1_g1_i4.p7	MGENEAL	0.490000	0.529461	0.400000
TRINITY_DN145797_c2_g1_i2.p9	MGDHAAL	0.480000	0.271519	0.465000
TRINITY_DN145797_c2_g1_i3.p8	MGDYAA	0.420000	0.685725	0.388333
TRINITY_DN145801_c2_g2_i2.p3	ITSGGGDSKASATEIYRRLMAGKGGKAV	0.870000	0.147582	0.357500
TRINITY_DN145803_c5_g1_i4.p6	LRGGFDLSEERPVLTQHGNC	0.810000	0.256472	0.165833
TRINITY_DN145804_c2_g1_i1.p2	MAGHILRDSFKPVDYKEGERSNLVLSEFHHFVDAAF	0.070000	-1.000000	-1.000000
TRINITY_DN145811_c0_g1_i11.p1	TPFSREQNIFIERDEKSSIEEWKKREKEDVLKMRDFRKERKPEIKINTKEVRKKTF	0.450000	-1.000000	-1.000000
TRINITY_DN145815_c4_g1_i1.p7	ISDLKSRTDDVMKL	0.760000	0.064740	0.274167
TRINITY_DN145821_c4_g1_i2.p5	ETREEQQKLKRELVPLT	0.530000	0.321061	0.347500
TRINITY_DN145826_c0_g1_i8.p1	KTSRTRRLQALVRLDTDFFGVISLCSLGFLIFGVNVS	0.820000	-1.000000	-1.000000
TRINITY_DN145826_c7_g1_i1.p6	MECGTEIRKMNF	0.280000	0.434622	0.295833
TRINITY_DN145839_c0_g1_i20.p2	RKLRSSMAGHNLRDSFKPVDYKEGERSNLVLSEFHHIVDAAFY	0.740000	-1.000000	-1.000000
TRINITY_DN145841_c0_g1_i17.p8	MGDHAAL	0.480000	0.271519	0.465000
TRINITY_DN145841_c0_g1_i8.p4	ENEWNIRRRGGFDRSEESPGHTEHGNC	0.560000	0.368074	0.316667
TRINITY_DN145842_c0_g1_i1.p10	MGDHAAL	0.480000	0.271519	0.465000
TRINITY_DN145843_c6_g1_i1.p10	MQKKKTALFFRE	0.390000	0.589089	0.371667
TRINITY_DN145854_c3_g1_i2.p7	ETREVQQKLK	0.740000	0.564838	0.344167
TRINITY_DN145856_c3_g1_i1.p6	MGDDAAL	0.480000	0.381370	0.441667
TRINITY_DN145857_c2_g1_i5.p4	ENEWNIRRRGGFDRSEESQGLTEHGNC	0.560000	0.532435	0.340833
TRINITY_DN145983_c5_g3_i1.p9	IQKRYNKIKTKASQKDI	0.760000	0.382636	0.350833
TRINITY_DN146117_c4_g1_i1.p1	MEMPKQIHIAKAELGGYTVKLTEPML	0.090000	0.003380	0.270833
TRINITY_DN146136_c1_g1_i1.p7	MATANGSRG	0.690000	0.241327	0.365000
TRINITY_DN146943_c0_g1_i1.p7	RKQTDKPGYVVE	0.490000	0.114896	0.233333
TRINITY_DN147279_c1_g1_i1.p9	MKQP	0.520000	-1.000000	-1.000000
TRINITY_DN147329_c0_g1_i1.p6	AYATGL	0.460000	0.842873	0.513333
TRINITY_DN147836_c1_g1_i1.p4	KGVSKQKLPPLIEQNDKPGYVVEQSSI	0.910000	0.063643	0.327500
TRINITY_DN148666_c2_g1_i1.p4	ESATEMYRQVTGKGGKAV	0.190000	0.093599	0.224167
TRINITY_DN149812_c2_g1_i1.p8	GNIEHPTS	0.150000	0.088467	0.408333
TRINITY_DN151468_c5_g1_i1.p8	MKKAFVRSIVFE	0.410000	0.544220	0.557500
TRINITY_DN161081_c4_g1_i1.p4	FPRCYPLLHEFLPVRKA	0.760000	0.488110	0.490833
TRINITY_DN272079_c0_g1_i1.p3	GHTPSHSEQDSETPYRR	0.600000	0.102988	0.210833
TRINITY_DN28387_c0_g1_i1.p11	MAGNERTILTAMQ	0.340000	0.202145	0.225000
TRINITY_DN30312_c0_g1_i2.p8	SLSLPDF	0.580000	0.661028	0.420833
TRINITY_DN31831_c2_g1_i1.p1	MNMYIGNLSYNVRESDLRDVMEEFGTVDSVKLIIDRDTRRSKGFAFVEMPEDSEAQNAIRDLNGATYEGRQMVVKEALPRN	0.000000	-1.000000	-1.000000
TRINITY_DN32023_c2_g1_i2.p1	NFLRAGQYNIKKSNKEMMRLPGKAKQYVDQSMTSVQSAVSSLQQALGNAEKAENKAVIQQAITSLNGACGTLSKYKD	0.530000	-1.000000	-1.000000
TRINITY_DN32297_c1_g1_i1.p4	MSTASNKPNVLSPAFEIVF	0.210000	0.158130	0.383333
TRINITY_DN33165_c3_g1_i2.p1	GDLRGVMEEYGTVASVKLITDRETRRSKGFAFVEMPNDDEAKEAIKQLNGAEYVNRTMVVKEALPKA	0.400000	-1.000000	-1.000000
TRINITY_DN383600_c50_g1_i1.p6	MLYAARTFLSHLKDASDRPEHCFRH	0.480000	0.028566	0.317500
TRINITY_DN383657_c1_g2_i1.p7	MKRPVQTEK	0.640000	0.331208	0.311667
TRINITY_DN383713_c2_g1_i1.p8	MGSTPIASTND	0.530000	0.124714	0.285000
TRINITY_DN383839_c3_g1_i1.p7	MTMFSKHKADDSKKD	0.300000	0.323855	0.421667
TRINITY_DN383880_c0_g1_i1.p3	NQRSTAEAQMRANPADFKQKGARPMVDMEPAQFGQTVGIR	0.640000	-1.000000	-1.000000
TRINITY_DN383896_c2_g1_i1.p2	AEAQERATPADLKQKGARPMVDMEPAQFGQAVGIR	0.320000	-1.000000	-1.000000
TRINITY_DN384726_c3_g1_i1.p3	TQHLNGLKLCGPAGTHEATNALA	0.780000	0.587547	0.440000
TRINITY_DN384881_c0_g2_i2.p6	PSIIEQDS	0.470000	0.319295	0.272500
TRINITY_DN385865_c1_g1_i1.p3	DLKQKGARPMVDMEPAQQGQAVGIR	0.570000	0.071733	0.250000
TRINITY_DN391824_c1_g1_i1.p3	FPILHIKSRTDDVMKTPS	0.750000	0.082947	0.314167
TRINITY_DN391927_c1_g4_i1.p2	MDSESEGKPEVNTKEKWMENQNGNVKIWFQSNRTQKRTDSGGRVQGLKTKYTK	0.010000	-1.000000	-1.000000
TRINITY_DN393743_c0_g1_i1.p7	MLAVD	0.270000	0.352216	0.442500
TRINITY_DN39610_c0_g1_i1.p2	MGNMIPPLQTKYRKKYRAPSVPQQTGRGV	0.020000	0.222100	0.292500
TRINITY_DN398709_c0_g1_i1.p1	MKKGKGDSSGNINKHHHQYESDRNRISCKKDLIQITYDTP	0.040000	-1.000000	-1.000000
TRINITY_DN54098_c1_g1_i1.p5	DEVVSVVELPFVSGVEVWVLRNKTL	0.330000	0.047345	0.283333
TRINITY_DN60060_c0_g9_i1.p12	AGNKKQERKK	0.580000	0.400393	0.426667
TRINITY_DN609935_c12_g1_i1.p5	RLRYDTPVRGDQAIACQQWYEESPSTTGQDAG	0.800000	-1.000000	-1.000000
TRINITY_DN610131_c0_g2_i1.p5	DRPEA	0.360000	0.154242	0.275000
TRINITY_DN610131_c0_g2_i2.p9	MDIEQKMK	0.670000	0.588133	0.341667
TRINITY_DN610163_c2_g1_i1.p2	MFETPCYFEPTFLNLGN	0.280000	0.262061	0.306667
TRINITY_DN610386_c1_g1_i1.p2	MTGLMIIAAVVVAMAVAMGSKKNNGKFLGSSTSMLFGNKNLNAGAAC	0.050000	-1.000000	-1.000000
TRINITY_DN610904_c6_g3_i1.p1	MSNLENANVKSAEERKRAEMHRTYGMWYKEGATASDLVSWCDARIAVYSEWIKNCTELKHSSQAQLLSGMSKEALEAALAALNAQ	0.000000	-1.000000	-1.000000
TRINITY_DN612115_c12_g1_i1.p2	MAGHILRDSFKPVDYKEGERSNLVLSEFHHIVDAAFMIKIGRAY	0.440000	-1.000000	-1.000000
TRINITY_DN612198_c2_g1_i1.p1	IYKRENHRIAKEKKIYITKDKNSEILQNTKDKIHELNTPDK	0.850000	-1.000000	-1.000000
TRINITY_DN612476_c4_g1_i1.p4	TEMNRQALPGKGGRAV	0.630000	0.175914	0.218333
TRINITY_DN612741_c0_g1_i1.p9	FAKGQTA	0.670000	0.379644	0.464167
TRINITY_DN613632_c0_g1_i1.p4	KWSRRFRRKGNGEESPGFTGQDAG	0.850000	0.065314	0.373333
TRINITY_DN613669_c2_g1_i1.p4	ADVCSSDLSKEKEMNN	0.280000	0.146774	0.311667
TRINITY_DN613669_c2_g1_i2.p4	ADVCSSDLSKEKEMNN	0.280000	0.146774	0.311667
TRINITY_DN614298_c0_g1_i1.p5	GDHAAL	0.300000	0.340608	0.510000
TRINITY_DN615414_c0_g1_i1.p9	MIKIGR	0.530000	0.612397	0.590833
TRINITY_DN618795_c1_g1_i1.p1	HRKKTAGDKEQTTPREADLPRRNVIRNLQRKQDTGGIS	0.560000	-1.000000	-1.000000
TRINITY_DN6818_c3_g1_i1.p7	MGSTPIASTN	0.620000	0.239254	0.397500
TRINITY_DN70273_c9_g3_i1.p5	ILKHLKKKDDKPGYVVG	0.750000	0.799408	0.597500
TRINITY_DN70273_c9_g4_i1.p4	LKHLKKKDDKPGYVVG	0.640000	0.777431	0.590000
TRINITY_DN71717_c3_g1_i1.p1	MNNNFNNMDDLFNQLMGNMGGFRSESRRYMINGREVTPEEFAIYRQTGKLPGNQGEAVNPTQQHGPKQDGILAKLGRNMTQE	0.020000	-1.000000	-1.000000
TRINITY_DN71929_c2_g1_i3.p1	MNRKLVPEAKDGLNKFKNEVANEMGVPFKDYNGELSSKQCGSVGGEMVKRMVEQYEKGIK	0.030000	-1.000000	-1.000000
TRINITY_DN71929_c2_g1_i4.p3	MKNSVKEHEMTVGDIPPNIL	0.020000	0.060649	0.282500
TRINITY_DN7230_c1_g2_i2.p9	MEKELIKK	0.610000	0.905774	0.540833
TRINITY_DN73469_c1_g1_i1.p5	SARLVTDGAHVNPIRSKTD	0.820000	0.014115	0.240000
TRINITY_DN7424_c0_g1_i1.p3	GDQSLGETPGPIPNPEAKA	0.170000	0.475810	0.194167
TRINITY_DN84234_c5_g1_i1.p1	MNLYIGNLSYNVKESDLRNVMEEYGTVASVKLITDRETRRSKGFAFIEMPDDTEANNAIKQLNGAEYVGRSMVVKEALPKN	0.000000	-1.000000	-1.000000
TRINITY_DN850865_c10_g1_i1.p3	MDEILEDKGMIGGPGPVIPRKPKAGISM	0.040000	0.076000	0.321667
TRINITY_DN851511_c0_g1_i1.p12	MLLAMGQ	0.610000	0.534578	0.423333
TRINITY_DN85531_c0_g1_i1.p5	LVEEQS	0.390000	0.551474	0.376667
TRINITY_DN85643_c0_g1_i1.p5	FFFFYPNNKRKRKKKTEREDGPPRT	0.700000	0.044323	0.355833
TRINITY_DN85648_c2_g1_i1.p1	MNLYIGNLNYNVKESDLRNVMEEYGAVASVKLITDRETRRSKGFAFIEMPDDTEAANAIKELNGAEYVGRPMVVKEALPKN	0.000000	-1.000000	-1.000000
TRINITY_DN86037_c4_g1_i1.p1	MNLYIGNLNYNVREGDLRGVMEEYGTVASVKLITDRETRRSKGFAFVEMPNDGEAKEAIKQLNGAEYVNRTMVVKEALPKA	0.000000	-1.000000	-1.000000
TRINITY_DN870186_c0_g1_i2.p4	AEGDLRESATENKPPQQCGKDETAR	0.640000	0.090587	0.224167
TRINITY_DN871885_c0_g1_i1.p6	MQVDLKLFVSM	0.310000	0.185481	0.380833
TRINITY_DN87866_c11_g1_i1.p8	MALGTGQAGRPGQRRA	0.220000	0.193545	0.373333
TRINITY_DN92149_c2_g3_i1.p6	MECGTEILKMNF	0.280000	0.613176	0.388333
TRINITY_DN96423_c4_g1_i1.p2	MRSEQILGNPKEKIFGVEILTAKEKPLKKNIFPKKENLQQGNGRETIFEISNESENKDHRSVKKENQ	0.000000	-1.000000	-1.000000
TRINITY_DN98570_c1_g1_i1.p3	MSTGIPEGTEAYTP	0.220000	0.199354	0.280833
