SeqID	Prediction_Class	Prediction_Probability	Sequence
TRINITY_DN102902_c0_g1_i1.p4	AMP	0.5812	MKKKFYKNNVGFIIF
TRINITY_DN1091132_c10_g1_i1.p3	AMP	0.9998	MNKLRMTGFECFAIFVIRRAKHAPKGAARH
TRINITY_DN112016_c3_g1_i2.p2	AMP	0.9788	MKTSLKIGGLVAAMMLAVSGASFAADQVSPYVHSADGQIVKSGFGLCWRTNFWTPALAEASGEGCQCDADVLPAEACQPKQA
TRINITY_DN129941_c0_g1_i1.p3	AMP	0.9994	MPVGRWKQRNSREATHLPSCAGCNWAHTALAGWPAAKAAGF
TRINITY_DN130289_c0_g1_i1.p1	AMP	0.5445	MIELIGTNAGLVWNALNEGGKMSVKAVKKATKIKAEKDMYAAFGWLAKEGKLAFENVEGELYVALV
TRINITY_DN131057_c0_g1_i1.p1	AMP	0.9994	EKCGGNFRYTEKGIKDCTNCMLPHKRKNYGYVTGKYQELADMMKRAKESISK
TRINITY_DN131149_c0_g2_i1.p2	AMP	0.9841	KKARNAGTAPTVGLASLGLVTALTPVPAHGTKPQA
TRINITY_DN131368_c0_g2_i2.p3	AMP	0.9346	MYKILKHGKNYI
TRINITY_DN131424_c0_g1_i4.p5	AMP<b>&nbsp;*</b>	0.6918	PLTMGK
TRINITY_DN131740_c0_g1_i1.p1	AMP	0.9988	MKSPLKNLKKYFQLIMTALICFVMGVIEDKKRICIKDTDSKKDRTVLRPDDKKNNRKNKIIYWNEPRIQNRINRAVYFNTG
TRINITY_DN133023_c1_g2_i1.p1	AMP	0.9942	MNNGKFFAGLALGALVGSALSCFAHSNRGRKLRRDVYDAIQDLQEDAKDLAHHAKHKAEQVSSEVAGKVGEKVEEVKGKIHEAANK
TRINITY_DN133276_c1_g1_i1.p5	AMP	0.9222	MWKQAKREKRQSCMSRKGKSIERKRVRPMATEPQQQKIRGALRLGSLK
TRINITY_DN133479_c0_g1_i1.p5	AMP	0.5429	IIILPFTKAYAFASF
TRINITY_DN134023_c3_g2_i2.p3	AMP	0.6825	MNCHQHQWRAVAAAIAKKQKKVRQIINGQLPAEEVVYVNVKKSINK
TRINITY_DN134023_c3_g2_i4.p10	AMP	0.6988	MRPKGKKECDK
TRINITY_DN134643_c0_g1_i1.p1	AMP	0.9998	RRKKIIYKISITMNELLKNLGVIVLLIGVIILAVPAINGGLSNTILLTGLGVIILGYIGHIVINKRLG
TRINITY_DN135288_c5_g1_i3.p1	AMP	0.9978	MANHKSSIKRIRQTNAKRLHNRYYAKTARNAMRVLRATEDKNEAQVLFPKVCSMLDKLAKKHIIHKNKAGNLKSKLAKHVNTLAK
TRINITY_DN135313_c0_g1_i2.p3	AMP	0.9196	FNPRTALRKYATGVTPTASSAQVALRHTGVSA
TRINITY_DN135567_c0_g3_i1.p8	AMP<b>&nbsp;*</b>	0.5679	KSGFGI
TRINITY_DN135950_c1_g2_i1.p1	AMP	0.9998	MFLYTSSNSLNYCGIFILNMFCKCFLFYTGYLFFSDLSFLFNLLTGFF
TRINITY_DN136118_c0_g1_i1.p1	AMP	0.98	MKRTNDTIEMLQYQLRRYKAMRKGAACQSLQYKLQKLMSQQANA
TRINITY_DN136312_c3_g1_i18.p3	AMP	0.9915	LGCAMTLPMQQGTVCNVGGHALPALRRGGELFAIP
TRINITY_DN136380_c1_g1_i3.p2	AMP	0.9648	MNMCGGNSGAPNGMCGDMGNLGNMMGGGNPLGNMMGGNANPMNNNPAGGAVPNGGMAQNPTGGNAMNGNPLQNMLLQSLFSGGNNGAMNMCGNSGGKMC
TRINITY_DN136603_c6_g1_i2.p1	AMP	0.9637	MANHKSSLKRIRQEEKRRLHNRYYAKTMRNTVKKLRATTDKAEAVAMYPGVQKMLDKLAKTNIIHKNKAANLKSKLAAYISKLA
TRINITY_DN136668_c3_g2_i2.p10	AMP	0.5866	MPALYCFVIM
TRINITY_DN137100_c3_g8_i2.p1	AMP	0.9772	GDPSSVEFCHKIGLNYVSCSPFRVPIARLAAAQAAIAEKNA
TRINITY_DN137133_c9_g1_i1.p11	AMP	0.8198	MGLTPFLLSTSA
TRINITY_DN137346_c3_g7_i1.p6	AMP	0.7109	MPSLWNGRQRFYLRLPT
TRINITY_DN137631_c5_g1_i2.p3	AMP	0.9657	PIPKKTYIFVTRFLPISVMKQAKAVFIPSWSK
TRINITY_DN138131_c3_g1_i8.p3	AMP	0.9732	MEMTGAKAYLVNTGWNGSGKRISIKDTRGIIDAILDGSIDKAPTKVIPFFDFVVP
TRINITY_DN138200_c2_g1_i1.p2	AMP	0.9984	MRIITSYCWKIIYKSGMRVRVLTNNSARFIGGCQTSTGTCTTRGYKFGPEVWMVFRTPDQRTLADSPEPGKP
TRINITY_DN138312_c4_g6_i3.p2	AMP	0.7136	KKEHLKHKTETIMKKYVCTVCGWVYDPAEGDPEGGIAPGTAFEDIPDDWVCPLCGVGKDDFEVQED
TRINITY_DN138484_c2_g1_i1.p2	AMP	0.9985	RMPNIKSHKDRVVQAAAEQAHNKAIKPNLKTVVKKADAAIDANAADKDATVLAAVSAIDKARAKGVIKKNTASRKISRMAKRANKNA
TRINITY_DN138509_c3_g4_i1.p5	AMP	0.6346	MKKLPNFVKWLIIAVVLAAMAAMMVAVNDRASRVEMPMPDNSLGIYRQTPATGK
TRINITY_DN138681_c7_g1_i1.p3	AMP	0.9985	GCGGRNSGRRRLTAIKRAPYKLKNNNETVLLAA
TRINITY_DN139116_c3_g1_i4.p2	AMP	0.9865	MENIMMLPASYCVMNEEEMTYTTGGASAIQAIAAWVFPPYAWLAGVTAIRDYRKKNPNTWTQDGLDYFANDMGKSVSNFLYDLACASWVLGTSATG
TRINITY_DN139333_c4_g6_i1.p1	AMP	0.9551	MKCKDSNFWIGLGIGSVAGALAYHFSRTEKAKKLEDAICRAIHKANGEAKEFINTAEEEALHVGTKVADKMAHEAHEAAEKADNLKNKVHNFADAKK
TRINITY_DN139515_c1_g1_i3.p2	AMP	0.9995	FPRSGRVNPFRTCTKWQVGRFHAVYLLPTSNAPQRGPGGLQAKL
TRINITY_DN139539_c6_g2_i2.p10	AMP<b>&nbsp;*</b>	0.5355	LYVIKL
TRINITY_DN139562_c3_g1_i1.p6	AMP	0.8473	AGWTAARMGRKAHL
TRINITY_DN139632_c5_g5_i1.p4	AMP<b>&nbsp;*</b>	0.7378	ALRKWR
TRINITY_DN139632_c5_g5_i2.p6	AMP<b>&nbsp;*</b>	0.7378	ALRKWR
TRINITY_DN139720_c6_g2_i1.p4	AMP	0.8825	KAPKKVLLNI
TRINITY_DN140061_c3_g1_i4.p6	AMP	0.9986	IENGDSPIVIQSILDGVLPKLIPLALTLGLFFLMKKKNWKPVTCIALLLVIGLVGAFFGIFA
TRINITY_DN140335_c2_g3_i2.p9	AMP<b>&nbsp;*</b>	0.6268	MLGSR
TRINITY_DN140335_c3_g1_i1.p5	AMP<b>&nbsp;*</b>	0.7451	MPFPFF
TRINITY_DN140466_c1_g1_i9.p3	AMP	0.9815	MFEDKTLVCKDCGKEFVWTAGEQEFYASRGFENQPQRCKPCRDARKNGVRGGNNGGDRQMFDAVCAACGKAC
TRINITY_DN140499_c1_g2_i2.p7	AMP	0.9082	MLDVLTIKLCLLSKPVTP
TRINITY_DN140607_c1_g1_i1.p8	AMP	0.6653	PHFFWGATGFDMVRLK
TRINITY_DN140714_c1_g2_i12.p3	AMP	0.9999	WYNDQVEECTVYVSLSEVSTYSPPSEGFGSRFVSALSAGWQNFVGGLQQVIVALAGAWPVVVIAAAACAGFVVWKKKKK
TRINITY_DN140720_c2_g2_i2.p7	AMP	0.9528	MGAAKTAPFIICT
TRINITY_DN140755_c12_g6_i2.p2	AMP	0.6392	MAKNTQPIAKRCKALGISPAVMGYAKKNTTRNSNGNMRKKQSEYATQLKEKQKVKFIYGVLEKQFHNAYLK
TRINITY_DN140874_c2_g1_i5.p1	AMP	0.9808	SAPVTTSFRLRTLRACEKNIGGLTMYYYILGCGIACLILFGIDSMETVCVKPAEMVGKVLLWPVTLMEAVVRYNSTHHDFKAAL
TRINITY_DN140874_c2_g1_i6.p1	AMP	0.9991	RACEKNIGGLTMYYYILGCGIACLVLFGIYSMETVCVKPAEMVGKVLLWPVTLMEAVVRYSSTHHNFKAAL
TRINITY_DN141022_c2_g2_i1.p1	AMP	0.9968	GKGAVCIYRWSCSFRQCARGAKNSFASPDAQSGKGGCFMTFEQVVLLLTLLGGAIYATFEITWKISNGKKK
TRINITY_DN141081_c6_g5_i5.p2	AMP	0.984	GNGVDGSHVRVGICYMSGSGIAIHGLLCSRHFSSSIQNLVPSARGKRLFTGAGELL
TRINITY_DN141334_c2_g2_i9.p2	AMP	0.9996	MAHKVSDACVGCGACEGACPVGAVAVEGGVAVVNADACIDCGACEGACPTGAITAE
TRINITY_DN141358_c25_g1_i1.p7	AMP	0.736	MDLSACVKVITFPFNGLDTGFMTAAPCTTSCATDLTTVEVHIT
TRINITY_DN141358_c25_g1_i2.p3	AMP	0.9984	MDLSACVKVITFPFNGLDTGFMTAAPCTTSCA
TRINITY_DN141456_c1_g2_i1.p7	AMP<b>&nbsp;*</b>	0.5689	MTGGKA
TRINITY_DN141567_c4_g1_i3.p5	AMP	0.6157	MLTNHFYPLSKPVIP
TRINITY_DN141713_c1_g2_i1.p1	AMP	0.8091	MADRRPKLFRRSASGKKAMRLETIFAKEDTESSGCLGKLLGCRNWMNRGLQCGLSGNPVTTKQYKSLMGNRFFGDD
TRINITY_DN141713_c1_g2_i3.p1	AMP	0.8091	MADRRPKLFRRSASGKKAMRLETIFAKEDTESSGCLGKLLGCRNWMNRGLQCGLSGNPVTTKQYKSLMGNRFFGDD
TRINITY_DN141840_c6_g1_i2.p2	AMP	0.9998	MPNIKSQKDRVVQAAAEQAHNKAIKTNLKTVVKKADAAIDAKAADKDATVLAAVSAIDKARAKGVIKKNTASRKISRMAKRANKNA
TRINITY_DN141869_c2_g1_i3.p2	AMP	0.7955	GIVVLIAGHTSFAGVCMADPTAWIAALIPLIPYYFHVMKKYKNKSQVQAVED
TRINITY_DN141948_c0_g1_i1.p8	AMP<b>&nbsp;*</b>	0.559	MFSM
TRINITY_DN142033_c3_g2_i1.p10	AMP	0.991	MCGRISVVVCLPPKKRIVLPL
TRINITY_DN142116_c1_g1_i3.p1	AMP	0.8603	MTKADIVNEITKNTGIDKVTVLTTLEAFMDTVKDSLSKEENVYLRGFGSFVVKKRAQKTARNISKNTTIIIPEHNIPAFKPAKTFTLSVKK
TRINITY_DN142175_c5_g7_i1.p2	AMP	0.8777	MGGTRPATHYFRYYCTTVSERLGTTATG
TRINITY_DN142193_c5_g2_i1.p11	AMP<b>&nbsp;*</b>	0.5796	MAAKL
TRINITY_DN142271_c2_g1_i8.p5	AMP	0.9878	YFGYGKHPGQLLPFALPAKWGMQCTRPAGGKMLPQQSAGQIQKGWLACLPMET
TRINITY_DN142299_c3_g1_i1.p4	AMP	0.9035	MTIISLPFKVNVGSK
TRINITY_DN142548_c3_g1_i1.p4	AMP	0.5992	FFAPCGEWSQTVGFLIQACGSLQHLLPKWTPNSDP
TRINITY_DN142562_c4_g9_i3.p6	AMP	0.9361	MFMPKLCRMNT
TRINITY_DN142590_c2_g1_i1.p3	AMP	0.842	MLMTGSLICFVIRGKHPVCGEPLFCFTANPDSLSELCGFHIDHRSSLLSA
TRINITY_DN142596_c3_g1_i2.p5	AMP<b>&nbsp;*</b>	0.731	MAYLAKK
TRINITY_DN142707_c1_g1_i1.p1	AMP	0.9331	MGTLEELRESRDREATEGLESKMAKPAGFVRKEAQVQWLISKIPFITGGPGPAESKRTSLTAAGITCKRYK
TRINITY_DN142823_c1_g1_i2.p2	AMP	0.5944	MGGRQWHGGVRPIFRGGMTALRHENLHGGTKAACSVACLERSWVDHGTTHGDQRLTEAAAIAV
TRINITY_DN142875_c3_g5_i1.p2	AMP	0.9976	MTNVALVALACGLIIGLGAIGACLGIAIMGAKYLESAARQPELMEPLQTKMFLLAGLIDAAFLIGVGIAMMFAFANPFVG
TRINITY_DN142945_c3_g4_i1.p3	AMP	0.994	IPCVPWQPKAVGRLAAAGFGRERKVRATQGIPLLNGK
TRINITY_DN143018_c44_g10_i2.p3	AMP	0.7637	MKFRFFLFGGVVTVIATDLLSS
TRINITY_DN143020_c3_g1_i1.p2	AMP	0.8714	GDAMVSTGVLKVGIAIRGPVNRVIKLEPFLKRNDKNNFALAA
TRINITY_DN143049_c3_g5_i1.p1	AMP	0.9972	MAKMKLKTHSGAKKRFKLTKNGKIKRGHAFRSHILTKKTTKLTRGYRQPSYVDKTNAATIKSMLPYA
TRINITY_DN143050_c3_g1_i3.p8	AMP<b>&nbsp;*</b>	0.7747	MICPTYFKN
TRINITY_DN143096_c2_g1_i1.p6	AMP	0.884	KKKKGVYLSYGKR
TRINITY_DN143099_c2_g1_i1.p4	AMP	0.738	IPCVPWQSQGIGGQIK
TRINITY_DN143140_c4_g1_i2.p4	AMP	0.9517	ASKTGDRGCNCRKAAGEESPGFAGQGAG
TRINITY_DN143149_c4_g1_i5.p4	AMP	0.6798	MWKGVSPKRIDTG
TRINITY_DN143156_c8_g1_i3.p1	AMP	0.7743	SFFQKTVNSTLGVMFGGNWGGDNGDKIFGDDGALKKNIYGDVNGDEMTFGNKVMRTLGMASVVYTLGTAPAKIGFNDAVSGITDAAGNLGV
TRINITY_DN143173_c7_g3_i1.p7	AMP	0.9704	MGAGAPRSTVGPAAPGVA
TRINITY_DN143191_c4_g1_i1.p6	AMP	0.8377	MRGHTGLMSSVKLSC
TRINITY_DN143227_c1_g1_i1.p10	AMP<b>&nbsp;*</b>	0.5699	MKVG
TRINITY_DN143335_c2_g2_i1.p7	AMP	0.5237	MIAGGRPKGAV
TRINITY_DN143469_c1_g1_i3.p5	AMP	0.5073	MTIQRHNPAYRLTRK
TRINITY_DN143640_c3_g2_i3.p8	AMP<b>&nbsp;*</b>	0.5802	MTPFIT
TRINITY_DN143647_c9_g1_i4.p7	AMP	0.5417	MGKQVAARLYVR
TRINITY_DN143683_c0_g2_i1.p14	AMP<b>&nbsp;*</b>	0.5286	MLKTGS
TRINITY_DN143775_c12_g5_i4.p7	AMP	0.9473	MANLKLNANNKLAYAA
TRINITY_DN143867_c72_g1_i1.p2	AMP	0.9976	LTGILPYICRTGDRGCRCRKTAGEESPGFIGQDAG
TRINITY_DN143867_c72_g1_i2.p2	AMP	0.9976	LTGILPYICRTGDRGCRCRKTAGEESPGFIGQDAG
TRINITY_DN143867_c72_g1_i3.p3	AMP	0.9976	LTGILPYICRTGDRGCRCRKTAGEESPGFIGQDAG
TRINITY_DN143876_c11_g4_i1.p9	AMP<b>&nbsp;*</b>	0.5689	MTGGKA
TRINITY_DN143910_c0_g2_i1.p10	AMP<b>&nbsp;*</b>	0.6225	GNSPLK
TRINITY_DN143926_c4_g2_i1.p6	AMP	0.8738	PAVRPVGGKTVYTGN
TRINITY_DN144001_c5_g1_i4.p2	AMP	0.6998	MWKYEIHLCDSYPALQQLIKGSFQCTKKFIPLLIVLHRFKGEASMKRPVQTEK
TRINITY_DN144025_c2_g1_i1.p16	AMP<b>&nbsp;*</b>	0.6807	SKGNPK
TRINITY_DN144057_c3_g1_i1.p8	AMP	0.5546	MTIQRHNPAYRFAH
TRINITY_DN144057_c3_g1_i6.p8	AMP	0.5546	MTIQRHNPAYRFAH
TRINITY_DN144095_c1_g1_i3.p13	AMP<b>&nbsp;*</b>	0.5051	MKAAGV
TRINITY_DN144097_c8_g2_i5.p1	AMP	0.9849	VAMIVTSLVGALFGFGFGASVLYCGIGLVVFMLLTAYDTQKLRQIYAYYAGDAELAEKASIYGALTLYLDFINIFLYVVRLLGMNSRSRNN
TRINITY_DN144231_c2_g2_i1.p2	AMP	0.9188	MQEGKQQGLGAIAGAAETYWGKNKGRSMEGGLVKATTIMGILFFVISVALNMLG
TRINITY_DN144236_c2_g1_i14.p5	AMP<b>&nbsp;*</b>	0.6729	MAFC
TRINITY_DN144236_c2_g1_i4.p5	AMP	0.9404	GKSGPKAQPLKSSRPVCR
TRINITY_DN144384_c5_g1_i3.p1	AMP	0.5075	MAGHILRDSFKPVDYKGDGHSNLVLSEFHHIVGTAFISRIDWIGKLFKLI
TRINITY_DN144422_c2_g1_i3.p8	AMP<b>&nbsp;*</b>	0.6142	FQVVIKL
TRINITY_DN144555_c1_g2_i3.p9	AMP<b>&nbsp;*</b>	0.5913	MTPKK
TRINITY_DN144616_c7_g3_i13.p6	AMP<b>&nbsp;*</b>	0.5441	MNRVRTGM
TRINITY_DN144616_c7_g3_i2.p6	AMP<b>&nbsp;*</b>	0.5441	MNRVRTGM
TRINITY_DN144616_c7_g3_i6.p5	AMP	0.9625	GDANPRLVSCGAALYKWR
TRINITY_DN144632_c9_g1_i1.p8	AMP	0.513	TGTICLRPRIKEKRL
TRINITY_DN144632_c9_g3_i1.p9	AMP	0.513	TGTICLRPRIKEKRL
TRINITY_DN144694_c1_g1_i3.p6	AMP	0.9158	GRTKAINRCLIL
TRINITY_DN144713_c3_g1_i4.p6	AMP	0.6349	MVGLIDRRRPGGILR
TRINITY_DN144746_c5_g1_i1.p8	AMP	0.8377	MRGHTGLMSSVKLSC
TRINITY_DN144771_c2_g7_i2.p1	AMP	0.9479	MGTLEELRESRDREATEGLESKMAKPAGFVRKEAQVQWLISKIPFITGGPGPAESKRTSLTAAGHYLKKI
TRINITY_DN144937_c0_g1_i11.p13	AMP<b>&nbsp;*</b>	0.5913	MTPKK
TRINITY_DN144963_c0_g2_i2.p7	AMP	0.6934	MWDTRIPKLCGV
TRINITY_DN145016_c4_g1_i1.p12	AMP<b>&nbsp;*</b>	0.5913	MTPKK
TRINITY_DN145016_c4_g1_i5.p11	AMP<b>&nbsp;*</b>	0.5913	MTPKK
TRINITY_DN145075_c9_g1_i1.p5	AMP<b>&nbsp;*</b>	0.8442	PVGKSAANL
TRINITY_DN145090_c0_g1_i3.p1	AMP	0.9581	FIGGGDGSRTHVRKEFSAGISGCRRSTTFHPRHAGRQANASVAS
TRINITY_DN145098_c6_g1_i1.p7	AMP	0.8002	RVGDFLYNLS
TRINITY_DN145099_c5_g3_i1.p9	AMP<b>&nbsp;*</b>	0.5157	MLLLNSF
TRINITY_DN145165_c2_g1_i3.p5	AMP	0.9934	AVILFAGFCSSVSEKA
TRINITY_DN145190_c4_g1_i1.p10	AMP<b>&nbsp;*</b>	0.6551	MLPGL
TRINITY_DN145209_c1_g1_i7.p9	AMP<b>&nbsp;*</b>	0.5913	MTPKK
TRINITY_DN145228_c1_g1_i7.p6	AMP<b>&nbsp;*</b>	0.5742	MIAPFVGA
TRINITY_DN145229_c6_g2_i1.p1	AMP	0.9842	FGSCHRAHCSTAGVTEYVKDTAVGYLMEKEIKYLGNAVNDPVRPFTAILGGAKVADKLNVISNLLEKVDTLIIGGGMADTFIKA
TRINITY_DN145264_c2_g1_i1.p4	AMP	0.752	TYFFGVISLFSLGFLIFGVNVS
TRINITY_DN145287_c5_g1_i1.p10	AMP<b>&nbsp;*</b>	0.587	RGKGEKVG
TRINITY_DN145291_c1_g1_i10.p4	AMP	0.5189	FLERPMNKGR
TRINITY_DN145291_c1_g1_i13.p4	AMP<b>&nbsp;*</b>	0.7147	RPMNKGR
TRINITY_DN145291_c1_g1_i22.p5	AMP<b>&nbsp;*</b>	0.6407	TPLGYVNT
TRINITY_DN145325_c7_g1_i1.p5	AMP<b>&nbsp;*</b>	0.5913	MTPKK
TRINITY_DN145348_c3_g1_i1.p9	AMP<b>&nbsp;*</b>	0.5913	MTPKK
TRINITY_DN145355_c1_g1_i3.p5	AMP	0.9845	MKLLKAFGCLFLDAGGNV
TRINITY_DN145394_c1_g1_i1.p1	AMP	0.8064	GRKAYVRSGAVSKGRPGPKRHKSGRNAQHSGCEQLIIIVVS
TRINITY_DN145419_c1_g1_i2.p5	AMP	0.6669	PFGYGKGEMVG
TRINITY_DN145429_c4_g2_i5.p5	AMP	0.6277	ENGPHPQSAFFSKGVSKK
TRINITY_DN145470_c2_g1_i4.p1	AMP	0.8317	YHKKQSVCKPGSVLLILKKPN
TRINITY_DN145547_c6_g1_i1.p3	AMP	0.8412	MPRGGWPRKKPQKIVANDENYALAA
TRINITY_DN145548_c1_g1_i5.p4	AMP	0.516	MIPMKVSFVRRALYE
TRINITY_DN145551_c2_g2_i1.p12	AMP<b>&nbsp;*</b>	0.5913	MTPKK
TRINITY_DN145567_c1_g1_i9.p5	AMP<b>&nbsp;*</b>	0.587	RGKGEKVG
TRINITY_DN145700_c5_g7_i2.p11	AMP<b>&nbsp;*</b>	0.5309	MTGT
TRINITY_DN145718_c6_g1_i2.p6	AMP<b>&nbsp;*</b>	0.5409	MGRGGTPVL
TRINITY_DN145768_c0_g1_i4.p4	AMP	0.9845	MKLLKAFGCLFLDAGGNV
TRINITY_DN161081_c4_g1_i1.p4	AMP	0.8677	FPRCYPLLHEFLPVRKA
TRINITY_DN383600_c50_g1_i1.p6	AMP	0.6903	MLYAARTFLSHLKDASDRPEHCFRH
TRINITY_DN610386_c1_g1_i1.p2	AMP	0.7741	MTGLMIIAAVVVAMAVAMGSKKNNGKFLGSSTSMLFGNKNLNAGAAC
TRINITY_DN615414_c0_g1_i1.p9	AMP<b>&nbsp;*</b>	0.5006	MIKIGR
TRINITY_DN85643_c0_g1_i1.p5	AMP	0.5982	FFFFYPNNKRKRKKKTEREDGPPRT
